tokenising file
Resolving data files: 100%|███████████████████████████████████████████████████████████████████████████████████████████| 27468/27468 [00:00<00:00, 30760.09it/s]
100%|███████████████████████████████████████████████████████████████████████████████████████████████████████████████████▉| 1.20G/1.20G [19:00<00:00, 350ktok/s]Finished tokenizing 1,200,000,190 tokens a
nd saved to /workspace/Transformer-decoder-from-scratch/fineweb-tokenised.bin
1.20Gtok [19:00, 1.05Mtok/s]
Total trainable parameters: 95,233,536
Training:
Batch 0 | Loss: 11.3252 | Perplexity: 82887.1536
Batch 10 | Loss: 10.0193 | Perplexity: 22456.0584
Batch 20 | Loss: 9.4830 | Perplexity: 13134.1276
Batch 30 | Loss: 9.2150 | Perplexity: 10046.2850
Batch 40 | Loss: 9.1004 | Perplexity: 8959.3025
Batch 50 | Loss: 8.8981 | Perplexity: 7318.2507
Batch 60 | Loss: 8.7396 | Perplexity: 6245.6841
Batch 70 | Loss: 8.5386 | Perplexity: 5107.9880
Batch 80 | Loss: 8.3470 | Perplexity: 4217.6907
Batch 90 | Loss: 8.1454 | Perplexity: 3447.6191
Batch 100 | Loss: 8.0246 | Perplexity: 3055.1350
Batch 110 | Loss: 7.8068 | Perplexity: 2457.3457
Batch 120 | Loss: 7.7386 | Perplexity: 2295.2125
Batch 130 | Loss: 7.5571 | Perplexity: 1914.3706
Batch 140 | Loss: 7.4830 | Perplexity: 1777.5372
Batch 150 | Loss: 7.3621 | Perplexity: 1575.1539
Batch 160 | Loss: 7.2711 | Perplexity: 1438.1254
Batch 170 | Loss: 7.2047 | Perplexity: 1345.7826
Batch 180 | Loss: 7.1829 | Perplexity: 1316.7689
Batch 190 | Loss: 7.0708 | Perplexity: 1177.1048
Batch 200 | Loss: 6.9940 | Perplexity: 1090.0819
Batch 210 | Loss: 6.9687 | Perplexity: 1062.8512
Epoch 0 | Loss: 7.0576 | Perplexity: 1161.6256
Batch 220 | Loss: 6.9080 | Perplexity: 1000.2276
Batch 230 | Loss: 6.8394 | Perplexity: 933.9414
Batch 240 | Loss: 6.8641 | Perplexity: 957.2793
Batch 250 | Loss: 6.8019 | Perplexity: 899.5994
Batch 260 | Loss: 6.7375 | Perplexity: 843.4199
^B^B^B^BBatch 270 | Loss: 6.7810 | Perplexity: 880.9376
Batch 280 | Loss: 6.6872 | Perplexity: 802.0971
Batch 290 | Loss: 6.6506 | Perplexity: 773.2216
Batch 300 | Loss: 6.5767 | Perplexity: 718.1300
Batch 310 | Loss: 6.5851 | Perplexity: 724.2436
Batch 320 | Loss: 6.5310 | Perplexity: 686.1119
Batch 330 | Loss: 6.5171 | Perplexity: 676.5881
Batch 340 | Loss: 6.4984 | Perplexity: 664.0464
Batch 350 | Loss: 6.4369 | Perplexity: 624.4460
Batch 360 | Loss: 6.3875 | Perplexity: 594.3437
Batch 370 | Loss: 6.4525 | Perplexity: 634.2551
Batch 380 | Loss: 6.4095 | Perplexity: 607.6064
Batch 390 | Loss: 6.3485 | Perplexity: 571.6598
Batch 400 | Loss: 6.2686 | Perplexity: 527.7129
Batch 410 | Loss: 6.3041 | Perplexity: 546.8332
Batch 420 | Loss: 6.3102 | Perplexity: 550.1721
Batch 430 | Loss: 6.2449 | Perplexity: 515.3815
Epoch 1 | Loss: 6.3441 | Perplexity: 569.1160
Batch 440 | Loss: 6.2337 | Perplexity: 509.6589
Batch 450 | Loss: 6.1913 | Perplexity: 488.5037
Batch 460 | Loss: 6.1901 | Perplexity: 487.8757
Batch 470 | Loss: 6.1476 | Perplexity: 467.5939
Batch 480 | Loss: 6.1653 | Perplexity: 475.9382
Batch 490 | Loss: 6.0971 | Perplexity: 444.5721
Batch 500 | Loss: 6.1047 | Perplexity: 447.9442
Batch 510 | Loss: 6.1096 | Perplexity: 450.1578
Batch 520 | Loss: 6.0698 | Perplexity: 432.5801
Batch 530 | Loss: 6.0376 | Perplexity: 418.8811
Batch 540 | Loss: 5.9737 | Perplexity: 392.9657
Batch 550 | Loss: 6.0057 | Perplexity: 405.7380
Batch 560 | Loss: 5.9702 | Perplexity: 391.5984
Batch 570 | Loss: 5.9534 | Perplexity: 385.0563
Batch 580 | Loss: 5.9677 | Perplexity: 390.5953
Batch 590 | Loss: 5.9540 | Perplexity: 385.2962
Batch 600 | Loss: 5.8986 | Perplexity: 364.5308
Batch 610 | Loss: 5.9001 | Perplexity: 365.0864
Batch 620 | Loss: 5.9133 | Perplexity: 369.9343
Batch 630 | Loss: 5.8272 | Perplexity: 339.4164
Batch 640 | Loss: 5.8424 | Perplexity: 344.6066
Batch 650 | Loss: 5.8004 | Perplexity: 330.4331
Epoch 2 | Loss: 5.7764 | Perplexity: 322.5966
Batch 660 | Loss: 5.7977 | Perplexity: 329.5368
Batch 670 | Loss: 5.8337 | Perplexity: 341.6041
Batch 680 | Loss: 5.7575 | Perplexity: 316.5527
Batch 690 | Loss: 5.7395 | Perplexity: 310.8937
Batch 700 | Loss: 5.7802 | Perplexity: 323.8107
Batch 710 | Loss: 5.7528 | Perplexity: 315.0817
Batch 720 | Loss: 5.7404 | Perplexity: 311.1768
Batch 730 | Loss: 5.7257 | Perplexity: 306.6559
Batch 740 | Loss: 5.7032 | Perplexity: 299.8373
Batch 750 | Loss: 5.6925 | Perplexity: 296.6227
Batch 760 | Loss: 5.6426 | Perplexity: 282.2087
Batch 770 | Loss: 5.6322 | Perplexity: 279.2733
Batch 780 | Loss: 5.6108 | Perplexity: 273.3530
Batch 790 | Loss: 5.6168 | Perplexity: 275.0154
Batch 800 | Loss: 5.6323 | Perplexity: 279.3095
Batch 810 | Loss: 5.6140 | Perplexity: 274.2273
Batch 820 | Loss: 5.5760 | Perplexity: 264.0003
Batch 830 | Loss: 5.5562 | Perplexity: 258.8384
Batch 840 | Loss: 5.5344 | Perplexity: 253.2613
Batch 850 | Loss: 5.6014 | Perplexity: 270.8107
Batch 860 | Loss: 5.5277 | Perplexity: 251.5637
Batch 870 | Loss: 5.5327 | Perplexity: 252.8365
Epoch 3 | Loss: 5.5339 | Perplexity: 253.1277
Batch 880 | Loss: 5.5278 | Perplexity: 251.5814
Batch 890 | Loss: 5.5285 | Perplexity: 251.7762
Batch 900 | Loss: 5.4687 | Perplexity: 237.1499
Batch 910 | Loss: 5.5003 | Perplexity: 244.7694
Batch 920 | Loss: 5.4619 | Perplexity: 235.5557
Batch 930 | Loss: 5.5009 | Perplexity: 244.9005
Batch 940 | Loss: 5.4872 | Perplexity: 241.5867
Batch 950 | Loss: 5.4248 | Perplexity: 226.9620
Batch 960 | Loss: 5.4583 | Perplexity: 234.6869
Batch 970 | Loss: 5.4279 | Perplexity: 227.6775
Batch 980 | Loss: 5.3853 | Perplexity: 218.1723
Batch 990 | Loss: 5.4351 | Perplexity: 229.3232
Batch 1000 | Loss: 5.3785 | Perplexity: 216.7068
Batch 1010 | Loss: 5.3348 | Perplexity: 207.4381
Batch 1020 | Loss: 5.3560 | Perplexity: 211.8822
Batch 1030 | Loss: 5.3318 | Perplexity: 206.7999
Batch 1040 | Loss: 5.3277 | Perplexity: 205.9563
Batch 1050 | Loss: 5.3994 | Perplexity: 221.2833
Batch 1060 | Loss: 5.4135 | Perplexity: 224.4195
Batch 1070 | Loss: 5.3343 | Perplexity: 207.3187
Batch 1080 | Loss: 5.2831 | Perplexity: 196.9723
Batch 1090 | Loss: 5.3551 | Perplexity: 211.6788
Epoch 4 | Loss: 5.2886 | Perplexity: 198.0608
Batch 1100 | Loss: 5.2337 | Perplexity: 187.4806
Batch 1110 | Loss: 5.2825 | Perplexity: 196.8705
Batch 1120 | Loss: 5.2936 | Perplexity: 199.0629
Batch 1130 | Loss: 5.3015 | Perplexity: 200.6367
Batch 1140 | Loss: 5.2747 | Perplexity: 195.3273
Batch 1150 | Loss: 5.2710 | Perplexity: 194.6189
Batch 1160 | Loss: 5.2554 | Perplexity: 191.6034
Batch 1170 | Loss: 5.2337 | Perplexity: 187.4941
Batch 1180 | Loss: 5.1900 | Perplexity: 179.4614
Batch 1190 | Loss: 5.2217 | Perplexity: 185.2440
Batch 1200 | Loss: 5.2613 | Perplexity: 192.7326
Batch 1210 | Loss: 5.2454 | Perplexity: 189.6872
Batch 1220 | Loss: 5.1937 | Perplexity: 180.1425
Batch 1230 | Loss: 5.2214 | Perplexity: 185.1851
Batch 1240 | Loss: 5.2061 | Perplexity: 182.3855
Batch 1250 | Loss: 5.2058 | Perplexity: 182.3190
Batch 1260 | Loss: 5.1844 | Perplexity: 178.4600
Batch 1270 | Loss: 5.1755 | Perplexity: 176.8895
Batch 1280 | Loss: 5.1347 | Perplexity: 169.8097
Batch 1290 | Loss: 5.1934 | Perplexity: 180.0827
Batch 1300 | Loss: 5.1432 | Perplexity: 171.2561
Batch 1310 | Loss: 5.1270 | Perplexity: 168.5163
Succesfully saved parameters to path
Epoch 5 | Loss: 5.2642 | Perplexity: 193.2887
Batch 1320 | Loss: 5.0922 | Perplexity: 162.7438
Batch 1330 | Loss: 5.0994 | Perplexity: 163.9159
Batch 1340 | Loss: 5.1432 | Perplexity: 171.2678
Batch 1350 | Loss: 5.1852 | Perplexity: 178.6180
Batch 1360 | Loss: 5.1189 | Perplexity: 167.1520
Batch 1370 | Loss: 5.1373 | Perplexity: 170.2533
Batch 1380 | Loss: 5.1012 | Perplexity: 164.2146
Batch 1390 | Loss: 5.0673 | Perplexity: 158.7460
Batch 1400 | Loss: 5.0890 | Perplexity: 162.2314
Batch 1410 | Loss: 5.0695 | Perplexity: 159.1023
Batch 1420 | Loss: 5.0529 | Perplexity: 156.4798
Batch 1430 | Loss: 5.0667 | Perplexity: 158.6526
Batch 1440 | Loss: 5.0409 | Perplexity: 154.6107
Batch 1450 | Loss: 5.0090 | Perplexity: 149.7492
Batch 1460 | Loss: 5.0044 | Perplexity: 149.0657
Batch 1470 | Loss: 5.0183 | Perplexity: 151.1561
Batch 1480 | Loss: 4.9909 | Perplexity: 147.0736
Batch 1490 | Loss: 5.0120 | Perplexity: 150.2051
Batch 1500 | Loss: 4.9731 | Perplexity: 144.4745
Batch 1510 | Loss: 5.0196 | Perplexity: 151.3511
Batch 1520 | Loss: 5.0017 | Perplexity: 148.6674
Batch 1530 | Loss: 5.0257 | Perplexity: 152.2786
Epoch 6 | Loss: 4.9894 | Perplexity: 146.8545
Batch 1540 | Loss: 4.9699 | Perplexity: 144.0195
Batch 1550 | Loss: 4.9544 | Perplexity: 141.7928
Batch 1560 | Loss: 4.9823 | Perplexity: 145.8142
Batch 1570 | Loss: 4.9565 | Perplexity: 142.0917
Batch 1580 | Loss: 4.9485 | Perplexity: 140.9593
Batch 1590 | Loss: 4.9358 | Perplexity: 139.1900
Batch 1600 | Loss: 4.9838 | Perplexity: 146.0239
Batch 1610 | Loss: 4.9734 | Perplexity: 144.5218
Batch 1620 | Loss: 4.9228 | Perplexity: 137.3824
Batch 1630 | Loss: 4.9342 | Perplexity: 138.9584
Batch 1640 | Loss: 4.9237 | Perplexity: 137.5168
Batch 1650 | Loss: 4.9316 | Perplexity: 138.6047
Batch 1660 | Loss: 4.9093 | Perplexity: 135.5476
Batch 1670 | Loss: 4.8679 | Perplexity: 130.0534
Batch 1680 | Loss: 4.8816 | Perplexity: 131.8465
Batch 1690 | Loss: 4.8927 | Perplexity: 133.3078
Batch 1700 | Loss: 4.7819 | Perplexity: 119.3302
Batch 1710 | Loss: 4.8556 | Perplexity: 128.4538
Batch 1720 | Loss: 4.8885 | Perplexity: 132.7519
Batch 1730 | Loss: 4.8380 | Perplexity: 126.2122
Batch 1740 | Loss: 4.8569 | Perplexity: 128.6243
Batch 1750 | Loss: 4.8397 | Perplexity: 126.4305
Epoch 7 | Loss: 4.8575 | Perplexity: 128.6957
Batch 1760 | Loss: 4.8450 | Perplexity: 127.1061
Batch 1770 | Loss: 4.8475 | Perplexity: 127.4180
Batch 1780 | Loss: 4.8586 | Perplexity: 128.8401
Batch 1790 | Loss: 4.8495 | Perplexity: 127.6769
Batch 1800 | Loss: 4.7977 | Perplexity: 121.2324
Batch 1810 | Loss: 4.8248 | Perplexity: 124.5562
Batch 1820 | Loss: 4.7782 | Perplexity: 118.8939
Batch 1830 | Loss: 4.8163 | Perplexity: 123.5098
Batch 1840 | Loss: 4.8433 | Perplexity: 126.8917
Batch 1850 | Loss: 4.7598 | Perplexity: 116.7212
Batch 1860 | Loss: 4.8208 | Perplexity: 124.0675
Batch 1870 | Loss: 4.7957 | Perplexity: 120.9865
Batch 1880 | Loss: 4.7730 | Perplexity: 118.2702
Batch 1890 | Loss: 4.8085 | Perplexity: 122.5538
Batch 1900 | Loss: 4.8124 | Perplexity: 123.0306
Batch 1910 | Loss: 4.7128 | Perplexity: 111.3675
Batch 1920 | Loss: 4.7625 | Perplexity: 117.0404
Batch 1930 | Loss: 4.7786 | Perplexity: 118.9407
Batch 1940 | Loss: 4.7673 | Perplexity: 117.6014
Batch 1950 | Loss: 4.7467 | Perplexity: 115.2047
Batch 1960 | Loss: 4.7811 | Perplexity: 119.2313
Batch 1970 | Loss: 4.7318 | Perplexity: 113.4963
Epoch 8 | Loss: 4.8442 | Perplexity: 127.0020
Batch 1980 | Loss: 4.7028 | Perplexity: 110.2581
Batch 1990 | Loss: 4.7631 | Perplexity: 117.1134
Batch 2000 | Loss: 4.7277 | Perplexity: 113.0392
Batch 2010 | Loss: 4.7321 | Perplexity: 113.5383
Batch 2020 | Loss: 4.6951 | Perplexity: 109.4064
Batch 2030 | Loss: 4.7023 | Perplexity: 110.2012
Batch 2040 | Loss: 4.6683 | Perplexity: 106.5161
bdBatch 2050 | Loss: 4.7129 | Perplexity: 111.3775
Batch 2060 | Loss: 4.6995 | Perplexity: 109.8876
Batch 2070 | Loss: 4.7903 | Perplexity: 120.3396
Batch 2080 | Loss: 4.7174 | Perplexity: 111.8765
Batch 2090 | Loss: 4.6888 | Perplexity: 108.7212
Batch 2100 | Loss: 4.7052 | Perplexity: 110.5258
Batch 2110 | Loss: 4.7072 | Perplexity: 110.7376
Batch 2120 | Loss: 4.7129 | Perplexity: 111.3761
Batch 2130 | Loss: 4.6756 | Perplexity: 107.2973
Batch 2140 | Loss: 4.7355 | Perplexity: 113.9195
Batch 2150 | Loss: 4.6801 | Perplexity: 107.7764
Batch 2160 | Loss: 4.6581 | Perplexity: 105.4312
Batch 2170 | Loss: 4.6496 | Perplexity: 104.5465
Batch 2180 | Loss: 4.6970 | Perplexity: 109.6233
Batch 2190 | Loss: 4.6186 | Perplexity: 101.3515
Epoch 9 | Loss: 4.5517 | Perplexity: 94.7887
Batch 2200 | Loss: 4.6832 | Perplexity: 108.1150
Batch 2210 | Loss: 4.6830 | Perplexity: 108.0975
Batch 2220 | Loss: 4.6957 | Perplexity: 109.4708
Batch 2230 | Loss: 4.6662 | Perplexity: 106.2920
Batch 2240 | Loss: 4.6811 | Perplexity: 107.8905
Batch 2250 | Loss: 4.6263 | Perplexity: 102.1316
Batch 2260 | Loss: 4.6611 | Perplexity: 105.7556
Batch 2270 | Loss: 4.6752 | Perplexity: 107.2547
Batch 2280 | Loss: 4.6093 | Perplexity: 100.4113
Batch 2290 | Loss: 4.6585 | Perplexity: 105.4803
Batch 2300 | Loss: 4.6730 | Perplexity: 107.0156
Batch 2310 | Loss: 4.6115 | Perplexity: 100.6360
Batch 2320 | Loss: 4.6201 | Perplexity: 101.5067
Batch 2330 | Loss: 4.6260 | Perplexity: 102.1092
Batch 2340 | Loss: 4.6911 | Perplexity: 108.9715
Batch 2350 | Loss: 4.6172 | Perplexity: 101.2141
Batch 2360 | Loss: 4.5828 | Perplexity: 97.7833
Batch 2370 | Loss: 4.6007 | Perplexity: 99.5530
Batch 2380 | Loss: 4.5807 | Perplexity: 97.5805
Batch 2390 | Loss: 4.6565 | Perplexity: 105.2709
Batch 2400 | Loss: 4.6162 | Perplexity: 101.1101
Batch 2410 | Loss: 4.5993 | Perplexity: 99.4144
Succesfully saved parameters to path
Epoch 10 | Loss: 4.7250 | Perplexity: 112.7318
Batch 2420 | Loss: 4.5791 | Perplexity: 97.4265
Batch 2430 | Loss: 4.5615 | Perplexity: 95.7276
Batch 2440 | Loss: 4.6083 | Perplexity: 100.3139
Batch 2450 | Loss: 4.5770 | Perplexity: 97.2188
Batch 2460 | Loss: 4.6062 | Perplexity: 100.1077
Batch 2470 | Loss: 4.5619 | Perplexity: 95.7627
Batch 2480 | Loss: 4.5393 | Perplexity: 93.6298
Batch 2490 | Loss: 4.5840 | Perplexity: 97.9091
Batch 2500 | Loss: 4.6405 | Perplexity: 103.5938
Batch 2510 | Loss: 4.5703 | Perplexity: 96.5771
Batch 2520 | Loss: 4.5426 | Perplexity: 93.9346
Batch 2530 | Loss: 4.5444 | Perplexity: 94.1037
Batch 2540 | Loss: 4.5916 | Perplexity: 98.6479
Batch 2550 | Loss: 4.5375 | Perplexity: 93.4597
Batch 2560 | Loss: 4.4846 | Perplexity: 88.6379
Batch 2570 | Loss: 4.5472 | Perplexity: 94.3635
Batch 2580 | Loss: 4.5913 | Perplexity: 98.6253
Batch 2590 | Loss: 4.5673 | Perplexity: 96.2851
Batch 2600 | Loss: 4.5375 | Perplexity: 93.4532
Batch 2610 | Loss: 4.5725 | Perplexity: 96.7814
Batch 2620 | Loss: 4.5603 | Perplexity: 95.6155
Batch 2630 | Loss: 4.5162 | Perplexity: 91.4854
Epoch 11 | Loss: 4.3638 | Perplexity: 78.5523
Batch 2640 | Loss: 4.5524 | Perplexity: 94.8599
Batch 2650 | Loss: 4.5333 | Perplexity: 93.0638
Batch 2660 | Loss: 4.5753 | Perplexity: 97.0596
Batch 2670 | Loss: 4.5605 | Perplexity: 95.6313
Batch 2680 | Loss: 4.5578 | Perplexity: 95.3694
Batch 2690 | Loss: 4.5293 | Perplexity: 92.6945
Batch 2700 | Loss: 4.4917 | Perplexity: 89.2753
Batch 2710 | Loss: 4.5270 | Perplexity: 92.4795
Batch 2720 | Loss: 4.4767 | Perplexity: 87.9426
Batch 2730 | Loss: 4.5046 | Perplexity: 90.4291
Batch 2740 | Loss: 4.4763 | Perplexity: 87.9103
Batch 2750 | Loss: 4.5194 | Perplexity: 91.7834
Batch 2760 | Loss: 4.5035 | Perplexity: 90.3297
Batch 2770 | Loss: 4.4943 | Perplexity: 89.5019
Batch 2780 | Loss: 4.4954 | Perplexity: 89.6025
Batch 2790 | Loss: 4.4817 | Perplexity: 88.3834
Batch 2800 | Loss: 4.4951 | Perplexity: 89.5727
Batch 2810 | Loss: 4.5278 | Perplexity: 92.5582
Batch 2820 | Loss: 4.4757 | Perplexity: 87.8540
Batch 2830 | Loss: 4.5030 | Perplexity: 90.2865
Batch 2840 | Loss: 4.4983 | Perplexity: 89.8618
Batch 2850 | Loss: 4.4968 | Perplexity: 89.7254
Epoch 12 | Loss: 4.4976 | Perplexity: 89.8056
Batch 2860 | Loss: 4.4851 | Perplexity: 88.6874
Batch 2870 | Loss: 4.4872 | Perplexity: 88.8761
Batch 2880 | Loss: 4.5222 | Perplexity: 92.0392
Batch 2890 | Loss: 4.4816 | Perplexity: 88.3753
Batch 2900 | Loss: 4.4746 | Perplexity: 87.7579
Batch 2910 | Loss: 4.4894 | Perplexity: 89.0703
Batch 2920 | Loss: 4.4880 | Perplexity: 88.9390
Batch 2930 | Loss: 4.5358 | Perplexity: 93.2985
Batch 2940 | Loss: 4.4758 | Perplexity: 87.8675
Batch 2950 | Loss: 4.5116 | Perplexity: 91.0662
Batch 2960 | Loss: 4.5086 | Perplexity: 90.7972
Batch 2970 | Loss: 4.4478 | Perplexity: 85.4418
Batch 2980 | Loss: 4.4466 | Perplexity: 85.3375
Batch 2990 | Loss: 4.4426 | Perplexity: 84.9966
Batch 3000 | Loss: 4.4888 | Perplexity: 89.0107
Batch 3010 | Loss: 4.4746 | Perplexity: 87.7568
Batch 3020 | Loss: 4.4396 | Perplexity: 84.7369
Batch 3030 | Loss: 4.4801 | Perplexity: 88.2446
Batch 3040 | Loss: 4.4272 | Perplexity: 83.6959
Batch 3050 | Loss: 4.4317 | Perplexity: 84.0769
Batch 3060 | Loss: 4.4575 | Perplexity: 86.2697
Batch 3070 | Loss: 4.4346 | Perplexity: 84.3206
Epoch 13 | Loss: 4.3744 | Perplexity: 79.3896
Batch 3080 | Loss: 4.4452 | Perplexity: 85.2183
Batch 3090 | Loss: 4.4389 | Perplexity: 84.6813
Batch 3100 | Loss: 4.4779 | Perplexity: 88.0531
Batch 3110 | Loss: 4.4613 | Perplexity: 86.5975
Batch 3120 | Loss: 4.4581 | Perplexity: 86.3255
Batch 3130 | Loss: 4.4170 | Perplexity: 82.8500
Batch 3140 | Loss: 4.4748 | Perplexity: 87.7806
Batch 3150 | Loss: 4.4650 | Perplexity: 86.9180
Batch 3160 | Loss: 4.4777 | Perplexity: 88.0313
Batch 3170 | Loss: 4.4141 | Perplexity: 82.6099
Batch 3180 | Loss: 4.4523 | Perplexity: 85.8212
Batch 3190 | Loss: 4.4029 | Perplexity: 81.6870
Batch 3200 | Loss: 4.3916 | Perplexity: 80.7700
Batch 3210 | Loss: 4.4012 | Perplexity: 81.5523
Batch 3220 | Loss: 4.4583 | Perplexity: 86.3405
Batch 3230 | Loss: 4.4516 | Perplexity: 85.7670
Batch 3240 | Loss: 4.4645 | Perplexity: 86.8782
Batch 3250 | Loss: 4.4166 | Perplexity: 82.8117
Batch 3260 | Loss: 4.4796 | Perplexity: 88.2009
Batch 3270 | Loss: 4.4125 | Perplexity: 82.4773
Batch 3280 | Loss: 4.4363 | Perplexity: 84.4580
Batch 3290 | Loss: 4.3931 | Perplexity: 80.8927
Epoch 14 | Loss: 4.4792 | Perplexity: 88.1638
Batch 3300 | Loss: 4.4233 | Perplexity: 83.3730
Batch 3310 | Loss: 4.4051 | Perplexity: 81.8657
Batch 3320 | Loss: 4.4186 | Perplexity: 82.9775
Batch 3330 | Loss: 4.4191 | Perplexity: 83.0184
Batch 3340 | Loss: 4.3992 | Perplexity: 81.3896
Batch 3350 | Loss: 4.3971 | Perplexity: 81.2183
Batch 3360 | Loss: 4.4093 | Perplexity: 82.2104
Batch 3370 | Loss: 4.4194 | Perplexity: 83.0483
Batch 3380 | Loss: 4.4243 | Perplexity: 83.4533
Batch 3390 | Loss: 4.3911 | Perplexity: 80.7320
Batch 3400 | Loss: 4.4159 | Perplexity: 82.7533
Batch 3410 | Loss: 4.3568 | Perplexity: 78.0086
Batch 3420 | Loss: 4.3902 | Perplexity: 80.6574
Batch 3430 | Loss: 4.3792 | Perplexity: 79.7718
Batch 3440 | Loss: 4.4134 | Perplexity: 82.5460
Batch 3450 | Loss: 4.3938 | Perplexity: 80.9453
Batch 3460 | Loss: 4.4341 | Perplexity: 84.2742
Batch 3470 | Loss: 4.3577 | Perplexity: 78.0795
Batch 3480 | Loss: 4.3715 | Perplexity: 79.1632
Batch 3490 | Loss: 4.4032 | Perplexity: 81.7111
Batch 3500 | Loss: 4.4114 | Perplexity: 82.3835
Batch 3510 | Loss: 4.4016 | Perplexity: 81.5804
Succesfully saved parameters to path
Epoch 15 | Loss: 4.2697 | Perplexity: 71.4996
Batch 3520 | Loss: 4.3798 | Perplexity: 79.8240
Batch 3530 | Loss: 4.4068 | Perplexity: 82.0056
Batch 3540 | Loss: 4.4150 | Perplexity: 82.6843
Batch 3550 | Loss: 4.3948 | Perplexity: 81.0265
Batch 3560 | Loss: 4.3557 | Perplexity: 77.9231
Batch 3570 | Loss: 4.3574 | Perplexity: 78.0573
Batch 3580 | Loss: 4.3766 | Perplexity: 79.5671
Batch 3590 | Loss: 4.3505 | Perplexity: 77.5209
Batch 3600 | Loss: 4.3972 | Perplexity: 81.2263
Batch 3610 | Loss: 4.3758 | Perplexity: 79.5042
Batch 3620 | Loss: 4.3607 | Perplexity: 78.3137
Batch 3630 | Loss: 4.3842 | Perplexity: 80.1755
Batch 3640 | Loss: 4.3633 | Perplexity: 78.5179
Batch 3650 | Loss: 4.3778 | Perplexity: 79.6660
Batch 3660 | Loss: 4.3307 | Perplexity: 75.9969
Batch 3670 | Loss: 4.3098 | Perplexity: 74.4226
Batch 3680 | Loss: 4.3481 | Perplexity: 77.3323
Batch 3690 | Loss: 4.3602 | Perplexity: 78.2754
Batch 3700 | Loss: 4.3377 | Perplexity: 76.5333
Batch 3710 | Loss: 4.3129 | Perplexity: 74.6546
Batch 3720 | Loss: 4.3762 | Perplexity: 79.5378
Batch 3730 | Loss: 4.3413 | Perplexity: 76.8098
Epoch 16 | Loss: 4.3905 | Perplexity: 80.6833
Batch 3740 | Loss: 4.3456 | Perplexity: 77.1379
Batch 3750 | Loss: 4.3297 | Perplexity: 75.9185
Batch 3760 | Loss: 4.3656 | Perplexity: 78.6939
Batch 3770 | Loss: 4.3572 | Perplexity: 78.0418
Batch 3780 | Loss: 4.3874 | Perplexity: 80.4309
Batch 3790 | Loss: 4.3219 | Perplexity: 75.3302
Batch 3800 | Loss: 4.3654 | Perplexity: 78.6843
Batch 3810 | Loss: 4.3899 | Perplexity: 80.6344
Batch 3820 | Loss: 4.3588 | Perplexity: 78.1651
Batch 3830 | Loss: 4.3871 | Perplexity: 80.4034
Batch 3840 | Loss: 4.3572 | Perplexity: 78.0383
Batch 3850 | Loss: 4.2986 | Perplexity: 73.5973
 Batch 3860 | Loss: 4.3052 | Perplexity: 74.0875
Batch 3870 | Loss: 4.3809 | Perplexity: 79.9115
Batch 3880 | Loss: 4.3683 | Perplexity: 78.9073
Batch 3890 | Loss: 4.3794 | Perplexity: 79.7941
Batch 3900 | Loss: 4.3327 | Perplexity: 76.1504
Batch 3910 | Loss: 4.3439 | Perplexity: 77.0059
Batch 3920 | Loss: 4.3340 | Perplexity: 76.2502
Batch 3930 | Loss: 4.3110 | Perplexity: 74.5124
Batch 3940 | Loss: 4.3443 | Perplexity: 77.0410
Batch 3950 | Loss: 4.3794 | Perplexity: 79.7874
Epoch 17 | Loss: 4.1980 | Perplexity: 66.5545
Batch 3960 | Loss: 4.3022 | Perplexity: 73.8615
Batch 3970 | Loss: 4.3259 | Perplexity: 75.6351
Batch 3980 | Loss: 4.3614 | Perplexity: 78.3646
Batch 3990 | Loss: 4.3533 | Perplexity: 77.7362
Batch 4000 | Loss: 4.3415 | Perplexity: 76.8244
Batch 4010 | Loss: 4.3186 | Perplexity: 75.0799
Batch 4020 | Loss: 4.4001 | Perplexity: 81.4609
Batch 4030 | Loss: 4.3233 | Perplexity: 75.4397
Batch 4040 | Loss: 4.3084 | Perplexity: 74.3179
Batch 4050 | Loss: 4.2799 | Perplexity: 72.2346
Batch 4060 | Loss: 4.3470 | Perplexity: 77.2457
^BBatch 4070 | Loss: 4.2919 | Perplexity: 73.1067
Batch 4080 | Loss: 4.3353 | Perplexity: 76.3451
Batch 4090 | Loss: 4.2479 | Perplexity: 69.9568
Batch 4100 | Loss: 4.3394 | Perplexity: 76.6647
Batch 4110 | Loss: 4.3167 | Perplexity: 74.9420
Batch 4120 | Loss: 4.3096 | Perplexity: 74.4077
Batch 4130 | Loss: 4.3426 | Perplexity: 76.9054
Batch 4140 | Loss: 4.2963 | Perplexity: 73.4263
Batch 4150 | Loss: 4.3283 | Perplexity: 75.8161
Batch 4160 | Loss: 4.3547 | Perplexity: 77.8418
Batch 4170 | Loss: 4.2907 | Perplexity: 73.0200
Epoch 18 | Loss: 4.2457 | Perplexity: 69.8055
Batch 4180 | Loss: 4.3216 | Perplexity: 75.3074
Batch 4190 | Loss: 4.2755 | Perplexity: 71.9191
Batch 4200 | Loss: 4.3424 | Perplexity: 76.8957
Batch 4210 | Loss: 4.3140 | Perplexity: 74.7394
Batch 4220 | Loss: 4.2963 | Perplexity: 73.4299
Batch 4230 | Loss: 4.3154 | Perplexity: 74.8427
Batch 4240 | Loss: 4.2909 | Perplexity: 73.0311
Batch 4250 | Loss: 4.2847 | Perplexity: 72.5825
Batch 4260 | Loss: 4.3124 | Perplexity: 74.6223
Batch 4270 | Loss: 4.3055 | Perplexity: 74.1034
Batch 4280 | Loss: 4.3032 | Perplexity: 73.9344
Batch 4290 | Loss: 4.2218 | Perplexity: 68.1582
Batch 4300 | Loss: 4.2943 | Perplexity: 73.2778
Batch 4310 | Loss: 4.2573 | Perplexity: 70.6202
Batch 4320 | Loss: 4.2421 | Perplexity: 69.5570
Batch 4330 | Loss: 4.3584 | Perplexity: 78.1332
Batch 4340 | Loss: 4.3212 | Perplexity: 75.2790
Batch 4350 | Loss: 4.2614 | Perplexity: 70.9073
Batch 4360 | Loss: 4.3232 | Perplexity: 75.4301
Batch 4370 | Loss: 4.3063 | Perplexity: 74.1641
Batch 4380 | Loss: 4.2680 | Perplexity: 71.3786
Batch 4390 | Loss: 4.2933 | Perplexity: 73.2053
Epoch 19 | Loss: 4.1944 | Perplexity: 66.3167
Batch 4400 | Loss: 4.2559 | Perplexity: 70.5179
Batch 4410 | Loss: 4.3225 | Perplexity: 75.3746
Batch 4420 | Loss: 4.2977 | Perplexity: 73.5340
Batch 4430 | Loss: 4.3352 | Perplexity: 76.3410
Batch 4440 | Loss: 4.3195 | Perplexity: 75.1516
Batch 4450 | Loss: 4.2671 | Perplexity: 71.3153
Batch 4460 | Loss: 4.3006 | Perplexity: 73.7471
Batch 4470 | Loss: 4.2710 | Perplexity: 71.5940
Batch 4480 | Loss: 4.2834 | Perplexity: 72.4855
Batch 4490 | Loss: 4.2588 | Perplexity: 70.7271
Batch 4500 | Loss: 4.2221 | Perplexity: 68.1742
Batch 4510 | Loss: 4.3055 | Perplexity: 74.1094
Batch 4520 | Loss: 4.2442 | Perplexity: 69.6998
Batch 4530 | Loss: 4.2381 | Perplexity: 69.2781
Batch 4540 | Loss: 4.2882 | Perplexity: 72.8372
Batch 4550 | Loss: 4.3030 | Perplexity: 73.9215
Batch 4560 | Loss: 4.3143 | Perplexity: 74.7635
Batch 4570 | Loss: 4.2484 | Perplexity: 69.9934
Batch 4580 | Loss: 4.2113 | Perplexity: 67.4462
Batch 4590 | Loss: 4.2371 | Perplexity: 69.2072
Batch 4600 | Loss: 4.2467 | Perplexity: 69.8735
Batch 4610 | Loss: 4.2439 | Perplexity: 69.6820
Succesfully saved parameters to path
Epoch 20 | Loss: 4.2472 | Perplexity: 69.9090
Batch 4620 | Loss: 4.2730 | Perplexity: 71.7365
Batch 4630 | Loss: 4.3094 | Perplexity: 74.3975
Batch 4640 | Loss: 4.2827 | Perplexity: 72.4331
Batch 4650 | Loss: 4.2283 | Perplexity: 68.5996
Batch 4660 | Loss: 4.2926 | Perplexity: 73.1550
Batch 4670 | Loss: 4.2172 | Perplexity: 67.8419
Batch 4680 | Loss: 4.2632 | Perplexity: 71.0348
Batch 4690 | Loss: 4.2523 | Perplexity: 70.2657
Batch 4700 | Loss: 4.2440 | Perplexity: 69.6836
Batch 4710 | Loss: 4.2206 | Perplexity: 68.0770
Batch 4720 | Loss: 4.2522 | Perplexity: 70.2611
Batch 4730 | Loss: 4.2734 | Perplexity: 71.7659
Batch 4740 | Loss: 4.2641 | Perplexity: 71.0991
Batch 4750 | Loss: 4.2256 | Perplexity: 68.4126
Batch 4760 | Loss: 4.2752 | Perplexity: 71.8966
Batch 4770 | Loss: 4.2408 | Perplexity: 69.4616
Batch 4780 | Loss: 4.2300 | Perplexity: 68.7195
Batch 4790 | Loss: 4.2393 | Perplexity: 69.3608
Batch 4800 | Loss: 4.2369 | Perplexity: 69.1948
Batch 4810 | Loss: 4.2725 | Perplexity: 71.7007
Batch 4820 | Loss: 4.2197 | Perplexity: 68.0142
Batch 4830 | Loss: 4.2257 | Perplexity: 68.4209
Epoch 21 | Loss: 4.1890 | Perplexity: 65.9560
Batch 4840 | Loss: 4.2254 | Perplexity: 68.4020
Batch 4850 | Loss: 4.2727 | Perplexity: 71.7176
Batch 4860 | Loss: 4.2302 | Perplexity: 68.7340
Batch 4870 | Loss: 4.2469 | Perplexity: 69.8853
Batch 4880 | Loss: 4.2324 | Perplexity: 68.8819
Batch 4890 | Loss: 4.2400 | Perplexity: 69.4098
Batch 4900 | Loss: 4.2019 | Perplexity: 66.8133
echo $TMUX
Batch 4910 | Loss: 4.2570 | Perplexity: 70.6006
Batch 4920 | Loss: 4.2223 | Perplexity: 68.1923
Batch 4930 | Loss: 4.1909 | Perplexity: 66.0793
Batch 4940 | Loss: 4.2204 | Perplexity: 68.0608
Batch 4950 | Loss: 4.2457 | Perplexity: 69.8081
Batch 4960 | Loss: 4.2332 | Perplexity: 68.9371
Batch 4970 | Loss: 4.2250 | Perplexity: 68.3735
Batch 4980 | Loss: 4.2394 | Perplexity: 69.3687
Batch 4990 | Loss: 4.2711 | Perplexity: 71.5992
Batch 5000 | Loss: 4.2244 | Perplexity: 68.3320
Batch 5010 | Loss: 4.2324 | Perplexity: 68.8820
Batch 5020 | Loss: 4.2277 | Perplexity: 68.5613
Batch 5030 | Loss: 4.2809 | Perplexity: 72.3029
Batch 5040 | Loss: 4.1807 | Perplexity: 65.4131
Batch 5050 | Loss: 4.2595 | Perplexity: 70.7762
Epoch 22 | Loss: 4.2590 | Perplexity: 70.7377
Batch 5060 | Loss: 4.2293 | Perplexity: 68.6722
Batch 5070 | Loss: 4.2867 | Perplexity: 72.7267
Batch 5080 | Loss: 4.2059 | Perplexity: 67.0815
Batch 5090 | Loss: 4.2323 | Perplexity: 68.8777
Batch 5100 | Loss: 4.2502 | Perplexity: 70.1181
Batch 5110 | Loss: 4.2395 | Perplexity: 69.3766
Batch 5120 | Loss: 4.2465 | Perplexity: 69.8588
Batch 5130 | Loss: 4.2403 | Perplexity: 69.4288
Batch 5140 | Loss: 4.2487 | Perplexity: 70.0176
Batch 5150 | Loss: 4.2019 | Perplexity: 66.8142
Batch 5160 | Loss: 4.2237 | Perplexity: 68.2890
Batch 5170 | Loss: 4.2530 | Perplexity: 70.3138
Batch 5180 | Loss: 4.2078 | Perplexity: 67.2084
Batch 5190 | Loss: 4.1827 | Perplexity: 65.5422
Batch 5200 | Loss: 4.2297 | Perplexity: 68.6983
Batch 5210 | Loss: 4.2249 | Perplexity: 68.3668
Batch 5220 | Loss: 4.1769 | Perplexity: 65.1631
Batch 5230 | Loss: 4.1803 | Perplexity: 65.3840
Batch 5240 | Loss: 4.1734 | Perplexity: 64.9374
Batch 5250 | Loss: 4.1858 | Perplexity: 65.7491
Batch 5260 | Loss: 4.2357 | Perplexity: 69.1107
Batch 5270 | Loss: 4.1822 | Perplexity: 65.5095
Epoch 23 | Loss: 4.1927 | Perplexity: 66.2011
Batch 5280 | Loss: 4.2152 | Perplexity: 67.7110
Batch 5290 | Loss: 4.2218 | Perplexity: 68.1533
Batch 5300 | Loss: 4.2173 | Perplexity: 67.8508
Batch 5310 | Loss: 4.2258 | Perplexity: 68.4261
Batch 5320 | Loss: 4.2083 | Perplexity: 67.2405
Batch 5330 | Loss: 4.1995 | Perplexity: 66.6514
Batch 5340 | Loss: 4.2066 | Perplexity: 67.1276
Batch 5350 | Loss: 4.2047 | Perplexity: 67.0023
Batch 5360 | Loss: 4.1830 | Perplexity: 65.5651
Batch 5370 | Loss: 4.1857 | Perplexity: 65.7402
Batch 5380 | Loss: 4.2023 | Perplexity: 66.8403
Batch 5390 | Loss: 4.1620 | Perplexity: 64.2024
Batch 5400 | Loss: 4.1619 | Perplexity: 64.1966
Batch 5410 | Loss: 4.2260 | Perplexity: 68.4434
Batch 5420 | Loss: 4.2182 | Perplexity: 67.9130
Batch 5430 | Loss: 4.2141 | Perplexity: 67.6356
Batch 5440 | Loss: 4.1949 | Perplexity: 66.3499
Batch 5450 | Loss: 4.1670 | Perplexity: 64.5246
Batch 5460 | Loss: 4.2106 | Perplexity: 67.3991
Batch 5470 | Loss: 4.1797 | Perplexity: 65.3458
Batch 5480 | Loss: 4.2480 | Perplexity: 69.9669
Batch 5490 | Loss: 4.1942 | Perplexity: 66.3003
Epoch 24 | Loss: 4.2263 | Perplexity: 68.4614
Batch 5500 | Loss: 4.2001 | Perplexity: 66.6910
Batch 5510 | Loss: 4.1886 | Perplexity: 65.9314
Batch 5520 | Loss: 4.1765 | Perplexity: 65.1394
Batch 5530 | Loss: 4.2063 | Perplexity: 67.1098
Batch 5540 | Loss: 4.2232 | Perplexity: 68.2508
Batch 5550 | Loss: 4.1882 | Perplexity: 65.9066
Batch 5560 | Loss: 4.1834 | Perplexity: 65.5861
Batch 5570 | Loss: 4.2015 | Perplexity: 66.7889
Batch 5580 | Loss: 4.2000 | Perplexity: 66.6866
Batch 5590 | Loss: 4.1642 | Perplexity: 64.3443
Batch 5600 | Loss: 4.1816 | Perplexity: 65.4705
Batch 5610 | Loss: 4.2189 | Perplexity: 67.9567
Batch 5620 | Loss: 4.1865 | Perplexity: 65.7891
Batch 5630 | Loss: 4.1609 | Perplexity: 64.1286
Batch 5640 | Loss: 4.1473 | Perplexity: 63.2623
Batch 5650 | Loss: 4.1434 | Perplexity: 63.0147
Batch 5660 | Loss: 4.1548 | Perplexity: 63.7405
Batch 5670 | Loss: 4.1792 | Perplexity: 65.3113
Batch 5680 | Loss: 4.1882 | Perplexity: 65.9026
Batch 5690 | Loss: 4.1521 | Perplexity: 63.5702
Batch 5700 | Loss: 4.2172 | Perplexity: 67.8464
Batch 5710 | Loss: 4.1365 | Perplexity: 62.5856
Succesfully saved parameters to path
Epoch 25 | Loss: 4.0359 | Perplexity: 56.5930
Batch 5720 | Loss: 4.1855 | Perplexity: 65.7292
Batch 5730 | Loss: 4.1890 | Perplexity: 65.9575
Batch 5740 | Loss: 4.2220 | Perplexity: 68.1712
Batch 5750 | Loss: 4.1981 | Perplexity: 66.5609
Batch 5760 | Loss: 4.2152 | Perplexity: 67.7084
Batch 5770 | Loss: 4.1815 | Perplexity: 65.4616
Batch 5780 | Loss: 4.1601 | Perplexity: 64.0777
Batch 5790 | Loss: 4.1606 | Perplexity: 64.1111
Batch 5800 | Loss: 4.2175 | Perplexity: 67.8623
Batch 5810 | Loss: 4.1492 | Perplexity: 63.3860
Batch 5820 | Loss: 4.1678 | Perplexity: 64.5718
Batch 5830 | Loss: 4.1605 | Perplexity: 64.1035
Batch 5840 | Loss: 4.1371 | Perplexity: 62.6182
Batch 5850 | Loss: 4.1746 | Perplexity: 65.0168
Batch 5860 | Loss: 4.1568 | Perplexity: 63.8643
Batch 5870 | Loss: 4.1753 | Perplexity: 65.0610
Batch 5880 | Loss: 4.1687 | Perplexity: 64.6321
Batch 5890 | Loss: 4.1641 | Perplexity: 64.3324
Batch 5900 | Loss: 4.1524 | Perplexity: 63.5868
Batch 5910 | Loss: 4.1544 | Perplexity: 63.7167
Batch 5920 | Loss: 4.2304 | Perplexity: 68.7478
Batch 5930 | Loss: 4.1724 | Perplexity: 64.8723
Epoch 26 | Loss: 4.1779 | Perplexity: 65.2258
Batch 5940 | Loss: 4.1022 | Perplexity: 60.4757
Batch 5950 | Loss: 4.2291 | Perplexity: 68.6576
Batch 5960 | Loss: 4.1609 | Perplexity: 64.1317
Batch 5970 | Loss: 4.1499 | Perplexity: 63.4275
Batch 5980 | Loss: 4.1831 | Perplexity: 65.5663
Batch 5990 | Loss: 4.2091 | Perplexity: 67.2961
Batch 6000 | Loss: 4.1929 | Perplexity: 66.2177
Batch 6010 | Loss: 4.1341 | Perplexity: 62.4338
Batch 6480 | Loss: 4.1457 | Perplexity: 63.1609
Batch 6490 | Loss: 4.1327 | Perplexity: 62.3433
Batch 6500 | Loss: 4.0909 | Perplexity: 59.7940
Batch 6510 | Loss: 4.1570 | Perplexity: 63.8779
Batch 6520 | Loss: 4.0974 | Perplexity: 60.1824
Batch 6530 | Loss: 4.1548 | Perplexity: 63.7417
Batch 6540 | Loss: 4.1351 | Perplexity: 62.4941
Batch 6550 | Loss: 4.1510 | Perplexity: 63.4975
Batch 6560 | Loss: 4.1257 | Perplexity: 61.9142
Batch 6570 | Loss: 4.1315 | Perplexity: 62.2692
Batch 6580 | Loss: 4.1332 | Perplexity: 62.3792
Batch 6590 | Loss: 4.1121 | Perplexity: 61.0778
Epoch 29 | Loss: 3.9391 | Perplexity: 51.3740
Batch 6600 | Loss: 4.1206 | Perplexity: 61.5973
Batch 6610 | Loss: 4.0825 | Perplexity: 59.2931
Batch 6620 | Loss: 4.1422 | Perplexity: 62.9392
Batch 6630 | Loss: 4.1257 | Perplexity: 61.9094
Batch 6640 | Loss: 4.1598 | Perplexity: 64.0564
Batch 6650 | Loss: 4.1479 | Perplexity: 63.3002
Batch 6660 | Loss: 4.1072 | Perplexity: 60.7789
Batch 6670 | Loss: 4.0878 | Perplexity: 59.6063
Batch 6680 | Loss: 4.1205 | Perplexity: 61.5924
Batch 6690 | Loss: 4.0671 | Perplexity: 58.3851
Batch 6700 | Loss: 4.0960 | Perplexity: 60.1017
Batch 6710 | Loss: 4.1069 | Perplexity: 60.7575
Batch 6720 | Loss: 4.1275 | Perplexity: 62.0221
Batch 6730 | Loss: 4.1467 | Perplexity: 63.2258
Batch 6740 | Loss: 4.1240 | Perplexity: 61.8073
Batch 6750 | Loss: 4.1749 | Perplexity: 65.0317
Batch 6760 | Loss: 4.0620 | Perplexity: 58.0899
Batch 6770 | Loss: 4.0751 | Perplexity: 58.8551
Batch 6780 | Loss: 4.1540 | Perplexity: 63.6874
Batch 6790 | Loss: 4.1001 | Perplexity: 60.3446
Batch 6800 | Loss: 4.1144 | Perplexity: 61.2172
Batch 6810 | Loss: 4.1232 | Perplexity: 61.7583
Succesfully saved parameters to path
Epoch 30 | Loss: 4.0183 | Perplexity: 55.6051
Batch 6820 | Loss: 4.1285 | Perplexity: 62.0832
Batch 6830 | Loss: 4.1104 | Perplexity: 60.9724
Batch 6840 | Loss: 4.1019 | Perplexity: 60.4574
Batch 6850 | Loss: 4.1248 | Perplexity: 61.8548
Batch 6860 | Loss: 4.1685 | Perplexity: 64.6158
Batch 6870 | Loss: 4.0797 | Perplexity: 59.1257
Batch 6880 | Loss: 4.1037 | Perplexity: 60.5663
Batch 6890 | Loss: 4.0809 | Perplexity: 59.1960
Batch 6900 | Loss: 4.0782 | Perplexity: 59.0388
Batch 6910 | Loss: 4.0928 | Perplexity: 59.9087
Batch 6920 | Loss: 4.0824 | Perplexity: 59.2852
Batch 6930 | Loss: 4.1308 | Perplexity: 62.2302
Batch 6940 | Loss: 4.1162 | Perplexity: 61.3263
Batch 6950 | Loss: 4.0740 | Perplexity: 58.7892
Batch 6960 | Loss: 4.0767 | Perplexity: 58.9495
Batch 6970 | Loss: 4.1119 | Perplexity: 61.0605
Batch 6980 | Loss: 4.1030 | Perplexity: 60.5225
Batch 6990 | Loss: 4.1209 | Perplexity: 61.6120
Batch 7000 | Loss: 4.1211 | Perplexity: 61.6280
Batch 7010 | Loss: 4.1276 | Perplexity: 62.0275
Batch 7020 | Loss: 4.1069 | Perplexity: 60.7553
Batch 7030 | Loss: 4.1324 | Perplexity: 62.3242
Epoch 31 | Loss: 3.9552 | Perplexity: 52.2068
Batch 7040 | Loss: 4.1562 | Perplexity: 63.8287
Batch 7050 | Loss: 4.1386 | Perplexity: 62.7158
Batch 7060 | Loss: 4.1096 | Perplexity: 60.9225
Batch 7070 | Loss: 4.0747 | Perplexity: 58.8336
Batch 7080 | Loss: 4.0805 | Perplexity: 59.1767
Batch 7090 | Loss: 4.1245 | Perplexity: 61.8383
Batch 7100 | Loss: 4.1254 | Perplexity: 61.8936
Batch 7110 | Loss: 4.1001 | Perplexity: 60.3470
Batch 7120 | Loss: 4.1274 | Perplexity: 62.0163
Batch 7130 | Loss: 4.1167 | Perplexity: 61.3548
Batch 7140 | Loss: 4.0761 | Perplexity: 58.9129
Batch 7150 | Loss: 4.0668 | Perplexity: 58.3717
Batch 7160 | Loss: 4.1139 | Perplexity: 61.1828
Batch 7170 | Loss: 4.0704 | Perplexity: 58.5829
Batch 7180 | Loss: 4.1128 | Perplexity: 61.1167
Batch 7190 | Loss: 4.1672 | Perplexity: 64.5330
Batch 7200 | Loss: 4.1225 | Perplexity: 61.7157
Batch 7210 | Loss: 4.0898 | Perplexity: 59.7260
Batch 7220 | Loss: 4.0460 | Perplexity: 57.1688
Batch 7230 | Loss: 4.1087 | Perplexity: 60.8666
Batch 7240 | Loss: 4.1470 | Perplexity: 63.2412
Batch 7250 | Loss: 4.0742 | Perplexity: 58.8048
Epoch 32 | Loss: 4.3334 | Perplexity: 76.2066
Batch 7260 | Loss: 4.0868 | Perplexity: 59.5491
Batch 7270 | Loss: 4.0660 | Perplexity: 58.3231
Batch 7280 | Loss: 4.0884 | Perplexity: 59.6441
Batch 7290 | Loss: 4.0933 | Perplexity: 59.9377
Batch 7300 | Loss: 4.1158 | Perplexity: 61.3030
Batch 7310 | Loss: 4.0892 | Perplexity: 59.6912
Batch 7320 | Loss: 4.0939 | Perplexity: 59.9730
Batch 7330 | Loss: 4.1152 | Perplexity: 61.2644
Batch 7340 | Loss: 4.1236 | Perplexity: 61.7812
Batch 7350 | Loss: 4.1484 | Perplexity: 63.3313
Batch 7360 | Loss: 4.0924 | Perplexity: 59.8826
Batch 7370 | Loss: 4.0775 | Perplexity: 58.9977
Batch 7380 | Loss: 4.0957 | Perplexity: 60.0804
Batch 7390 | Loss: 4.0653 | Perplexity: 58.2799
Batch 7400 | Loss: 4.0791 | Perplexity: 59.0945
Batch 7410 | Loss: 4.0895 | Perplexity: 59.7114
Batch 7420 | Loss: 4.1118 | Perplexity: 61.0569
Batch 7430 | Loss: 4.0832 | Perplexity: 59.3353
Batch 7440 | Loss: 4.1412 | Perplexity: 62.8757
Batch 7450 | Loss: 4.1401 | Perplexity: 62.8113
Batch 7460 | Loss: 4.0947 | Perplexity: 60.0228
Batch 7470 | Loss: 4.1141 | Perplexity: 61.1974
Epoch 33 | Loss: 4.0702 | Perplexity: 58.5665
Batch 7480 | Loss: 4.0492 | Perplexity: 57.3495
Batch 7490 | Loss: 4.0258 | Perplexity: 56.0241
Batch 7500 | Loss: 4.1097 | Perplexity: 60.9296
Batch 7510 | Loss: 4.1411 | Perplexity: 62.8742
Batch 7520 | Loss: 4.0812 | Perplexity: 59.2183
Batch 7530 | Loss: 4.1210 | Perplexity: 61.6204
Batch 7540 | Loss: 4.0871 | Perplexity: 59.5669
Batch 7550 | Loss: 4.0758 | Perplexity: 58.8950
Batch 7560 | Loss: 4.0786 | Perplexity: 59.0653
Batch 7570 | Loss: 4.1023 | Perplexity: 60.4790
Batch 7580 | Loss: 4.0951 | Perplexity: 60.0459
Batch 7590 | Loss: 4.1007 | Perplexity: 60.3841
Batch 7600 | Loss: 4.0979 | Perplexity: 60.2165
Batch 7610 | Loss: 4.0817 | Perplexity: 59.2484
Batch 7620 | Loss: 4.0577 | Perplexity: 57.8428
Batch 7630 | Loss: 4.1217 | Perplexity: 61.6621
Batch 7640 | Loss: 4.0662 | Perplexity: 58.3354
Batch 7650 | Loss: 4.0460 | Perplexity: 57.1697
Batch 7660 | Loss: 4.0802 | Perplexity: 59.1554
Batch 7670 | Loss: 4.0910 | Perplexity: 59.8013
Batch 7680 | Loss: 4.1025 | Perplexity: 60.4915
Batch 7690 | Loss: 4.1051 | Perplexity: 60.6517
Epoch 34 | Loss: 4.0819 | Perplexity: 59.2573
Batch 7700 | Loss: 4.0996 | Perplexity: 60.3154
Batch 7710 | Loss: 4.0330 | Perplexity: 56.4282
Batch 7720 | Loss: 4.0991 | Perplexity: 60.2839
Batch 7730 | Loss: 4.1250 | Perplexity: 61.8688
Batch 7740 | Loss: 4.0770 | Perplexity: 58.9702
Batch 7750 | Loss: 4.0220 | Perplexity: 55.8118
Batch 7760 | Loss: 4.0559 | Perplexity: 57.7394
Batch 7770 | Loss: 4.0965 | Perplexity: 60.1310
Batch 7780 | Loss: 4.0813 | Perplexity: 59.2204
Batch 7790 | Loss: 4.0937 | Perplexity: 59.9603
Batch 7800 | Loss: 4.0551 | Perplexity: 57.6930
Batch 7810 | Loss: 4.0728 | Perplexity: 58.7230
Batch 7820 | Loss: 4.1237 | Perplexity: 61.7869
Batch 7830 | Loss: 4.0913 | Perplexity: 59.8181
Batch 7840 | Loss: 4.0942 | Perplexity: 59.9921
Batch 7850 | Loss: 4.0564 | Perplexity: 57.7686
Batch 7860 | Loss: 4.0324 | Perplexity: 56.3956
Batch 7870 | Loss: 4.0965 | Perplexity: 60.1311
Batch 7880 | Loss: 4.0408 | Perplexity: 56.8715
Batch 7890 | Loss: 4.1134 | Perplexity: 61.1543
Batch 7900 | Loss: 4.0896 | Perplexity: 59.7132
Batch 7910 | Loss: 4.0772 | Perplexity: 58.9791
Succesfully saved parameters to path
Epoch 35 | Loss: 3.9394 | Perplexity: 51.3893
Batch 7920 | Loss: 4.0331 | Perplexity: 56.4330
Batch 7930 | Loss: 4.0411 | Perplexity: 56.8869
Batch 7940 | Loss: 4.1030 | Perplexity: 60.5187
Batch 7950 | Loss: 4.0664 | Perplexity: 58.3480
Batch 7960 | Loss: 4.1112 | Perplexity: 61.0183
Batch 7970 | Loss: 4.0964 | Perplexity: 60.1215
Batch 7980 | Loss: 4.0517 | Perplexity: 57.4953
Batch 7990 | Loss: 4.1179 | Perplexity: 61.4309
Batch 8000 | Loss: 4.1027 | Perplexity: 60.5005
Batch 8010 | Loss: 4.0807 | Perplexity: 59.1841
Batch 8020 | Loss: 4.0890 | Perplexity: 59.6789
Batch 8030 | Loss: 4.0513 | Perplexity: 57.4722
Batch 8040 | Loss: 4.0629 | Perplexity: 58.1411
Batch 8050 | Loss: 4.0673 | Perplexity: 58.4017
Batch 8060 | Loss: 4.0392 | Perplexity: 56.7814
Batch 8070 | Loss: 4.0299 | Perplexity: 56.2526
Batch 8080 | Loss: 4.0542 | Perplexity: 57.6384
Batch 8090 | Loss: 4.0690 | Perplexity: 58.4955
Batch 8100 | Loss: 4.0388 | Perplexity: 56.7594
Batch 8110 | Loss: 4.0783 | Perplexity: 59.0463
Batch 8120 | Loss: 4.0916 | Perplexity: 59.8381
Batch 8130 | Loss: 4.0838 | Perplexity: 59.3717
Epoch 36 | Loss: 3.9754 | Perplexity: 53.2734
Batch 8140 | Loss: 4.0666 | Perplexity: 58.3580
Batch 8150 | Loss: 4.0499 | Perplexity: 57.3917
Batch 8160 | Loss: 4.0778 | Perplexity: 59.0157
Batch 8170 | Loss: 4.0310 | Perplexity: 56.3148
Batch 8180 | Loss: 4.0182 | Perplexity: 55.5984
Batch 8190 | Loss: 4.0859 | Perplexity: 59.4960
Batch 8200 | Loss: 4.1318 | Perplexity: 62.2887
Batch 8210 | Loss: 4.0717 | Perplexity: 58.6591
Batch 8220 | Loss: 4.1083 | Perplexity: 60.8416
Batch 8230 | Loss: 4.0556 | Perplexity: 57.7190
Batch 8240 | Loss: 4.0423 | Perplexity: 56.9559
Batch 8250 | Loss: 4.0494 | Perplexity: 57.3604
Batch 8260 | Loss: 4.0554 | Perplexity: 57.7105
Batch 8270 | Loss: 4.0331 | Perplexity: 56.4382
Batch 8280 | Loss: 4.0512 | Perplexity: 57.4655
Batch 8290 | Loss: 4.0936 | Perplexity: 59.9538
Batch 8300 | Loss: 4.0721 | Perplexity: 58.6772
Batch 8310 | Loss: 4.0556 | Perplexity: 57.7169
Batch 8320 | Loss: 4.0433 | Perplexity: 57.0154
Batch 8330 | Loss: 4.0539 | Perplexity: 57.6233
Batch 8340 | Loss: 4.0486 | Perplexity: 57.3152
Batch 8350 | Loss: 4.0437 | Perplexity: 57.0363
Epoch 37 | Loss: 4.0415 | Perplexity: 56.9141
Batch 8360 | Loss: 4.0622 | Perplexity: 58.1032
Batch 8370 | Loss: 4.0151 | Perplexity: 55.4292
Batch 8380 | Loss: 4.0319 | Perplexity: 56.3688
Batch 8390 | Loss: 4.0860 | Perplexity: 59.5019
Batch 8400 | Loss: 4.0470 | Perplexity: 57.2263
Batch 8410 | Loss: 4.0812 | Perplexity: 59.2156
Batch 8420 | Loss: 4.0608 | Perplexity: 58.0181
Batch 8430 | Loss: 4.0601 | Perplexity: 57.9798
Batch 8440 | Loss: 3.9961 | Perplexity: 54.3869
Batch 8450 | Loss: 4.0668 | Perplexity: 58.3706
Batch 8460 | Loss: 4.0469 | Perplexity: 57.2207
Batch 8470 | Loss: 4.0858 | Perplexity: 59.4922
Batch 8480 | Loss: 4.0739 | Perplexity: 58.7834
Batch 8490 | Loss: 4.0462 | Perplexity: 57.1777
Batch 8500 | Loss: 4.0308 | Perplexity: 56.3084
Batch 8510 | Loss: 4.0643 | Perplexity: 58.2226
Batch 8520 | Loss: 4.0206 | Perplexity: 55.7352
Batch 8530 | Loss: 4.0290 | Perplexity: 56.2033
Batch 8540 | Loss: 4.0274 | Perplexity: 56.1135
Batch 8550 | Loss: 4.0527 | Perplexity: 57.5508
Batch 8560 | Loss: 4.0269 | Perplexity: 56.0874
Batch 8570 | Loss: 4.0054 | Perplexity: 54.8911
Epoch 38 | Loss: 4.0416 | Perplexity: 56.9198
Batch 8580 | Loss: 4.0725 | Perplexity: 58.7062
Batch 8590 | Loss: 4.0537 | Perplexity: 57.6084
Batch 8600 | Loss: 4.0261 | Perplexity: 56.0424
Batch 8610 | Loss: 4.0443 | Perplexity: 57.0692
Batch 8620 | Loss: 4.1009 | Perplexity: 60.3938
Batch 8630 | Loss: 4.0627 | Perplexity: 58.1303
Batch 8640 | Loss: 4.0167 | Perplexity: 55.5173
Batch 8650 | Loss: 4.0250 | Perplexity: 55.9811
Batch 8660 | Loss: 4.0461 | Perplexity: 57.1715
Batch 8670 | Loss: 4.0480 | Perplexity: 57.2812
Batch 8680 | Loss: 4.0407 | Perplexity: 56.8681
Batch 8690 | Loss: 4.0783 | Perplexity: 59.0462
Batch 8700 | Loss: 4.0425 | Perplexity: 56.9690
Batch 8710 | Loss: 4.0039 | Perplexity: 54.8112
Batch 8720 | Loss: 4.0587 | Perplexity: 57.8999
Batch 8730 | Loss: 4.0262 | Perplexity: 56.0498
Batch 8740 | Loss: 4.0064 | Perplexity: 54.9503
Batch 8750 | Loss: 4.0891 | Perplexity: 59.6836
Batch 8760 | Loss: 4.0128 | Perplexity: 55.3039
Batch 8770 | Loss: 4.0516 | Perplexity: 57.4892
Batch 8780 | Loss: 4.0450 | Perplexity: 57.1102
Batch 8790 | Loss: 4.0185 | Perplexity: 55.6166
Epoch 39 | Loss: 4.1548 | Perplexity: 63.7366
Batch 8800 | Loss: 4.0765 | Perplexity: 58.9396
Batch 8810 | Loss: 3.9607 | Perplexity: 52.4959
Batch 8820 | Loss: 4.0385 | Perplexity: 56.7397
Batch 8830 | Loss: 4.0608 | Perplexity: 58.0183
Batch 8840 | Loss: 4.0879 | Perplexity: 59.6152
Batch 8850 | Loss: 4.0881 | Perplexity: 59.6274
Batch 8860 | Loss: 4.0588 | Perplexity: 57.9028
Batch 8870 | Loss: 4.0361 | Perplexity: 56.6058
Batch 8880 | Loss: 4.0109 | Perplexity: 55.1993
Batch 8890 | Loss: 4.0442 | Perplexity: 57.0667
Batch 8900 | Loss: 4.0458 | Perplexity: 57.1544
Batch 8910 | Loss: 4.0567 | Perplexity: 57.7819
Batch 8920 | Loss: 4.0594 | Perplexity: 57.9416
Batch 8930 | Loss: 4.0650 | Perplexity: 58.2630
Batch 8940 | Loss: 4.0543 | Perplexity: 57.6451
Batch 8950 | Loss: 4.0642 | Perplexity: 58.2210
Batch 8960 | Loss: 4.0713 | Perplexity: 58.6322
Batch 8970 | Loss: 4.0087 | Perplexity: 55.0754
Batch 8980 | Loss: 4.0139 | Perplexity: 55.3620
Batch 8990 | Loss: 4.0958 | Perplexity: 60.0876
Batch 9000 | Loss: 4.0029 | Perplexity: 54.7571
Batch 9010 | Loss: 4.0297 | Perplexity: 56.2433
Succesfully saved parameters to path
Epoch 40 | Loss: 4.0555 | Perplexity: 57.7132
Batch 9020 | Loss: 4.0524 | Perplexity: 57.5348
Batch 9030 | Loss: 4.0160 | Perplexity: 55.4801
Batch 9040 | Loss: 4.0142 | Perplexity: 55.3792
Batch 9050 | Loss: 4.0229 | Perplexity: 55.8643
Batch 9060 | Loss: 4.0328 | Perplexity: 56.4163
Batch 9070 | Loss: 4.0505 | Perplexity: 57.4271
Batch 9080 | Loss: 4.0440 | Perplexity: 57.0538
Batch 9090 | Loss: 4.0411 | Perplexity: 56.8883
Batch 9100 | Loss: 4.0252 | Perplexity: 55.9927
Batch 9110 | Loss: 4.0446 | Perplexity: 57.0863
Batch 9120 | Loss: 4.0053 | Perplexity: 54.8906
Batch 9130 | Loss: 4.0593 | Perplexity: 57.9361
Batch 9140 | Loss: 4.0505 | Perplexity: 57.4285
Batch 9150 | Loss: 4.0215 | Perplexity: 55.7875
Batch 9160 | Loss: 4.0307 | Perplexity: 56.2985
Batch 9170 | Loss: 4.0000 | Perplexity: 54.5993
Batch 9180 | Loss: 4.0381 | Perplexity: 56.7213
Batch 9190 | Loss: 4.0378 | Perplexity: 56.7025
Batch 9200 | Loss: 4.0428 | Perplexity: 56.9881
Batch 9210 | Loss: 4.0098 | Perplexity: 55.1364
Batch 9220 | Loss: 4.0081 | Perplexity: 55.0398
Batch 9230 | Loss: 4.0964 | Perplexity: 60.1222
Epoch 41 | Loss: 4.0360 | Perplexity: 56.6006
Batch 9240 | Loss: 4.0520 | Perplexity: 57.5099
Batch 9250 | Loss: 4.0404 | Perplexity: 56.8465
Batch 9260 | Loss: 4.0649 | Perplexity: 58.2593
Batch 9270 | Loss: 4.0268 | Perplexity: 56.0805
Batch 9280 | Loss: 4.0014 | Perplexity: 54.6751
Batch 9290 | Loss: 4.0449 | Perplexity: 57.1044
Batch 9300 | Loss: 4.0270 | Perplexity: 56.0950
Batch 9310 | Loss: 4.0279 | Perplexity: 56.1451
Batch 9320 | Loss: 4.0329 | Perplexity: 56.4239
Batch 9330 | Loss: 3.9998 | Perplexity: 54.5856
Batch 9340 | Loss: 4.0027 | Perplexity: 54.7431
Batch 9350 | Loss: 4.0290 | Perplexity: 56.2049
Batch 9360 | Loss: 3.9978 | Perplexity: 54.4771
Batch 9370 | Loss: 3.9894 | Perplexity: 54.0249
Batch 9380 | Loss: 4.0326 | Perplexity: 56.4069
Batch 9390 | Loss: 3.9864 | Perplexity: 53.8625
Batch 9400 | Loss: 3.9965 | Perplexity: 54.4093
Batch 9410 | Loss: 4.0232 | Perplexity: 55.8821
Batch 9420 | Loss: 4.0169 | Perplexity: 55.5274
Batch 9430 | Loss: 4.0094 | Perplexity: 55.1116
Batch 9440 | Loss: 3.9769 | Perplexity: 53.3495
Batch 9450 | Loss: 4.0279 | Perplexity: 56.1445
Epoch 42 | Loss: 4.1781 | Perplexity: 65.2432
Batch 9460 | Loss: 4.0136 | Perplexity: 55.3436
Batch 9470 | Loss: 3.9723 | Perplexity: 53.1078
Batch 9480 | Loss: 4.0285 | Perplexity: 56.1769
Batch 9490 | Loss: 4.0329 | Perplexity: 56.4261
Batch 9500 | Loss: 4.0061 | Perplexity: 54.9327
Batch 9510 | Loss: 4.0354 | Perplexity: 56.5649
Batch 9520 | Loss: 4.0565 | Perplexity: 57.7723
Batch 9530 | Loss: 3.9961 | Perplexity: 54.3840
Batch 9540 | Loss: 4.0063 | Perplexity: 54.9413
Batch 9550 | Loss: 3.9885 | Perplexity: 53.9732
Batch 9560 | Loss: 4.0257 | Perplexity: 56.0176
Batch 9570 | Loss: 4.0667 | Perplexity: 58.3654
Batch 9580 | Loss: 4.0425 | Perplexity: 56.9675
Batch 9590 | Loss: 4.0446 | Perplexity: 57.0883
Batch 9600 | Loss: 4.0591 | Perplexity: 57.9245
Batch 9610 | Loss: 4.0210 | Perplexity: 55.7590
Batch 9620 | Loss: 4.0016 | Perplexity: 54.6862
Batch 9630 | Loss: 4.0375 | Perplexity: 56.6837
Batch 9640 | Loss: 4.0234 | Perplexity: 55.8899
Batch 9650 | Loss: 3.9950 | Perplexity: 54.3275
Batch 9660 | Loss: 4.0186 | Perplexity: 55.6209
Batch 9670 | Loss: 3.9983 | Perplexity: 54.5033
Epoch 43 | Loss: 4.1477 | Perplexity: 63.2858
Batch 9680 | Loss: 4.0096 | Perplexity: 55.1224
Batch 9690 | Loss: 4.0325 | Perplexity: 56.4010
Batch 9700 | Loss: 3.9979 | Perplexity: 54.4834
Batch 9710 | Loss: 4.0158 | Perplexity: 55.4698
Batch 9720 | Loss: 4.0159 | Perplexity: 55.4725
Batch 9730 | Loss: 3.9514 | Perplexity: 52.0057
Batch 9740 | Loss: 3.9779 | Perplexity: 53.4042
Batch 9750 | Loss: 3.9839 | Perplexity: 53.7251
Batch 9760 | Loss: 4.0126 | Perplexity: 55.2921
Batch 9770 | Loss: 4.0173 | Perplexity: 55.5491
Batch 9780 | Loss: 3.9871 | Perplexity: 53.8964
Batch 9790 | Loss: 3.9939 | Perplexity: 54.2661
Batch 9800 | Loss: 4.0223 | Perplexity: 55.8316
Batch 9810 | Loss: 4.0666 | Perplexity: 58.3603
Batch 9820 | Loss: 3.9895 | Perplexity: 54.0276
Batch 9830 | Loss: 4.0215 | Perplexity: 55.7849
Batch 9840 | Loss: 3.9947 | Perplexity: 54.3089
Batch 9850 | Loss: 3.9977 | Perplexity: 54.4707
Batch 9860 | Loss: 4.1035 | Perplexity: 60.5504
Batch 9870 | Loss: 4.0053 | Perplexity: 54.8898
Batch 9880 | Loss: 4.0357 | Perplexity: 56.5841
Batch 9890 | Loss: 4.0443 | Perplexity: 57.0690
Epoch 44 | Loss: 4.0932 | Perplexity: 59.9309
Batch 9900 | Loss: 3.9663 | Perplexity: 52.7885
Batch 9910 | Loss: 3.9935 | Perplexity: 54.2445
Batch 9920 | Loss: 4.0486 | Perplexity: 57.3191
Batch 9930 | Loss: 4.0272 | Perplexity: 56.1014
Batch 9940 | Loss: 4.0352 | Perplexity: 56.5520
Batch 9950 | Loss: 4.0071 | Perplexity: 54.9894
Batch 9960 | Loss: 4.0615 | Perplexity: 58.0599
Batch 9970 | Loss: 4.0251 | Perplexity: 55.9841
Batch 9980 | Loss: 3.9879 | Perplexity: 53.9423
Batch 9990 | Loss: 4.0106 | Perplexity: 55.1789
Batch 10000 | Loss: 3.9994 | Perplexity: 54.5629
Batch 10010 | Loss: 3.9913 | Perplexity: 54.1273
Batch 10020 | Loss: 4.0301 | Perplexity: 56.2674
Batch 10030 | Loss: 4.0531 | Perplexity: 57.5733
Batch 10040 | Loss: 4.0056 | Perplexity: 54.9058
Batch 10050 | Loss: 4.0543 | Perplexity: 57.6444
Batch 10060 | Loss: 4.0231 | Perplexity: 55.8733
Batch 10070 | Loss: 4.0517 | Perplexity: 57.4941
Batch 10080 | Loss: 4.0348 | Perplexity: 56.5327
Batch 10090 | Loss: 4.0111 | Perplexity: 55.2073
Batch 10100 | Loss: 4.0132 | Perplexity: 55.3252
Batch 10110 | Loss: 4.0213 | Perplexity: 55.7719
Succesfully saved parameters to path
Epoch 45 | Loss: 3.9491 | Perplexity: 51.8862
Batch 10120 | Loss: 3.9770 | Perplexity: 53.3560
Batch 10130 | Loss: 4.0335 | Perplexity: 56.4599
Batch 10140 | Loss: 3.9828 | Perplexity: 53.6693
Batch 10150 | Loss: 3.9976 | Perplexity: 54.4691
Batch 10160 | Loss: 4.0069 | Perplexity: 54.9757
Batch 10170 | Loss: 4.0069 | Perplexity: 54.9771
Batch 10180 | Loss: 3.9823 | Perplexity: 53.6400
Batch 10190 | Loss: 4.0390 | Perplexity: 56.7687
Batch 10200 | Loss: 4.0381 | Perplexity: 56.7158
Batch 10210 | Loss: 4.0017 | Perplexity: 54.6896
Batch 10220 | Loss: 4.0010 | Perplexity: 54.6529
Batch 10230 | Loss: 4.0181 | Perplexity: 55.5976
Batch 10240 | Loss: 4.0395 | Perplexity: 56.7984
Batch 10250 | Loss: 4.0175 | Perplexity: 55.5623
Batch 10260 | Loss: 4.0190 | Perplexity: 55.6428
Batch 10270 | Loss: 3.9779 | Perplexity: 53.4024
Batch 10280 | Loss: 4.0316 | Perplexity: 56.3499
Batch 10290 | Loss: 3.9755 | Perplexity: 53.2780
Batch 10300 | Loss: 4.0114 | Perplexity: 55.2263
Batch 10310 | Loss: 3.9883 | Perplexity: 53.9644
Batch 10320 | Loss: 4.0338 | Perplexity: 56.4729
Batch 10330 | Loss: 3.9926 | Perplexity: 54.1946
Epoch 46 | Loss: 4.1052 | Perplexity: 60.6539
Batch 10340 | Loss: 4.0323 | Perplexity: 56.3895
Batch 10350 | Loss: 4.0041 | Perplexity: 54.8216
Batch 10360 | Loss: 3.9846 | Perplexity: 53.7620
Batch 10370 | Loss: 4.0130 | Perplexity: 55.3104
Batch 10380 | Loss: 4.0405 | Perplexity: 56.8561
Batch 10390 | Loss: 3.9766 | Perplexity: 53.3328
Batch 10400 | Loss: 4.0145 | Perplexity: 55.3934
Batch 10410 | Loss: 3.9897 | Perplexity: 54.0390
Batch 10420 | Loss: 3.9666 | Perplexity: 52.8024
Batch 10430 | Loss: 3.9707 | Perplexity: 53.0234
Batch 10440 | Loss: 4.0031 | Perplexity: 54.7690
Batch 10450 | Loss: 3.9873 | Perplexity: 53.9073
Batch 10460 | Loss: 4.0155 | Perplexity: 55.4494
Batch 10470 | Loss: 3.9713 | Perplexity: 53.0554
Batch 10480 | Loss: 3.9956 | Perplexity: 54.3587
Batch 10490 | Loss: 4.0105 | Perplexity: 55.1751
Batch 10500 | Loss: 3.9859 | Perplexity: 53.8312
Batch 10510 | Loss: 4.0163 | Perplexity: 55.4974
Batch 10520 | Loss: 3.9780 | Perplexity: 53.4126
Batch 10530 | Loss: 4.0138 | Perplexity: 55.3569
Batch 10540 | Loss: 3.9976 | Perplexity: 54.4662
Batch 10550 | Loss: 4.0086 | Perplexity: 55.0698
Epoch 47 | Loss: 3.9504 | Perplexity: 51.9574
Batch 10560 | Loss: 3.9740 | Perplexity: 53.1961
Batch 10570 | Loss: 3.9718 | Perplexity: 53.0776
Batch 10580 | Loss: 3.9467 | Perplexity: 51.7644
Batch 10590 | Loss: 3.9529 | Perplexity: 52.0874
Batch 10600 | Loss: 4.0033 | Perplexity: 54.7785
Batch 10610 | Loss: 3.9886 | Perplexity: 53.9779
Batch 10620 | Loss: 3.9978 | Perplexity: 54.4806
Batch 10630 | Loss: 3.9916 | Perplexity: 54.1437
Batch 10640 | Loss: 4.0439 | Perplexity: 57.0498
Batch 10650 | Loss: 4.0055 | Perplexity: 54.8973
Batch 10660 | Loss: 4.0428 | Perplexity: 56.9864
Batch 10670 | Loss: 4.0326 | Perplexity: 56.4090
Batch 10680 | Loss: 3.9771 | Perplexity: 53.3620
Batch 10690 | Loss: 3.9558 | Perplexity: 52.2396
Batch 10700 | Loss: 3.9788 | Perplexity: 53.4532
Batch 10710 | Loss: 3.9737 | Perplexity: 53.1808
Batch 10720 | Loss: 3.9717 | Perplexity: 53.0753
Batch 10730 | Loss: 4.0279 | Perplexity: 56.1403
Batch 10740 | Loss: 3.9934 | Perplexity: 54.2394
Batch 10750 | Loss: 4.0145 | Perplexity: 55.3975
Batch 10760 | Loss: 4.0071 | Perplexity: 54.9869
Batch 10770 | Loss: 3.9619 | Perplexity: 52.5591
Epoch 48 | Loss: 3.9988 | Perplexity: 54.5334
Batch 10780 | Loss: 3.9881 | Perplexity: 53.9497
Batch 10790 | Loss: 4.0044 | Perplexity: 54.8385
Batch 10800 | Loss: 4.0092 | Perplexity: 55.1006
Batch 10810 | Loss: 3.9726 | Perplexity: 53.1209
Batch 10820 | Loss: 4.0260 | Perplexity: 56.0343
Batch 10830 | Loss: 4.0040 | Perplexity: 54.8146
Batch 10840 | Loss: 3.9859 | Perplexity: 53.8347
Batch 10850 | Loss: 3.9870 | Perplexity: 53.8920
Batch 10860 | Loss: 4.0156 | Perplexity: 55.4565
Batch 10870 | Loss: 4.0220 | Perplexity: 55.8113
Batch 10880 | Loss: 3.9641 | Perplexity: 52.6702
Batch 10890 | Loss: 3.9851 | Perplexity: 53.7916
Batch 10900 | Loss: 3.9758 | Perplexity: 53.2923
Batch 10910 | Loss: 3.9457 | Perplexity: 51.7150
Batch 10920 | Loss: 4.0288 | Perplexity: 56.1957
Batch 10930 | Loss: 4.0041 | Perplexity: 54.8249
Batch 10940 | Loss: 3.9784 | Perplexity: 53.4328
Batch 10950 | Loss: 3.9751 | Perplexity: 53.2571
Batch 10960 | Loss: 3.9893 | Perplexity: 54.0147
Batch 10970 | Loss: 3.9784 | Perplexity: 53.4303
Batch 10980 | Loss: 3.9813 | Perplexity: 53.5891
Batch 10990 | Loss: 4.0058 | Perplexity: 54.9153
Epoch 49 | Loss: 4.0756 | Perplexity: 58.8839
Batch 11000 | Loss: 3.9700 | Perplexity: 52.9865
Batch 11010 | Loss: 4.0401 | Perplexity: 56.8302
Batch 11020 | Loss: 3.9505 | Perplexity: 51.9616
Batch 11030 | Loss: 3.9738 | Perplexity: 53.1858
Batch 11040 | Loss: 4.0019 | Perplexity: 54.7017
Batch 11050 | Loss: 3.9885 | Perplexity: 53.9715
Batch 11060 | Loss: 4.0057 | Perplexity: 54.9096
Batch 11070 | Loss: 3.9720 | Perplexity: 53.0899
Batch 11080 | Loss: 3.9491 | Perplexity: 51.8885
Batch 11090 | Loss: 3.9976 | Perplexity: 54.4662
Batch 11100 | Loss: 3.9125 | Perplexity: 50.0236
Batch 11110 | Loss: 3.9822 | Perplexity: 53.6351
Batch 11120 | Loss: 3.9678 | Perplexity: 52.8670
Batch 11130 | Loss: 3.9989 | Perplexity: 54.5367
Batch 11140 | Loss: 3.9773 | Perplexity: 53.3739
Batch 11150 | Loss: 3.9827 | Perplexity: 53.6635
Batch 11160 | Loss: 4.0379 | Perplexity: 56.7074
Batch 11170 | Loss: 3.9611 | Perplexity: 52.5145
Batch 11180 | Loss: 4.0057 | Perplexity: 54.9086
Batch 11190 | Loss: 4.0114 | Perplexity: 55.2261
Batch 11200 | Loss: 3.9700 | Perplexity: 52.9827
Batch 11210 | Loss: 3.9983 | Perplexity: 54.5075
Succesfully saved parameters to path
Epoch 50 | Loss: 3.9290 | Perplexity: 50.8583
Batch 11220 | Loss: 3.9501 | Perplexity: 51.9406
Batch 11230 | Loss: 3.9832 | Perplexity: 53.6896
Batch 11240 | Loss: 3.9787 | Perplexity: 53.4451
Batch 11250 | Loss: 3.9581 | Perplexity: 52.3565
Batch 11260 | Loss: 3.9866 | Perplexity: 53.8708
Batch 11270 | Loss: 3.9581 | Perplexity: 52.3586
Batch 11280 | Loss: 3.9799 | Perplexity: 53.5118
Batch 11290 | Loss: 3.9465 | Perplexity: 51.7558
Batch 11300 | Loss: 3.9487 | Perplexity: 51.8654
Batch 11310 | Loss: 3.9612 | Perplexity: 52.5215
Batch 11320 | Loss: 4.0164 | Perplexity: 55.5005
Batch 11330 | Loss: 4.0072 | Perplexity: 54.9918
Batch 11340 | Loss: 3.9561 | Perplexity: 52.2506
Batch 11350 | Loss: 3.9845 | Perplexity: 53.7602
Batch 11360 | Loss: 3.9571 | Perplexity: 52.3054
Batch 11370 | Loss: 3.9650 | Perplexity: 52.7187
Batch 11380 | Loss: 4.0260 | Perplexity: 56.0340
Batch 11390 | Loss: 3.9481 | Perplexity: 51.8350
Batch 11400 | Loss: 3.9633 | Perplexity: 52.6283
Batch 11410 | Loss: 3.9768 | Perplexity: 53.3456
Batch 11420 | Loss: 3.9620 | Perplexity: 52.5614
Batch 11430 | Loss: 3.9728 | Perplexity: 53.1335
Epoch 51 | Loss: 4.1180 | Perplexity: 61.4333
Batch 11440 | Loss: 3.9891 | Perplexity: 54.0088
Batch 11450 | Loss: 3.9527 | Perplexity: 52.0739
Batch 11460 | Loss: 4.0140 | Perplexity: 55.3682
Batch 11470 | Loss: 3.9703 | Perplexity: 52.9986
Batch 11480 | Loss: 3.9674 | Perplexity: 52.8492
Batch 11490 | Loss: 3.9821 | Perplexity: 53.6269
Batch 11500 | Loss: 3.9666 | Perplexity: 52.8022
Batch 11510 | Loss: 3.9970 | Perplexity: 54.4357
Batch 11520 | Loss: 3.9698 | Perplexity: 52.9728
Batch 11530 | Loss: 3.9950 | Perplexity: 54.3253
Batch 11540 | Loss: 4.0458 | Perplexity: 57.1578
Batch 11550 | Loss: 3.9524 | Perplexity: 52.0602
Batch 11560 | Loss: 3.9910 | Perplexity: 54.1093
Batch 11570 | Loss: 3.9926 | Perplexity: 54.1945
Batch 11580 | Loss: 3.9985 | Perplexity: 54.5177
Batch 11590 | Loss: 3.9638 | Perplexity: 52.6563
Batch 11600 | Loss: 4.0287 | Perplexity: 56.1857
Batch 11610 | Loss: 4.0225 | Perplexity: 55.8425
Batch 11620 | Loss: 3.9999 | Perplexity: 54.5950
Batch 11630 | Loss: 3.9587 | Perplexity: 52.3903
Batch 11640 | Loss: 3.9684 | Perplexity: 52.8990
Batch 11650 | Loss: 3.9927 | Perplexity: 54.2015
Epoch 52 | Loss: 4.0667 | Perplexity: 58.3615
Batch 11660 | Loss: 3.9690 | Perplexity: 52.9325
Batch 11670 | Loss: 3.9720 | Perplexity: 53.0899
Batch 11680 | Loss: 3.9973 | Perplexity: 54.4489
Batch 11690 | Loss: 4.0068 | Perplexity: 54.9696
Batch 11700 | Loss: 3.9324 | Perplexity: 51.0270
Batch 11710 | Loss: 4.0346 | Perplexity: 56.5195
Batch 11720 | Loss: 3.9594 | Perplexity: 52.4275
Batch 11730 | Loss: 4.0002 | Perplexity: 54.6065
Batch 11740 | Loss: 4.0245 | Perplexity: 55.9533
Batch 11750 | Loss: 4.0373 | Perplexity: 56.6737
Batch 11760 | Loss: 4.0073 | Perplexity: 54.9967
Batch 11770 | Loss: 3.9513 | Perplexity: 52.0041
Batch 11780 | Loss: 3.9445 | Perplexity: 51.6504
Batch 11790 | Loss: 3.9623 | Perplexity: 52.5765
Batch 11800 | Loss: 3.9735 | Perplexity: 53.1687
Batch 11810 | Loss: 3.9788 | Perplexity: 53.4534
Batch 11820 | Loss: 3.9918 | Perplexity: 54.1503
Batch 11830 | Loss: 3.9779 | Perplexity: 53.4025
Batch 11840 | Loss: 3.9744 | Perplexity: 53.2195
Batch 11850 | Loss: 3.9839 | Perplexity: 53.7260
Batch 11860 | Loss: 3.9826 | Perplexity: 53.6559
Batch 11870 | Loss: 3.9820 | Perplexity: 53.6235
Epoch 53 | Loss: 3.9428 | Perplexity: 51.5649
Batch 11880 | Loss: 3.9949 | Perplexity: 54.3216
Batch 11890 | Loss: 3.9970 | Perplexity: 54.4341
Batch 11900 | Loss: 3.9300 | Perplexity: 50.9060
Batch 11910 | Loss: 3.9561 | Perplexity: 52.2509
Batch 11920 | Loss: 3.9233 | Perplexity: 50.5670
Batch 11930 | Loss: 3.9499 | Perplexity: 51.9323
Batch 11940 | Loss: 3.9625 | Perplexity: 52.5877
Batch 11950 | Loss: 3.9674 | Perplexity: 52.8480
Batch 11960 | Loss: 3.9760 | Perplexity: 53.3022
Batch 11970 | Loss: 4.0002 | Perplexity: 54.6098
Batch 11980 | Loss: 3.9680 | Perplexity: 52.8794
Batch 11990 | Loss: 3.9686 | Perplexity: 52.9087
Batch 12000 | Loss: 3.9495 | Perplexity: 51.9082
Batch 12010 | Loss: 3.9554 | Perplexity: 52.2145
Batch 12020 | Loss: 3.9470 | Perplexity: 51.7785
Batch 12030 | Loss: 3.9862 | Perplexity: 53.8510
Batch 12040 | Loss: 3.8958 | Perplexity: 49.1938
Batch 12050 | Loss: 3.9901 | Perplexity: 54.0585
Batch 12060 | Loss: 3.9676 | Perplexity: 52.8569
Batch 12070 | Loss: 3.9627 | Perplexity: 52.6004
Batch 12080 | Loss: 3.9472 | Perplexity: 51.7902
Batch 12090 | Loss: 3.9487 | Perplexity: 51.8694
Epoch 54 | Loss: 3.8407 | Perplexity: 46.5591
Batch 12100 | Loss: 3.9236 | Perplexity: 50.5825
Batch 12110 | Loss: 3.9795 | Perplexity: 53.4916
Batch 12120 | Loss: 3.9693 | Perplexity: 52.9469
Batch 12130 | Loss: 3.9665 | Perplexity: 52.7988
Batch 12140 | Loss: 3.9563 | Perplexity: 52.2657
Batch 12150 | Loss: 3.9599 | Perplexity: 52.4509
Batch 12160 | Loss: 3.9295 | Perplexity: 50.8840
Batch 12170 | Loss: 4.0051 | Perplexity: 54.8781
Batch 12180 | Loss: 3.9763 | Perplexity: 53.3171
Batch 12190 | Loss: 3.9876 | Perplexity: 53.9241
Batch 12200 | Loss: 3.9718 | Perplexity: 53.0774
Batch 12210 | Loss: 3.9387 | Perplexity: 51.3501
Batch 12220 | Loss: 3.9312 | Perplexity: 50.9676
Batch 12230 | Loss: 3.9877 | Perplexity: 53.9302
Batch 12240 | Loss: 4.0002 | Perplexity: 54.6082
Batch 12250 | Loss: 4.0008 | Perplexity: 54.6409
Batch 12260 | Loss: 3.9570 | Perplexity: 52.3002
Batch 12270 | Loss: 3.9662 | Perplexity: 52.7827
Batch 12280 | Loss: 3.9329 | Perplexity: 51.0532
Batch 12290 | Loss: 3.9890 | Perplexity: 53.9987
Batch 12300 | Loss: 3.9375 | Perplexity: 51.2917
Batch 12310 | Loss: 3.9894 | Perplexity: 54.0200
Succesfully saved parameters to path
Epoch 55 | Loss: 3.9424 | Perplexity: 51.5407
Batch 12320 | Loss: 3.9498 | Perplexity: 51.9232
Batch 12330 | Loss: 3.9804 | Perplexity: 53.5408
Batch 12340 | Loss: 3.9500 | Perplexity: 51.9366
Batch 12350 | Loss: 3.9332 | Perplexity: 51.0724
Batch 12360 | Loss: 3.9635 | Perplexity: 52.6409
Batch 12370 | Loss: 3.9766 | Perplexity: 53.3349
Batch 12380 | Loss: 3.9599 | Perplexity: 52.4523
Batch 12390 | Loss: 3.9653 | Perplexity: 52.7340
Batch 12400 | Loss: 3.9048 | Perplexity: 49.6415
Batch 12410 | Loss: 3.9713 | Perplexity: 53.0540
Batch 12420 | Loss: 3.9431 | Perplexity: 51.5799
Batch 12430 | Loss: 3.9518 | Perplexity: 52.0295
Batch 12440 | Loss: 3.9872 | Perplexity: 53.9042
Batch 12450 | Loss: 3.9412 | Perplexity: 51.4793
Batch 12460 | Loss: 3.9533 | Perplexity: 52.1091
Batch 12470 | Loss: 3.9612 | Perplexity: 52.5191
Batch 12480 | Loss: 3.9378 | Perplexity: 51.3052
Batch 12490 | Loss: 3.9463 | Perplexity: 51.7429
Batch 12500 | Loss: 3.9471 | Perplexity: 51.7870
Batch 12510 | Loss: 3.9628 | Perplexity: 52.6068
Batch 12520 | Loss: 3.9873 | Perplexity: 53.9105
Batch 12530 | Loss: 3.9179 | Perplexity: 50.2936
Epoch 56 | Loss: 3.9985 | Perplexity: 54.5190
Batch 12540 | Loss: 3.9495 | Perplexity: 51.9112
Batch 12550 | Loss: 3.9948 | Perplexity: 54.3167
Batch 12560 | Loss: 3.9359 | Perplexity: 51.2105
Batch 12570 | Loss: 3.9731 | Perplexity: 53.1489
Batch 12580 | Loss: 3.9795 | Perplexity: 53.4923
Batch 12590 | Loss: 3.9802 | Perplexity: 53.5300
Batch 12600 | Loss: 3.9657 | Perplexity: 52.7594
Batch 12610 | Loss: 4.0072 | Perplexity: 54.9943
Batch 12620 | Loss: 3.9752 | Perplexity: 53.2596
Batch 12630 | Loss: 3.9725 | Perplexity: 53.1165
Batch 12640 | Loss: 3.9896 | Perplexity: 54.0350
Batch 12650 | Loss: 3.9911 | Perplexity: 54.1168
Batch 12660 | Loss: 3.9499 | Perplexity: 51.9327
Batch 12670 | Loss: 3.9187 | Perplexity: 50.3332
Batch 12680 | Loss: 3.9847 | Perplexity: 53.7710
Batch 12690 | Loss: 4.0266 | Perplexity: 56.0707
Batch 12700 | Loss: 3.9571 | Perplexity: 52.3080
Batch 12710 | Loss: 3.9749 | Perplexity: 53.2447
Batch 12720 | Loss: 4.0048 | Perplexity: 54.8605
Batch 12730 | Loss: 3.8970 | Perplexity: 49.2549
Batch 12740 | Loss: 3.9228 | Perplexity: 50.5395
Batch 12750 | Loss: 4.0027 | Perplexity: 54.7472
Epoch 57 | Loss: 3.7920 | Perplexity: 44.3449
Batch 12760 | Loss: 3.8925 | Perplexity: 49.0322
Batch 12770 | Loss: 3.9617 | Perplexity: 52.5480
Batch 12780 | Loss: 3.9558 | Perplexity: 52.2380
Batch 12790 | Loss: 3.9397 | Perplexity: 51.4050
Batch 12800 | Loss: 3.9824 | Perplexity: 53.6471
Batch 12810 | Loss: 3.9560 | Perplexity: 52.2467
Batch 12820 | Loss: 3.9526 | Perplexity: 52.0687
Batch 12830 | Loss: 3.9528 | Perplexity: 52.0808
Batch 12840 | Loss: 3.9647 | Perplexity: 52.7020
Batch 12850 | Loss: 3.9395 | Perplexity: 51.3929
Batch 12860 | Loss: 3.9418 | Perplexity: 51.5128
Batch 12870 | Loss: 3.9634 | Perplexity: 52.6367
Batch 12880 | Loss: 3.9721 | Perplexity: 53.0985
Batch 12890 | Loss: 3.9583 | Perplexity: 52.3685
Batch 12900 | Loss: 3.9584 | Perplexity: 52.3709
Batch 12910 | Loss: 3.9419 | Perplexity: 51.5177
Batch 12920 | Loss: 3.9730 | Perplexity: 53.1441
Batch 12930 | Loss: 3.9441 | Perplexity: 51.6308
Batch 12940 | Loss: 3.9439 | Perplexity: 51.6189
Batch 12950 | Loss: 3.9183 | Perplexity: 50.3136
Batch 12960 | Loss: 3.9727 | Perplexity: 53.1282
Batch 12970 | Loss: 3.9695 | Perplexity: 52.9606
Epoch 58 | Loss: 3.8205 | Perplexity: 45.6279
Batch 12980 | Loss: 3.9365 | Perplexity: 51.2395
Batch 12990 | Loss: 3.9345 | Perplexity: 51.1350
Batch 13000 | Loss: 3.9367 | Perplexity: 51.2502
Batch 13010 | Loss: 3.9417 | Perplexity: 51.5063
Batch 13020 | Loss: 3.9523 | Perplexity: 52.0562
Batch 13030 | Loss: 3.9824 | Perplexity: 53.6443
Batch 13040 | Loss: 3.9774 | Perplexity: 53.3790
Batch 13050 | Loss: 3.9535 | Perplexity: 52.1188
Batch 13060 | Loss: 3.9635 | Perplexity: 52.6435
Batch 13070 | Loss: 3.9108 | Perplexity: 49.9405
Batch 13080 | Loss: 3.9117 | Perplexity: 49.9827
Batch 13090 | Loss: 3.9535 | Perplexity: 52.1171
Batch 13100 | Loss: 3.9634 | Perplexity: 52.6337
Batch 13110 | Loss: 3.9684 | Perplexity: 52.9002
Batch 13120 | Loss: 3.9191 | Perplexity: 50.3572
Batch 13130 | Loss: 3.9562 | Perplexity: 52.2605
Batch 13140 | Loss: 4.0098 | Perplexity: 55.1357
Batch 13150 | Loss: 3.9265 | Perplexity: 50.7305
Batch 13160 | Loss: 3.9520 | Perplexity: 52.0384
Batch 13170 | Loss: 3.9836 | Perplexity: 53.7084
Batch 13180 | Loss: 3.9789 | Perplexity: 53.4598
Batch 13190 | Loss: 3.9423 | Perplexity: 51.5368
Epoch 59 | Loss: 3.9743 | Perplexity: 53.2128
Batch 13200 | Loss: 3.9656 | Perplexity: 52.7539
Batch 13210 | Loss: 3.9689 | Perplexity: 52.9275
Batch 13220 | Loss: 3.9683 | Perplexity: 52.8951
Batch 13230 | Loss: 3.9588 | Perplexity: 52.3935
Batch 13240 | Loss: 3.9178 | Perplexity: 50.2881
Batch 13250 | Loss: 3.9322 | Perplexity: 51.0215
Batch 13260 | Loss: 3.9509 | Perplexity: 51.9847
Batch 13270 | Loss: 3.9674 | Perplexity: 52.8474
Batch 13280 | Loss: 3.9568 | Perplexity: 52.2882
Batch 13290 | Loss: 3.9526 | Perplexity: 52.0700
Batch 13300 | Loss: 3.9301 | Perplexity: 50.9137
Batch 13310 | Loss: 3.9535 | Perplexity: 52.1180
Batch 13320 | Loss: 3.8855 | Perplexity: 48.6912
Batch 13330 | Loss: 3.8893 | Perplexity: 48.8785
Batch 13340 | Loss: 3.9600 | Perplexity: 52.4591
Batch 13350 | Loss: 3.9069 | Perplexity: 49.7426
Batch 13360 | Loss: 3.9282 | Perplexity: 50.8177
Batch 13370 | Loss: 3.9042 | Perplexity: 49.6098
Batch 13380 | Loss: 3.9645 | Perplexity: 52.6957
Batch 13390 | Loss: 3.9723 | Perplexity: 53.1089
Batch 13400 | Loss: 3.9479 | Perplexity: 51.8287
Batch 13410 | Loss: 3.9651 | Perplexity: 52.7272
Succesfully saved parameters to path
Epoch 60 | Loss: 3.8659 | Perplexity: 47.7472
Batch 13420 | Loss: 3.8989 | Perplexity: 49.3470
Batch 13430 | Loss: 3.9424 | Perplexity: 51.5447
Batch 13440 | Loss: 3.9572 | Perplexity: 52.3106
Batch 13450 | Loss: 3.9273 | Perplexity: 50.7679
Batch 13460 | Loss: 3.9135 | Perplexity: 50.0737
Batch 13470 | Loss: 3.8864 | Perplexity: 48.7374
Batch 13480 | Loss: 3.8922 | Perplexity: 49.0179
Batch 13490 | Loss: 3.9843 | Perplexity: 53.7466
Batch 13500 | Loss: 3.9452 | Perplexity: 51.6885
Batch 13510 | Loss: 3.9214 | Perplexity: 50.4725
Batch 13520 | Loss: 3.9859 | Perplexity: 53.8321
Batch 13530 | Loss: 3.9279 | Perplexity: 50.8018
Batch 13540 | Loss: 3.8851 | Perplexity: 48.6696
Batch 13550 | Loss: 3.9575 | Perplexity: 52.3251
Batch 13560 | Loss: 3.9115 | Perplexity: 49.9719
Batch 13570 | Loss: 3.9589 | Perplexity: 52.4017
Batch 13580 | Loss: 3.9119 | Perplexity: 49.9918
Batch 13590 | Loss: 3.9787 | Perplexity: 53.4489
Batch 13600 | Loss: 3.9583 | Perplexity: 52.3682
Batch 13610 | Loss: 3.8957 | Perplexity: 49.1896
Batch 13620 | Loss: 3.9341 | Perplexity: 51.1163
Batch 13630 | Loss: 3.9254 | Perplexity: 50.6741
Epoch 61 | Loss: 3.8917 | Perplexity: 48.9922
Batch 13640 | Loss: 3.8920 | Perplexity: 49.0082
Batch 13650 | Loss: 3.9678 | Perplexity: 52.8667
Batch 13660 | Loss: 3.9310 | Perplexity: 50.9592
Batch 13670 | Loss: 3.9574 | Perplexity: 52.3187
Batch 13680 | Loss: 3.9618 | Perplexity: 52.5494
Batch 13690 | Loss: 3.9378 | Perplexity: 51.3063
Batch 13700 | Loss: 3.9136 | Perplexity: 50.0771
Batch 13710 | Loss: 3.9548 | Perplexity: 52.1867
Batch 13720 | Loss: 3.9811 | Perplexity: 53.5777
Batch 13730 | Loss: 3.9410 | Perplexity: 51.4714
Batch 13740 | Loss: 3.8924 | Perplexity: 49.0294
Batch 13750 | Loss: 3.8673 | Perplexity: 47.8123
Batch 13760 | Loss: 3.8977 | Perplexity: 49.2881
Batch 13770 | Loss: 3.9571 | Perplexity: 52.3056
Batch 13780 | Loss: 3.9326 | Perplexity: 51.0380
Batch 13790 | Loss: 3.9131 | Perplexity: 50.0525
Batch 13800 | Loss: 3.9451 | Perplexity: 51.6815
Batch 13810 | Loss: 3.9097 | Perplexity: 49.8847
Batch 13820 | Loss: 3.9241 | Perplexity: 50.6083
Batch 13830 | Loss: 3.9517 | Perplexity: 52.0222
Batch 13840 | Loss: 3.9505 | Perplexity: 51.9588
Batch 13850 | Loss: 3.9144 | Perplexity: 50.1205
Epoch 62 | Loss: 3.9433 | Perplexity: 51.5895
Batch 13860 | Loss: 3.9416 | Perplexity: 51.5023
Batch 13870 | Loss: 3.9305 | Perplexity: 50.9330
Batch 13880 | Loss: 3.9860 | Perplexity: 53.8403
Batch 13890 | Loss: 3.9527 | Perplexity: 52.0745
Batch 13900 | Loss: 3.9621 | Perplexity: 52.5658
Batch 13910 | Loss: 3.9205 | Perplexity: 50.4256
Batch 13920 | Loss: 3.9454 | Perplexity: 51.6976
Batch 13930 | Loss: 3.9166 | Perplexity: 50.2301
Batch 13940 | Loss: 3.9367 | Perplexity: 51.2516
Batch 13950 | Loss: 3.9628 | Perplexity: 52.6066
Batch 13960 | Loss: 3.9109 | Perplexity: 49.9463
Batch 13970 | Loss: 3.9342 | Perplexity: 51.1199
Batch 13980 | Loss: 3.9820 | Perplexity: 53.6253
Batch 13990 | Loss: 3.9807 | Perplexity: 53.5518
Batch 14000 | Loss: 3.9821 | Perplexity: 53.6310
Batch 14010 | Loss: 3.9067 | Perplexity: 49.7343
Batch 14020 | Loss: 3.9136 | Perplexity: 50.0807
Batch 14030 | Loss: 3.9806 | Perplexity: 53.5499
Batch 14040 | Loss: 3.8941 | Perplexity: 49.1105
Batch 14050 | Loss: 3.9336 | Perplexity: 51.0889
Batch 14060 | Loss: 3.8954 | Perplexity: 49.1778
Batch 14070 | Loss: 3.9430 | Perplexity: 51.5729
Epoch 63 | Loss: 3.9507 | Perplexity: 51.9703
Batch 14080 | Loss: 3.9186 | Perplexity: 50.3287
Batch 14090 | Loss: 3.9210 | Perplexity: 50.4507
Batch 14100 | Loss: 3.8916 | Perplexity: 48.9903
Batch 14110 | Loss: 3.9410 | Perplexity: 51.4696
Batch 14120 | Loss: 3.9578 | Perplexity: 52.3406
Batch 14130 | Loss: 3.9393 | Perplexity: 51.3809
Batch 14140 | Loss: 3.9425 | Perplexity: 51.5498
Batch 14150 | Loss: 3.9309 | Perplexity: 50.9550
Batch 14160 | Loss: 3.9612 | Perplexity: 52.5209
Batch 14170 | Loss: 3.9445 | Perplexity: 51.6486
Batch 14180 | Loss: 3.9330 | Perplexity: 51.0617
Batch 14190 | Loss: 3.9381 | Perplexity: 51.3205
Batch 14200 | Loss: 3.9526 | Perplexity: 52.0704
Batch 14210 | Loss: 3.8957 | Perplexity: 49.1881
Batch 14220 | Loss: 3.9543 | Perplexity: 52.1589
Batch 14230 | Loss: 3.9278 | Perplexity: 50.7948
Batch 14240 | Loss: 3.8739 | Perplexity: 48.1279
Batch 14250 | Loss: 3.9493 | Perplexity: 51.8983
Batch 14260 | Loss: 3.9389 | Perplexity: 51.3606
Batch 14270 | Loss: 3.8736 | Perplexity: 48.1142
Batch 14280 | Loss: 3.9485 | Perplexity: 51.8570
Batch 14290 | Loss: 3.9248 | Perplexity: 50.6445
Epoch 64 | Loss: 3.9299 | Perplexity: 50.9015
Batch 14300 | Loss: 3.9200 | Perplexity: 50.3992
Batch 14310 | Loss: 3.9345 | Perplexity: 51.1341
Batch 14320 | Loss: 3.9480 | Perplexity: 51.8292
Batch 14330 | Loss: 3.9356 | Perplexity: 51.1916
Batch 14340 | Loss: 3.9309 | Perplexity: 50.9548
Batch 14350 | Loss: 3.9340 | Perplexity: 51.1086
Batch 14360 | Loss: 3.9282 | Perplexity: 50.8165
Batch 14370 | Loss: 3.9400 | Perplexity: 51.4160
Batch 14380 | Loss: 3.9064 | Perplexity: 49.7214
Batch 14390 | Loss: 3.9208 | Perplexity: 50.4414
Batch 14400 | Loss: 3.9516 | Perplexity: 52.0192
Batch 14410 | Loss: 3.9163 | Perplexity: 50.2141
Batch 14420 | Loss: 3.9314 | Perplexity: 50.9807
Batch 14430 | Loss: 3.9115 | Perplexity: 49.9737
Batch 14440 | Loss: 3.9441 | Perplexity: 51.6275
Batch 14450 | Loss: 3.9005 | Perplexity: 49.4257
Batch 14460 | Loss: 3.9534 | Perplexity: 52.1144
Batch 14470 | Loss: 3.9471 | Perplexity: 51.7848
Batch 14480 | Loss: 3.9561 | Perplexity: 52.2539
Batch 14490 | Loss: 3.9352 | Perplexity: 51.1736
Batch 14500 | Loss: 3.9752 | Perplexity: 53.2590
Batch 14510 | Loss: 3.9021 | Perplexity: 49.5059
Succesfully saved parameters to path
Epoch 65 | Loss: 3.9448 | Perplexity: 51.6658
Batch 14520 | Loss: 3.9081 | Perplexity: 49.8056
Batch 14530 | Loss: 3.9257 | Perplexity: 50.6900
Batch 14540 | Loss: 3.9264 | Perplexity: 50.7265
Batch 14550 | Loss: 3.9585 | Perplexity: 52.3792
Batch 14560 | Loss: 3.9559 | Perplexity: 52.2436
Batch 14570 | Loss: 3.9019 | Perplexity: 49.4950
Batch 14580 | Loss: 3.8865 | Perplexity: 48.7413
Batch 14590 | Loss: 3.9377 | Perplexity: 51.3005
Batch 14600 | Loss: 3.9368 | Perplexity: 51.2551
Batch 14610 | Loss: 3.9109 | Perplexity: 49.9451
Batch 14620 | Loss: 3.9060 | Perplexity: 49.7006
Batch 14630 | Loss: 3.9458 | Perplexity: 51.7186
Batch 14640 | Loss: 3.8971 | Perplexity: 49.2591
Batch 14650 | Loss: 3.9947 | Perplexity: 54.3072
Batch 14660 | Loss: 3.8910 | Perplexity: 48.9593
Batch 14670 | Loss: 3.9281 | Perplexity: 50.8080
Batch 14680 | Loss: 3.9387 | Perplexity: 51.3526
Batch 14690 | Loss: 3.9436 | Perplexity: 51.6047
Batch 14700 | Loss: 3.9324 | Perplexity: 51.0272
Batch 14710 | Loss: 3.8934 | Perplexity: 49.0789
Batch 14720 | Loss: 3.9818 | Perplexity: 53.6112
Batch 14730 | Loss: 3.9480 | Perplexity: 51.8334
Epoch 66 | Loss: 4.0539 | Perplexity: 57.6241
Batch 14740 | Loss: 3.9360 | Perplexity: 51.2135
Batch 14750 | Loss: 3.9418 | Perplexity: 51.5096
Batch 14760 | Loss: 3.8861 | Perplexity: 48.7188
Batch 14770 | Loss: 3.9386 | Perplexity: 51.3474
Batch 14780 | Loss: 3.9217 | Perplexity: 50.4852
Batch 14790 | Loss: 3.9190 | Perplexity: 50.3520
Batch 14800 | Loss: 3.9152 | Perplexity: 50.1573
Batch 14810 | Loss: 3.8935 | Perplexity: 49.0844
Batch 14820 | Loss: 3.9202 | Perplexity: 50.4091
Batch 14830 | Loss: 3.9871 | Perplexity: 53.8959
Batch 14840 | Loss: 3.9409 | Perplexity: 51.4638
Batch 14850 | Loss: 3.9437 | Perplexity: 51.6083
Batch 14860 | Loss: 3.9807 | Perplexity: 53.5546
Batch 14870 | Loss: 3.9056 | Perplexity: 49.6791
Batch 14880 | Loss: 3.9394 | Perplexity: 51.3857
Batch 14890 | Loss: 3.9403 | Perplexity: 51.4321
Batch 14900 | Loss: 3.9265 | Perplexity: 50.7305
Batch 14910 | Loss: 3.9323 | Perplexity: 51.0262
Batch 14920 | Loss: 3.9675 | Perplexity: 52.8505
Batch 14930 | Loss: 3.9346 | Perplexity: 51.1404
Batch 14940 | Loss: 3.9271 | Perplexity: 50.7593
Batch 14950 | Loss: 3.9373 | Perplexity: 51.2817
Epoch 67 | Loss: 4.0191 | Perplexity: 55.6523
Batch 14960 | Loss: 3.9353 | Perplexity: 51.1780
Batch 14970 | Loss: 3.9094 | Perplexity: 49.8689
Batch 14980 | Loss: 3.9402 | Perplexity: 51.4275
Batch 14990 | Loss: 3.9123 | Perplexity: 50.0147
Batch 15000 | Loss: 3.9162 | Perplexity: 50.2093
Batch 15010 | Loss: 3.9411 | Perplexity: 51.4739
Batch 15020 | Loss: 3.9465 | Perplexity: 51.7540
Batch 15030 | Loss: 3.9136 | Perplexity: 50.0797
Batch 15040 | Loss: 3.9269 | Perplexity: 50.7495
Batch 15050 | Loss: 3.9170 | Perplexity: 50.2508
Batch 15060 | Loss: 3.9322 | Perplexity: 51.0168
Batch 15070 | Loss: 3.9514 | Perplexity: 52.0098
Batch 15080 | Loss: 3.9117 | Perplexity: 49.9841
Batch 15090 | Loss: 3.9350 | Perplexity: 51.1612
Batch 15100 | Loss: 3.9827 | Perplexity: 53.6617
Batch 15110 | Loss: 3.9590 | Perplexity: 52.4050
Batch 15120 | Loss: 3.9146 | Perplexity: 50.1286
Batch 15130 | Loss: 3.9395 | Perplexity: 51.3937
Batch 15140 | Loss: 3.9096 | Perplexity: 49.8785
Batch 15150 | Loss: 3.9056 | Perplexity: 49.6806
Batch 15160 | Loss: 3.9642 | Perplexity: 52.6807
Batch 15170 | Loss: 3.9080 | Perplexity: 49.8007
Epoch 68 | Loss: 3.8580 | Perplexity: 47.3713
Batch 15180 | Loss: 3.9221 | Perplexity: 50.5085
Batch 15190 | Loss: 3.9281 | Perplexity: 50.8095
Batch 15200 | Loss: 3.9301 | Perplexity: 50.9107
Batch 15210 | Loss: 3.9515 | Perplexity: 52.0147
Batch 15220 | Loss: 3.9379 | Perplexity: 51.3113
Batch 15230 | Loss: 3.8942 | Perplexity: 49.1183
Batch 15240 | Loss: 3.9308 | Perplexity: 50.9491
Batch 15250 | Loss: 3.9774 | Perplexity: 53.3756
Batch 15260 | Loss: 3.9806 | Perplexity: 53.5493
Batch 15270 | Loss: 3.8922 | Perplexity: 49.0175
Batch 15280 | Loss: 3.9037 | Perplexity: 49.5861
Batch 15290 | Loss: 3.9431 | Perplexity: 51.5790
Batch 15300 | Loss: 3.9281 | Perplexity: 50.8082
Batch 15310 | Loss: 3.8969 | Perplexity: 49.2492
Batch 15320 | Loss: 3.8973 | Perplexity: 49.2675
Batch 15330 | Loss: 3.9697 | Perplexity: 52.9700
Batch 15340 | Loss: 3.9504 | Perplexity: 51.9573
Batch 15350 | Loss: 3.9114 | Perplexity: 49.9712
Batch 15360 | Loss: 3.9021 | Perplexity: 49.5058
Batch 15370 | Loss: 3.9533 | Perplexity: 52.1065
Batch 15380 | Loss: 3.9636 | Perplexity: 52.6487
Batch 15390 | Loss: 3.9014 | Perplexity: 49.4709
Epoch 69 | Loss: 4.0000 | Perplexity: 54.5974
Batch 15400 | Loss: 3.9152 | Perplexity: 50.1580
Batch 15410 | Loss: 3.8799 | Perplexity: 48.4215
Batch 15420 | Loss: 3.8628 | Perplexity: 47.6000
Batch 15430 | Loss: 3.9739 | Perplexity: 53.1898
Batch 15440 | Loss: 3.9156 | Perplexity: 50.1816
Batch 15450 | Loss: 3.9206 | Perplexity: 50.4322
Batch 15460 | Loss: 3.8576 | Perplexity: 47.3500
Batch 15470 | Loss: 3.9236 | Perplexity: 50.5821
Batch 15480 | Loss: 3.9233 | Perplexity: 50.5694
Batch 15490 | Loss: 3.8866 | Perplexity: 48.7442
Batch 15500 | Loss: 3.8769 | Perplexity: 48.2750
Batch 15510 | Loss: 3.9135 | Perplexity: 50.0736
Batch 15520 | Loss: 3.9748 | Perplexity: 53.2389
Batch 15530 | Loss: 3.9595 | Perplexity: 52.4311
Batch 15540 | Loss: 3.9034 | Perplexity: 49.5728
Batch 15550 | Loss: 3.9569 | Perplexity: 52.2938
Batch 15560 | Loss: 3.9038 | Perplexity: 49.5906
Batch 15570 | Loss: 3.9099 | Perplexity: 49.8947
Batch 15580 | Loss: 3.8898 | Perplexity: 48.9026
Batch 15590 | Loss: 3.8881 | Perplexity: 48.8187
Batch 15600 | Loss: 3.9277 | Perplexity: 50.7877
Batch 15610 | Loss: 3.9134 | Perplexity: 50.0708
Succesfully saved parameters to path
Epoch 70 | Loss: 3.7793 | Perplexity: 43.7853
Batch 15620 | Loss: 3.9011 | Perplexity: 49.4589
Batch 15630 | Loss: 3.9501 | Perplexity: 51.9382
Batch 15640 | Loss: 3.9409 | Perplexity: 51.4673
Batch 15650 | Loss: 3.9420 | Perplexity: 51.5206
Batch 15660 | Loss: 3.9253 | Perplexity: 50.6665
Batch 15670 | Loss: 3.8991 | Perplexity: 49.3594
Batch 15680 | Loss: 3.9241 | Perplexity: 50.6075
Batch 15690 | Loss: 3.9230 | Perplexity: 50.5533
Batch 15700 | Loss: 3.9435 | Perplexity: 51.5992
Batch 15710 | Loss: 3.9162 | Perplexity: 50.2074
Batch 15720 | Loss: 3.9171 | Perplexity: 50.2535
Batch 15730 | Loss: 3.9654 | Perplexity: 52.7399
Batch 15740 | Loss: 3.8835 | Perplexity: 48.5931
Batch 15750 | Loss: 3.9174 | Perplexity: 50.2716
Batch 15760 | Loss: 3.9322 | Perplexity: 51.0202
Batch 15770 | Loss: 3.9210 | Perplexity: 50.4508
Batch 15780 | Loss: 3.8731 | Perplexity: 48.0923
Batch 15790 | Loss: 3.9372 | Perplexity: 51.2727
Batch 15800 | Loss: 3.9557 | Perplexity: 52.2341
Batch 15810 | Loss: 3.9162 | Perplexity: 50.2078
Batch 15820 | Loss: 3.9692 | Perplexity: 52.9435
Batch 15830 | Loss: 3.9389 | Perplexity: 51.3626
Epoch 71 | Loss: 3.9591 | Perplexity: 52.4124
Batch 15840 | Loss: 3.8800 | Perplexity: 48.4232
Batch 15850 | Loss: 3.9222 | Perplexity: 50.5115
Batch 15860 | Loss: 3.8943 | Perplexity: 49.1224
Batch 15870 | Loss: 3.9273 | Perplexity: 50.7718
Batch 15880 | Loss: 3.9779 | Perplexity: 53.4032
Batch 15890 | Loss: 3.9044 | Perplexity: 49.6189
Batch 15900 | Loss: 3.9176 | Perplexity: 50.2794
Batch 15910 | Loss: 3.9722 | Perplexity: 53.1010
Batch 15920 | Loss: 3.9099 | Perplexity: 49.8946
Batch 15930 | Loss: 3.9276 | Perplexity: 50.7856
Batch 15940 | Loss: 3.9388 | Perplexity: 51.3580
Batch 15950 | Loss: 3.9265 | Perplexity: 50.7269
Batch 15960 | Loss: 3.9172 | Perplexity: 50.2589
Batch 15970 | Loss: 3.9325 | Perplexity: 51.0359
Batch 15980 | Loss: 3.9024 | Perplexity: 49.5202
Batch 15990 | Loss: 3.8638 | Perplexity: 47.6470
Batch 16000 | Loss: 3.9218 | Perplexity: 50.4890
Batch 16010 | Loss: 3.8793 | Perplexity: 48.3888
Batch 16020 | Loss: 3.9333 | Perplexity: 51.0756
Batch 16030 | Loss: 3.8963 | Perplexity: 49.2214
Batch 16040 | Loss: 3.8946 | Perplexity: 49.1381
Batch 16050 | Loss: 3.9167 | Perplexity: 50.2340
Epoch 72 | Loss: 3.8732 | Perplexity: 48.0943
Batch 16060 | Loss: 3.9366 | Perplexity: 51.2440
Batch 16070 | Loss: 3.9303 | Perplexity: 50.9198
Batch 16080 | Loss: 3.8839 | Perplexity: 48.6135
Batch 16090 | Loss: 3.9347 | Perplexity: 51.1470
Batch 16100 | Loss: 3.9040 | Perplexity: 49.6018
Batch 16110 | Loss: 3.9091 | Perplexity: 49.8528
Batch 16120 | Loss: 3.9548 | Perplexity: 52.1867
Batch 16130 | Loss: 3.8838 | Perplexity: 48.6070
Batch 16140 | Loss: 3.9628 | Perplexity: 52.6052
Batch 16150 | Loss: 3.9560 | Perplexity: 52.2490
Batch 16160 | Loss: 3.9046 | Perplexity: 49.6325
Batch 16170 | Loss: 3.8980 | Perplexity: 49.3050
Batch 16180 | Loss: 3.8869 | Perplexity: 48.7592
Batch 16190 | Loss: 3.9090 | Perplexity: 49.8478
Batch 16200 | Loss: 3.8887 | Perplexity: 48.8452
Batch 16210 | Loss: 3.8806 | Perplexity: 48.4548
Batch 16220 | Loss: 3.8644 | Perplexity: 47.6728
Batch 16230 | Loss: 3.8633 | Perplexity: 47.6240
Batch 16240 | Loss: 3.9320 | Perplexity: 51.0104
Batch 16250 | Loss: 3.8992 | Perplexity: 49.3608
Batch 16260 | Loss: 3.9050 | Perplexity: 49.6516
Batch 16270 | Loss: 3.8693 | Perplexity: 47.9103
Epoch 73 | Loss: 3.9136 | Perplexity: 50.0806
Batch 16280 | Loss: 3.9249 | Perplexity: 50.6474
Batch 16290 | Loss: 3.8745 | Perplexity: 48.1572
Batch 16300 | Loss: 3.9387 | Perplexity: 51.3531
Batch 16310 | Loss: 3.9538 | Perplexity: 52.1321
Batch 16320 | Loss: 3.8966 | Perplexity: 49.2357
Batch 16330 | Loss: 3.8971 | Perplexity: 49.2607
Batch 16340 | Loss: 3.9368 | Perplexity: 51.2546
Batch 16350 | Loss: 3.9256 | Perplexity: 50.6819
Batch 16360 | Loss: 3.9507 | Perplexity: 51.9733
Batch 16370 | Loss: 3.8701 | Perplexity: 47.9456
Batch 16380 | Loss: 3.8799 | Perplexity: 48.4207
Batch 16390 | Loss: 3.9082 | Perplexity: 49.8090
Batch 16400 | Loss: 3.9323 | Perplexity: 51.0232
Batch 16410 | Loss: 3.9101 | Perplexity: 49.9042
Batch 16420 | Loss: 3.9095 | Perplexity: 49.8720
Batch 16430 | Loss: 3.8983 | Perplexity: 49.3180
Batch 16440 | Loss: 3.9383 | Perplexity: 51.3309
Batch 16450 | Loss: 3.9048 | Perplexity: 49.6384
Batch 16460 | Loss: 3.9119 | Perplexity: 49.9932
Batch 16470 | Loss: 3.9189 | Perplexity: 50.3439
Batch 16480 | Loss: 3.9030 | Perplexity: 49.5508
Batch 16490 | Loss: 3.8656 | Perplexity: 47.7328
Epoch 74 | Loss: 3.8784 | Perplexity: 48.3483
Batch 16500 | Loss: 3.9328 | Perplexity: 51.0484
Batch 16510 | Loss: 3.9262 | Perplexity: 50.7147
Batch 16520 | Loss: 3.9334 | Perplexity: 51.0796
Batch 16530 | Loss: 3.9115 | Perplexity: 49.9731
Batch 16540 | Loss: 3.8785 | Perplexity: 48.3504
Batch 16550 | Loss: 3.8401 | Perplexity: 46.5319
Batch 16560 | Loss: 3.9170 | Perplexity: 50.2477
Batch 16570 | Loss: 3.8700 | Perplexity: 47.9415
Batch 16580 | Loss: 3.9176 | Perplexity: 50.2821
Batch 16590 | Loss: 3.8830 | Perplexity: 48.5709
Batch 16600 | Loss: 3.9310 | Perplexity: 50.9597
Batch 16610 | Loss: 3.8792 | Perplexity: 48.3848
Batch 16620 | Loss: 3.9136 | Perplexity: 50.0810
Batch 16630 | Loss: 3.9206 | Perplexity: 50.4325
Batch 16640 | Loss: 3.9072 | Perplexity: 49.7582
Batch 16650 | Loss: 3.9127 | Perplexity: 50.0328
Batch 16660 | Loss: 3.9391 | Perplexity: 51.3738
Batch 16670 | Loss: 3.8980 | Perplexity: 49.3030
Batch 16680 | Loss: 3.8982 | Perplexity: 49.3160
Batch 16690 | Loss: 3.9013 | Perplexity: 49.4668
Batch 16700 | Loss: 3.9158 | Perplexity: 50.1867
Batch 16710 | Loss: 3.9273 | Perplexity: 50.7707
Succesfully saved parameters to path
Epoch 75 | Loss: 3.7880 | Perplexity: 44.1686
Batch 16720 | Loss: 3.9013 | Perplexity: 49.4686
Batch 16730 | Loss: 3.8987 | Perplexity: 49.3397
Batch 16740 | Loss: 3.9050 | Perplexity: 49.6498
Batch 16750 | Loss: 3.8899 | Perplexity: 48.9068
Batch 16760 | Loss: 3.8891 | Perplexity: 48.8668
Batch 16770 | Loss: 3.9413 | Perplexity: 51.4864
Batch 16780 | Loss: 3.9369 | Perplexity: 51.2613
Batch 16790 | Loss: 3.9143 | Perplexity: 50.1148
Batch 16800 | Loss: 3.9047 | Perplexity: 49.6336
Batch 16810 | Loss: 3.9033 | Perplexity: 49.5642
Batch 16820 | Loss: 3.9235 | Perplexity: 50.5750
Batch 16830 | Loss: 3.9375 | Perplexity: 51.2908
Batch 16840 | Loss: 3.9220 | Perplexity: 50.5008
Batch 16850 | Loss: 3.9143 | Perplexity: 50.1116
Batch 16860 | Loss: 3.9233 | Perplexity: 50.5647
Batch 16870 | Loss: 3.9143 | Perplexity: 50.1150
Batch 16880 | Loss: 3.9244 | Perplexity: 50.6224
Batch 16890 | Loss: 3.9678 | Perplexity: 52.8695
Batch 16900 | Loss: 3.9518 | Perplexity: 52.0264
Batch 16910 | Loss: 3.9158 | Perplexity: 50.1900
Batch 16920 | Loss: 3.8885 | Perplexity: 48.8374
Batch 16930 | Loss: 3.9154 | Perplexity: 50.1670
Epoch 76 | Loss: 3.9000 | Perplexity: 49.4023
Batch 16940 | Loss: 3.9185 | Perplexity: 50.3245
Batch 16950 | Loss: 3.8522 | Perplexity: 47.0971
Batch 16960 | Loss: 3.8990 | Perplexity: 49.3511
Batch 16970 | Loss: 3.9238 | Perplexity: 50.5912
Batch 16980 | Loss: 3.8978 | Perplexity: 49.2949
Batch 16990 | Loss: 3.9052 | Perplexity: 49.6623
Batch 17000 | Loss: 3.8674 | Perplexity: 47.8202
Batch 17010 | Loss: 3.9058 | Perplexity: 49.6888
Batch 17020 | Loss: 3.9058 | Perplexity: 49.6887
Batch 17030 | Loss: 3.8561 | Perplexity: 47.2787
Batch 17040 | Loss: 3.9363 | Perplexity: 51.2296
Batch 17050 | Loss: 3.9554 | Perplexity: 52.2172
Batch 17060 | Loss: 3.9047 | Perplexity: 49.6368
Batch 17070 | Loss: 3.8462 | Perplexity: 46.8152
Batch 17080 | Loss: 3.8966 | Perplexity: 49.2353
Batch 17090 | Loss: 3.8960 | Perplexity: 49.2028
Batch 17100 | Loss: 3.8921 | Perplexity: 49.0145
Batch 17110 | Loss: 3.9145 | Perplexity: 50.1218
Batch 17120 | Loss: 3.9637 | Perplexity: 52.6540
Batch 17130 | Loss: 3.9153 | Perplexity: 50.1655
Batch 17140 | Loss: 3.8958 | Perplexity: 49.1937
Batch 17150 | Loss: 3.9240 | Perplexity: 50.6022
Epoch 77 | Loss: 4.0167 | Perplexity: 55.5195
Batch 17160 | Loss: 3.8903 | Perplexity: 48.9265
Batch 17170 | Loss: 3.9594 | Perplexity: 52.4283
Batch 17180 | Loss: 3.9165 | Perplexity: 50.2248
Batch 17190 | Loss: 3.9241 | Perplexity: 50.6075
Batch 17200 | Loss: 3.9700 | Perplexity: 52.9853
Batch 17210 | Loss: 3.9487 | Perplexity: 51.8660
Batch 17220 | Loss: 3.9136 | Perplexity: 50.0792
Batch 17230 | Loss: 3.9142 | Perplexity: 50.1098
Batch 17240 | Loss: 3.9311 | Perplexity: 50.9644
Batch 17250 | Loss: 3.8423 | Perplexity: 46.6316
Batch 17260 | Loss: 3.9041 | Perplexity: 49.6036
Batch 17270 | Loss: 3.8955 | Perplexity: 49.1824
Batch 17280 | Loss: 3.9115 | Perplexity: 49.9756
Batch 17290 | Loss: 3.8726 | Perplexity: 48.0691
Batch 17300 | Loss: 3.8801 | Perplexity: 48.4286
Batch 17310 | Loss: 3.8961 | Perplexity: 49.2107
Batch 17320 | Loss: 3.9000 | Perplexity: 49.4048
Batch 17330 | Loss: 3.9107 | Perplexity: 49.9315
Batch 17340 | Loss: 3.9299 | Perplexity: 50.9003
Batch 17350 | Loss: 3.8931 | Perplexity: 49.0649
Batch 17360 | Loss: 3.9702 | Perplexity: 52.9930
Batch 17370 | Loss: 3.9246 | Perplexity: 50.6350
Epoch 78 | Loss: 3.8379 | Perplexity: 46.4294
Batch 17380 | Loss: 3.9149 | Perplexity: 50.1464
Batch 17390 | Loss: 3.8848 | Perplexity: 48.6588
Batch 17400 | Loss: 3.9149 | Perplexity: 50.1441
Batch 17410 | Loss: 3.9057 | Perplexity: 49.6847
Batch 17420 | Loss: 3.8824 | Perplexity: 48.5400
Batch 17430 | Loss: 3.8832 | Perplexity: 48.5790
Batch 17440 | Loss: 3.9231 | Perplexity: 50.5577
Batch 17450 | Loss: 3.9162 | Perplexity: 50.2115
Batch 17460 | Loss: 3.9226 | Perplexity: 50.5322
Batch 17470 | Loss: 3.8774 | Perplexity: 48.2979
Batch 17480 | Loss: 3.8730 | Perplexity: 48.0860
Batch 17490 | Loss: 3.9215 | Perplexity: 50.4741
Batch 17500 | Loss: 3.8596 | Perplexity: 47.4454
Batch 17510 | Loss: 3.8925 | Perplexity: 49.0329
Batch 17520 | Loss: 3.8872 | Perplexity: 48.7747
Batch 17530 | Loss: 3.8783 | Perplexity: 48.3428
Batch 17540 | Loss: 3.8795 | Perplexity: 48.3985
Batch 17550 | Loss: 3.8879 | Perplexity: 48.8091
Batch 17560 | Loss: 3.8758 | Perplexity: 48.2209
Batch 17570 | Loss: 3.8936 | Perplexity: 49.0849
Batch 17580 | Loss: 3.9239 | Perplexity: 50.5952
Batch 17590 | Loss: 3.8540 | Perplexity: 47.1837
Epoch 79 | Loss: 3.8624 | Perplexity: 47.5809
Batch 17600 | Loss: 3.9195 | Perplexity: 50.3743
Batch 17610 | Loss: 3.9214 | Perplexity: 50.4733
Batch 17620 | Loss: 3.9315 | Perplexity: 50.9836
Batch 17630 | Loss: 3.9300 | Perplexity: 50.9074
Batch 17640 | Loss: 3.9356 | Perplexity: 51.1951
Batch 17650 | Loss: 3.9182 | Perplexity: 50.3092
Batch 17660 | Loss: 3.9020 | Perplexity: 49.4990
Batch 17670 | Loss: 3.9292 | Perplexity: 50.8668
Batch 17680 | Loss: 3.8877 | Perplexity: 48.8005
Batch 17690 | Loss: 3.8967 | Perplexity: 49.2389
Batch 17700 | Loss: 3.9094 | Perplexity: 49.8713
Batch 17710 | Loss: 3.9207 | Perplexity: 50.4339
Batch 17720 | Loss: 3.8920 | Perplexity: 49.0102
Batch 17730 | Loss: 3.8782 | Perplexity: 48.3395
Batch 17740 | Loss: 3.8654 | Perplexity: 47.7243
Batch 17750 | Loss: 3.9230 | Perplexity: 50.5496
Batch 17760 | Loss: 3.9476 | Perplexity: 51.8097
Batch 17770 | Loss: 3.9258 | Perplexity: 50.6927
Batch 17780 | Loss: 3.8643 | Perplexity: 47.6708
Batch 17790 | Loss: 3.8994 | Perplexity: 49.3717
Batch 17800 | Loss: 3.9410 | Perplexity: 51.4709
Batch 17810 | Loss: 3.8919 | Perplexity: 49.0054
Succesfully saved parameters to path
Epoch 80 | Loss: 3.9380 | Perplexity: 51.3146
Training:
Batch 17820 | Loss: 3.8210 | Perplexity: 45.6492
Batch 17830 | Loss: 3.8494 | Perplexity: 46.9648
Batch 17840 | Loss: 3.8748 | Perplexity: 48.1732
Batch 17850 | Loss: 3.8660 | Perplexity: 47.7488
Batch 17860 | Loss: 3.8804 | Perplexity: 48.4428
Batch 17870 | Loss: 3.8832 | Perplexity: 48.5775
Batch 17880 | Loss: 3.8929 | Perplexity: 49.0542
Batch 17890 | Loss: 3.8403 | Perplexity: 46.5376
Batch 17900 | Loss: 3.8585 | Perplexity: 47.3943
Batch 17910 | Loss: 3.8497 | Perplexity: 46.9794
Batch 17920 | Loss: 3.8545 | Perplexity: 47.2030
Batch 17930 | Loss: 3.8704 | Perplexity: 47.9599
Batch 17940 | Loss: 3.8543 | Perplexity: 47.1977
Batch 17950 | Loss: 3.8282 | Perplexity: 45.9789
Batch 17960 | Loss: 3.8737 | Perplexity: 48.1213
Batch 17970 | Loss: 3.8337 | Perplexity: 46.2314
Batch 17980 | Loss: 3.8558 | Perplexity: 47.2650
Batch 17990 | Loss: 3.8128 | Perplexity: 45.2750
Batch 18000 | Loss: 3.8677 | Perplexity: 47.8304
Batch 18010 | Loss: 3.8534 | Perplexity: 47.1551
Epoch 80 | Loss: 3.9268 | Perplexity: 50.7425
Batch 18020 | Loss: 3.8233 | Perplexity: 45.7547
Batch 18030 | Loss: 3.8210 | Perplexity: 45.6518
Batch 18040 | Loss: 3.8553 | Perplexity: 47.2422
Batch 18050 | Loss: 3.8430 | Perplexity: 46.6632
Batch 18060 | Loss: 3.8444 | Perplexity: 46.7326
Batch 18070 | Loss: 3.8814 | Perplexity: 48.4910
Batch 18080 | Loss: 3.8102 | Perplexity: 45.1601
Batch 18090 | Loss: 3.8287 | Perplexity: 46.0006
Batch 18100 | Loss: 3.8383 | Perplexity: 46.4445
Batch 18110 | Loss: 3.8758 | Perplexity: 48.2199
Batch 18120 | Loss: 3.8198 | Perplexity: 45.5936
Batch 18130 | Loss: 3.8567 | Perplexity: 47.3113
Batch 18140 | Loss: 3.8242 | Perplexity: 45.7978
Batch 18150 | Loss: 3.8937 | Perplexity: 49.0935
Batch 18160 | Loss: 3.8426 | Perplexity: 46.6476
Batch 18170 | Loss: 3.8357 | Perplexity: 46.3259
Batch 18180 | Loss: 3.8770 | Perplexity: 48.2777
Batch 18190 | Loss: 3.9359 | Perplexity: 51.2062
Batch 18200 | Loss: 3.9008 | Perplexity: 49.4404
Batch 18210 | Loss: 3.8604 | Perplexity: 47.4857
Epoch 81 | Loss: 3.7720 | Perplexity: 43.4673
Batch 18220 | Loss: 3.8899 | Perplexity: 48.9083
Batch 18230 | Loss: 3.8617 | Perplexity: 47.5476
Batch 18240 | Loss: 3.8556 | Perplexity: 47.2581
Batch 18250 | Loss: 3.8765 | Perplexity: 48.2570
Batch 18260 | Loss: 3.8412 | Perplexity: 46.5794
Batch 18270 | Loss: 3.8701 | Perplexity: 47.9479
Batch 18280 | Loss: 3.8301 | Perplexity: 46.0692
Batch 18290 | Loss: 3.8785 | Perplexity: 48.3497
Batch 18300 | Loss: 3.9064 | Perplexity: 49.7205
Batch 18310 | Loss: 3.8310 | Perplexity: 46.1067
Batch 18320 | Loss: 3.8652 | Perplexity: 47.7107
Batch 18330 | Loss: 3.8262 | Perplexity: 45.8901
Batch 18340 | Loss: 3.8854 | Perplexity: 48.6847
Batch 18350 | Loss: 3.8483 | Perplexity: 46.9126
Batch 18360 | Loss: 3.8520 | Perplexity: 47.0876
Batch 18370 | Loss: 3.8479 | Perplexity: 46.8930
Batch 18380 | Loss: 3.8452 | Perplexity: 46.7696
Batch 18390 | Loss: 3.8333 | Perplexity: 46.2150
Batch 18400 | Loss: 3.8459 | Perplexity: 46.8000
Batch 18410 | Loss: 3.8615 | Perplexity: 47.5378
Epoch 82 | Loss: 3.9442 | Perplexity: 51.6347
Batch 18420 | Loss: 3.8310 | Perplexity: 46.1104
Batch 18430 | Loss: 3.8480 | Perplexity: 46.8993
Batch 18440 | Loss: 3.8441 | Perplexity: 46.7160
Batch 18450 | Loss: 3.8618 | Perplexity: 47.5496
Batch 18460 | Loss: 3.8393 | Perplexity: 46.4947
Batch 18470 | Loss: 3.8798 | Perplexity: 48.4143
Batch 18480 | Loss: 3.8850 | Perplexity: 48.6682
Batch 18490 | Loss: 3.8771 | Perplexity: 48.2841
Batch 18500 | Loss: 3.8081 | Perplexity: 45.0664
Batch 18510 | Loss: 3.8833 | Perplexity: 48.5853
Batch 18520 | Loss: 3.8839 | Perplexity: 48.6158
Batch 18530 | Loss: 3.8371 | Perplexity: 46.3927
Batch 18540 | Loss: 3.8333 | Perplexity: 46.2170
Batch 18550 | Loss: 3.8261 | Perplexity: 45.8826
Batch 18560 | Loss: 3.8264 | Perplexity: 45.8960
Batch 18570 | Loss: 3.8599 | Perplexity: 47.4629
Batch 18580 | Loss: 3.8703 | Perplexity: 47.9564
Batch 18590 | Loss: 3.8404 | Perplexity: 46.5456
Batch 18600 | Loss: 3.8553 | Perplexity: 47.2420
Batch 18610 | Loss: 3.8115 | Perplexity: 45.2201
Epoch 83 | Loss: 3.7307 | Perplexity: 41.7075
Batch 18620 | Loss: 3.7996 | Perplexity: 44.6832
Batch 18630 | Loss: 3.8688 | Perplexity: 47.8859
Batch 18640 | Loss: 3.8612 | Perplexity: 47.5239
Batch 18650 | Loss: 3.8393 | Perplexity: 46.4910
Batch 18660 | Loss: 3.8369 | Perplexity: 46.3819
Batch 18670 | Loss: 3.8518 | Perplexity: 47.0774
Batch 18680 | Loss: 3.8077 | Perplexity: 45.0487
Batch 18690 | Loss: 3.8434 | Perplexity: 46.6851
Batch 18700 | Loss: 3.8258 | Perplexity: 45.8685
Batch 18710 | Loss: 3.8652 | Perplexity: 47.7120
Batch 18720 | Loss: 3.8503 | Perplexity: 47.0055
Batch 18730 | Loss: 3.8596 | Perplexity: 47.4466
Batch 18740 | Loss: 3.8277 | Perplexity: 45.9547
Batch 18750 | Loss: 3.8888 | Perplexity: 48.8518
Batch 18760 | Loss: 3.8596 | Perplexity: 47.4458
Batch 18770 | Loss: 3.8051 | Perplexity: 44.9295
Batch 18780 | Loss: 3.8626 | Perplexity: 47.5880
Batch 18790 | Loss: 3.8610 | Perplexity: 47.5150
Batch 18800 | Loss: 3.8676 | Perplexity: 47.8263
Batch 18810 | Loss: 3.8665 | Perplexity: 47.7727
Epoch 84 | Loss: 3.7390 | Perplexity: 42.0562
Batch 18820 | Loss: 3.8539 | Perplexity: 47.1783
Batch 18830 | Loss: 3.8690 | Perplexity: 47.8957
Batch 18840 | Loss: 3.8314 | Perplexity: 46.1265
Batch 18850 | Loss: 3.8175 | Perplexity: 45.4882
Batch 18860 | Loss: 3.8839 | Perplexity: 48.6120
Batch 18870 | Loss: 3.8518 | Perplexity: 47.0799
Batch 18880 | Loss: 3.8535 | Perplexity: 47.1560
Batch 18890 | Loss: 3.8856 | Perplexity: 48.6961
Batch 18900 | Loss: 3.8318 | Perplexity: 46.1474
Batch 18910 | Loss: 3.8444 | Perplexity: 46.7308
Batch 18920 | Loss: 3.8556 | Perplexity: 47.2578
Batch 18930 | Loss: 3.8515 | Perplexity: 47.0658
Batch 18940 | Loss: 3.8310 | Perplexity: 46.1102
Batch 18950 | Loss: 3.8529 | Perplexity: 47.1285
Batch 18960 | Loss: 3.8556 | Perplexity: 47.2568
Batch 18970 | Loss: 3.8646 | Perplexity: 47.6830
Batch 18980 | Loss: 3.8755 | Perplexity: 48.2092
Batch 18990 | Loss: 3.8295 | Perplexity: 46.0410
Batch 19000 | Loss: 3.8362 | Perplexity: 46.3468
Batch 19010 | Loss: 3.8352 | Perplexity: 46.3041
Succesfully saved parameters to path
Epoch 85 | Loss: 3.7894 | Perplexity: 44.2314
Batch 19020 | Loss: 3.8267 | Perplexity: 45.9088
Batch 19030 | Loss: 3.7906 | Perplexity: 44.2829
Batch 19040 | Loss: 3.8252 | Perplexity: 45.8434
Batch 19050 | Loss: 3.8686 | Perplexity: 47.8739
Batch 19060 | Loss: 3.8168 | Perplexity: 45.4584
Batch 19070 | Loss: 3.8658 | Perplexity: 47.7399
Batch 19080 | Loss: 3.8518 | Perplexity: 47.0768
Batch 19090 | Loss: 3.8675 | Perplexity: 47.8205
Batch 19100 | Loss: 3.8544 | Perplexity: 47.1995
Batch 19110 | Loss: 3.8147 | Perplexity: 45.3652
Batch 19120 | Loss: 3.8544 | Perplexity: 47.1992
Batch 19130 | Loss: 3.8504 | Perplexity: 47.0118
Batch 19140 | Loss: 3.8520 | Perplexity: 47.0858
Batch 19150 | Loss: 3.8477 | Perplexity: 46.8847
Batch 19160 | Loss: 3.8550 | Perplexity: 47.2269
Batch 19170 | Loss: 3.8029 | Perplexity: 44.8294
Batch 19180 | Loss: 3.8272 | Perplexity: 45.9337
Batch 19190 | Loss: 3.8388 | Perplexity: 46.4681
Batch 19200 | Loss: 3.8337 | Perplexity: 46.2324
Batch 19210 | Loss: 3.8366 | Perplexity: 46.3681
Epoch 86 | Loss: 3.8377 | Perplexity: 46.4193
Batch 19220 | Loss: 3.8805 | Perplexity: 48.4463
Batch 19230 | Loss: 3.8651 | Perplexity: 47.7059
Batch 19240 | Loss: 3.8393 | Perplexity: 46.4951
Batch 19250 | Loss: 3.8132 | Perplexity: 45.2951
Batch 19260 | Loss: 3.8295 | Perplexity: 46.0379
Batch 19270 | Loss: 3.8299 | Perplexity: 46.0579
Batch 19280 | Loss: 3.8089 | Perplexity: 45.0987
Batch 19290 | Loss: 3.8468 | Perplexity: 46.8443
Batch 19300 | Loss: 3.8501 | Perplexity: 46.9974
Batch 19310 | Loss: 3.8811 | Perplexity: 48.4771
Batch 19320 | Loss: 3.8373 | Perplexity: 46.4023
Batch 19330 | Loss: 3.8458 | Perplexity: 46.7955
Batch 19340 | Loss: 3.8534 | Perplexity: 47.1524
Batch 19350 | Loss: 3.7950 | Perplexity: 44.4799
Batch 19360 | Loss: 3.8297 | Perplexity: 46.0474
Batch 19370 | Loss: 3.8293 | Perplexity: 46.0283
Batch 19380 | Loss: 3.8074 | Perplexity: 45.0319
Batch 19390 | Loss: 3.8578 | Perplexity: 47.3611
Batch 19400 | Loss: 3.8068 | Perplexity: 45.0041
Batch 19410 | Loss: 3.8512 | Perplexity: 47.0503
Epoch 87 | Loss: 3.9243 | Perplexity: 50.6162
Batch 19420 | Loss: 3.8511 | Perplexity: 47.0446
Batch 19430 | Loss: 3.8315 | Perplexity: 46.1310
Batch 19440 | Loss: 3.8287 | Perplexity: 46.0024
Batch 19450 | Loss: 3.8384 | Perplexity: 46.4532
Batch 19460 | Loss: 3.8576 | Perplexity: 47.3531
Batch 19470 | Loss: 3.8994 | Perplexity: 49.3724
Batch 19480 | Loss: 3.8375 | Perplexity: 46.4100
Batch 19490 | Loss: 3.8928 | Perplexity: 49.0477
Batch 19500 | Loss: 3.8428 | Perplexity: 46.6558
Batch 19510 | Loss: 3.8463 | Perplexity: 46.8196
Batch 19520 | Loss: 3.8821 | Perplexity: 48.5264
Batch 19530 | Loss: 3.8369 | Perplexity: 46.3817
Batch 19540 | Loss: 3.8644 | Perplexity: 47.6750
Batch 19550 | Loss: 3.8705 | Perplexity: 47.9644
Batch 19560 | Loss: 3.8699 | Perplexity: 47.9382
Batch 19570 | Loss: 3.8774 | Perplexity: 48.3008
Batch 19580 | Loss: 3.8471 | Perplexity: 46.8586
Batch 19590 | Loss: 3.8435 | Perplexity: 46.6895
Batch 19600 | Loss: 3.8587 | Perplexity: 47.4048
Batch 19610 | Loss: 3.8650 | Perplexity: 47.7013
Epoch 88 | Loss: 3.8392 | Perplexity: 46.4864
Batch 19620 | Loss: 3.8644 | Perplexity: 47.6743
Batch 19630 | Loss: 3.9412 | Perplexity: 51.4825
Batch 19640 | Loss: 3.8393 | Perplexity: 46.4911
Batch 19650 | Loss: 3.8618 | Perplexity: 47.5525
Batch 19660 | Loss: 3.8603 | Perplexity: 47.4813
Batch 19670 | Loss: 3.8365 | Perplexity: 46.3612
Batch 19680 | Loss: 3.8556 | Perplexity: 47.2574
Batch 19690 | Loss: 3.8234 | Perplexity: 45.7581
Batch 19700 | Loss: 3.8070 | Perplexity: 45.0173
Batch 19710 | Loss: 3.8584 | Perplexity: 47.3911
Batch 19720 | Loss: 3.8389 | Perplexity: 46.4725
Batch 19730 | Loss: 3.8340 | Perplexity: 46.2469
Batch 19740 | Loss: 3.8499 | Perplexity: 46.9877
Batch 19750 | Loss: 3.8397 | Perplexity: 46.5093
Batch 19760 | Loss: 3.8416 | Perplexity: 46.6017
Batch 19770 | Loss: 3.8594 | Perplexity: 47.4353
Batch 19780 | Loss: 3.8103 | Perplexity: 45.1643
Batch 19790 | Loss: 3.8381 | Perplexity: 46.4374
Batch 19800 | Loss: 3.8285 | Perplexity: 45.9942
Batch 19810 | Loss: 3.8419 | Perplexity: 46.6145
Epoch 89 | Loss: 3.7366 | Perplexity: 41.9544
Batch 19820 | Loss: 3.8453 | Perplexity: 46.7706
Batch 19830 | Loss: 3.8352 | Perplexity: 46.3036
Batch 19840 | Loss: 3.8611 | Perplexity: 47.5191
Batch 19850 | Loss: 3.8676 | Perplexity: 47.8271
Batch 19860 | Loss: 3.8364 | Perplexity: 46.3566
Batch 19870 | Loss: 3.8521 | Perplexity: 47.0933
Batch 19880 | Loss: 3.8842 | Perplexity: 48.6301
Batch 19890 | Loss: 3.8332 | Perplexity: 46.2084
Batch 19900 | Loss: 3.8532 | Perplexity: 47.1444
Batch 19910 | Loss: 3.8683 | Perplexity: 47.8618
Batch 19920 | Loss: 3.8697 | Perplexity: 47.9278
Batch 19930 | Loss: 3.8134 | Perplexity: 45.3048
Batch 19940 | Loss: 3.8143 | Perplexity: 45.3461
Batch 19950 | Loss: 3.8595 | Perplexity: 47.4394
Batch 19960 | Loss: 3.8419 | Perplexity: 46.6125
Batch 19970 | Loss: 3.8765 | Perplexity: 48.2531
Batch 19980 | Loss: 3.8469 | Perplexity: 46.8481
Batch 19990 | Loss: 3.8181 | Perplexity: 45.5160
Batch 20000 | Loss: 3.8152 | Perplexity: 45.3856
Batch 20010 | Loss: 3.8424 | Perplexity: 46.6365
Succesfully saved parameters to path
Epoch 90 | Loss: 3.7775 | Perplexity: 43.7049
Batch 20020 | Loss: 3.8106 | Perplexity: 45.1770
Batch 20030 | Loss: 3.8293 | Perplexity: 46.0317
Batch 20040 | Loss: 3.8387 | Perplexity: 46.4662
Batch 20050 | Loss: 3.8632 | Perplexity: 47.6177
Batch 20060 | Loss: 3.8436 | Perplexity: 46.6934
Batch 20070 | Loss: 3.8461 | Perplexity: 46.8093
Batch 20080 | Loss: 3.8561 | Perplexity: 47.2814
Batch 20090 | Loss: 3.8175 | Perplexity: 45.4922
Batch 20100 | Loss: 3.8304 | Perplexity: 46.0826
Batch 20110 | Loss: 3.8571 | Perplexity: 47.3292
Batch 20120 | Loss: 3.8334 | Perplexity: 46.2192
Batch 20130 | Loss: 3.8827 | Perplexity: 48.5546
Batch 20140 | Loss: 3.8303 | Perplexity: 46.0759
Batch 20150 | Loss: 3.8088 | Perplexity: 45.0959
Batch 20160 | Loss: 3.8188 | Perplexity: 45.5494
Batch 20170 | Loss: 3.8812 | Perplexity: 48.4802
Batch 20180 | Loss: 3.8163 | Perplexity: 45.4379
Batch 20190 | Loss: 3.8210 | Perplexity: 45.6509
Batch 20200 | Loss: 3.8633 | Perplexity: 47.6203
Batch 20210 | Loss: 3.8633 | Perplexity: 47.6205
Epoch 91 | Loss: 3.8300 | Perplexity: 46.0624
Batch 20220 | Loss: 3.8115 | Perplexity: 45.2198
Batch 20230 | Loss: 3.8252 | Perplexity: 45.8423
Batch 20240 | Loss: 3.8730 | Perplexity: 48.0876
Batch 20250 | Loss: 3.8658 | Perplexity: 47.7437
Batch 20260 | Loss: 3.7842 | Perplexity: 44.0023
Batch 20270 | Loss: 3.8430 | Perplexity: 46.6667
Batch 20280 | Loss: 3.8627 | Perplexity: 47.5914
Batch 20290 | Loss: 3.8568 | Perplexity: 47.3156
Batch 20300 | Loss: 3.8215 | Perplexity: 45.6724
Batch 20310 | Loss: 3.8587 | Perplexity: 47.4030
Batch 20320 | Loss: 3.8629 | Perplexity: 47.6034
Batch 20330 | Loss: 3.8517 | Perplexity: 47.0718
Batch 20340 | Loss: 3.8726 | Perplexity: 48.0691
Batch 20350 | Loss: 3.8727 | Perplexity: 48.0702
Batch 20360 | Loss: 3.8215 | Perplexity: 45.6717
Batch 20370 | Loss: 3.8332 | Perplexity: 46.2101
Batch 20380 | Loss: 3.8479 | Perplexity: 46.8924
Batch 20390 | Loss: 3.8368 | Perplexity: 46.3781
Batch 20400 | Loss: 3.8145 | Perplexity: 45.3563
Batch 20410 | Loss: 3.8690 | Perplexity: 47.8927
Epoch 92 | Loss: 3.8134 | Perplexity: 45.3054
Batch 20420 | Loss: 3.8584 | Perplexity: 47.3890
Batch 20430 | Loss: 3.8187 | Perplexity: 45.5465
Batch 20440 | Loss: 3.8610 | Perplexity: 47.5151
Batch 20450 | Loss: 3.8388 | Perplexity: 46.4716
Batch 20460 | Loss: 3.8129 | Perplexity: 45.2821
Batch 20470 | Loss: 3.8278 | Perplexity: 45.9610
Batch 20480 | Loss: 3.8457 | Perplexity: 46.7912
Batch 20490 | Loss: 3.8149 | Perplexity: 45.3704
Batch 20500 | Loss: 3.8308 | Perplexity: 46.0989
Batch 20510 | Loss: 3.8648 | Perplexity: 47.6959
Batch 20520 | Loss: 3.8434 | Perplexity: 46.6862
Batch 20530 | Loss: 3.8458 | Perplexity: 46.7968
Batch 20540 | Loss: 3.8276 | Perplexity: 45.9521
Batch 20550 | Loss: 3.8292 | Perplexity: 46.0262
Batch 20560 | Loss: 3.8224 | Perplexity: 45.7117
Batch 20570 | Loss: 3.8333 | Perplexity: 46.2160
Batch 20580 | Loss: 3.8255 | Perplexity: 45.8554
Batch 20590 | Loss: 3.7966 | Perplexity: 44.5484
Batch 20600 | Loss: 3.8648 | Perplexity: 47.6959
Batch 20610 | Loss: 3.8618 | Perplexity: 47.5489
Epoch 93 | Loss: 3.8639 | Perplexity: 47.6515
Batch 20620 | Loss: 3.8211 | Perplexity: 45.6551
Batch 20630 | Loss: 3.8281 | Perplexity: 45.9756
Batch 20640 | Loss: 3.8178 | Perplexity: 45.5046
Batch 20650 | Loss: 3.8380 | Perplexity: 46.4303
Batch 20660 | Loss: 3.8194 | Perplexity: 45.5766
Batch 20670 | Loss: 3.8478 | Perplexity: 46.8910
Batch 20680 | Loss: 3.8527 | Perplexity: 47.1185
Batch 20690 | Loss: 3.8615 | Perplexity: 47.5384
Batch 20700 | Loss: 3.8909 | Perplexity: 48.9565
Batch 20710 | Loss: 3.8826 | Perplexity: 48.5491
Batch 20720 | Loss: 3.8784 | Perplexity: 48.3446
Batch 20730 | Loss: 3.8271 | Perplexity: 45.9298
Batch 20740 | Loss: 3.8162 | Perplexity: 45.4295
Batch 20750 | Loss: 3.8606 | Perplexity: 47.4959
Batch 20760 | Loss: 3.8693 | Perplexity: 47.9098
Batch 20770 | Loss: 3.7976 | Perplexity: 44.5922
Batch 20780 | Loss: 3.8366 | Perplexity: 46.3660
Batch 20790 | Loss: 3.8255 | Perplexity: 45.8538
Batch 20800 | Loss: 3.8192 | Perplexity: 45.5670
Batch 20810 | Loss: 3.8069 | Perplexity: 45.0116
Epoch 94 | Loss: 3.9873 | Perplexity: 53.9106
Batch 20820 | Loss: 3.8405 | Perplexity: 46.5504
Batch 20830 | Loss: 3.8352 | Perplexity: 46.3023
Batch 20840 | Loss: 3.8890 | Perplexity: 48.8624
Batch 20850 | Loss: 3.8826 | Perplexity: 48.5521
Batch 20860 | Loss: 3.8347 | Perplexity: 46.2783
Batch 20870 | Loss: 3.7748 | Perplexity: 43.5875
Batch 20880 | Loss: 3.8483 | Perplexity: 46.9110
Batch 20890 | Loss: 3.8328 | Perplexity: 46.1895
Batch 20900 | Loss: 3.7920 | Perplexity: 44.3453
Batch 20910 | Loss: 3.8679 | Perplexity: 47.8407
Batch 20920 | Loss: 3.8461 | Perplexity: 46.8102
Batch 20930 | Loss: 3.8521 | Perplexity: 47.0908
Batch 20940 | Loss: 3.8140 | Perplexity: 45.3306
Batch 20950 | Loss: 3.8224 | Perplexity: 45.7129
Batch 20960 | Loss: 3.8343 | Perplexity: 46.2612
Batch 20970 | Loss: 3.7955 | Perplexity: 44.4987
Batch 20980 | Loss: 3.8422 | Perplexity: 46.6283
Batch 20990 | Loss: 3.8181 | Perplexity: 45.5189
Batch 21000 | Loss: 3.8893 | Perplexity: 48.8753
Batch 21010 | Loss: 3.7948 | Perplexity: 44.4683
Succesfully saved parameters to path
Epoch 95 | Loss: 3.7406 | Perplexity: 42.1248
Batch 21020 | Loss: 3.8506 | Perplexity: 47.0195
Batch 21030 | Loss: 3.8249 | Perplexity: 45.8285
Batch 21040 | Loss: 3.7997 | Perplexity: 44.6887
Batch 21050 | Loss: 3.8771 | Perplexity: 48.2837
Batch 21060 | Loss: 3.8194 | Perplexity: 45.5752
Batch 21070 | Loss: 3.8308 | Perplexity: 46.1014
Batch 21080 | Loss: 3.8390 | Perplexity: 46.4804
Batch 21090 | Loss: 3.8520 | Perplexity: 47.0865
Batch 21100 | Loss: 3.8414 | Perplexity: 46.5912
Batch 21110 | Loss: 3.8392 | Perplexity: 46.4862
Batch 21120 | Loss: 3.8388 | Perplexity: 46.4702
Batch 21130 | Loss: 3.8421 | Perplexity: 46.6246
Batch 21140 | Loss: 3.8218 | Perplexity: 45.6859
Batch 21150 | Loss: 3.7901 | Perplexity: 44.2624
Batch 21160 | Loss: 3.8390 | Perplexity: 46.4806
Batch 21170 | Loss: 3.8435 | Perplexity: 46.6888
Batch 21180 | Loss: 3.8379 | Perplexity: 46.4281
Batch 21190 | Loss: 3.8342 | Perplexity: 46.2571
Batch 21200 | Loss: 3.8747 | Perplexity: 48.1663
Batch 21210 | Loss: 3.8359 | Perplexity: 46.3355
Epoch 96 | Loss: 3.7708 | Perplexity: 43.4135
Batch 21220 | Loss: 3.8248 | Perplexity: 45.8253
Batch 21230 | Loss: 3.8729 | Perplexity: 48.0801
Batch 21240 | Loss: 3.8134 | Perplexity: 45.3030
Batch 21250 | Loss: 3.8473 | Perplexity: 46.8642
Batch 21260 | Loss: 3.7962 | Perplexity: 44.5316
Batch 21270 | Loss: 3.8628 | Perplexity: 47.5995
Batch 21280 | Loss: 3.8521 | Perplexity: 47.0906
Batch 21290 | Loss: 3.7919 | Perplexity: 44.3391
Batch 21300 | Loss: 3.8279 | Perplexity: 45.9650
Batch 21310 | Loss: 3.8560 | Perplexity: 47.2751
Batch 21320 | Loss: 3.8163 | Perplexity: 45.4353
Batch 21330 | Loss: 3.8557 | Perplexity: 47.2636
Batch 21340 | Loss: 3.8278 | Perplexity: 45.9629
Batch 21350 | Loss: 3.8002 | Perplexity: 44.7098
Batch 21360 | Loss: 3.8672 | Perplexity: 47.8094
Batch 21370 | Loss: 3.8455 | Perplexity: 46.7806
Batch 21380 | Loss: 3.8504 | Perplexity: 47.0120
Batch 21390 | Loss: 3.8112 | Perplexity: 45.2036
Batch 21400 | Loss: 3.8236 | Perplexity: 45.7682
Batch 21410 | Loss: 3.8589 | Perplexity: 47.4132
Epoch 97 | Loss: 3.8066 | Perplexity: 44.9974
Batch 21420 | Loss: 3.8523 | Perplexity: 47.1013
Batch 21430 | Loss: 3.7843 | Perplexity: 44.0032
Batch 21440 | Loss: 3.8321 | Perplexity: 46.1586
Batch 21450 | Loss: 3.8055 | Perplexity: 44.9484
Batch 21460 | Loss: 3.8489 | Perplexity: 46.9409
Batch 21470 | Loss: 3.8300 | Perplexity: 46.0638
Batch 21480 | Loss: 3.8458 | Perplexity: 46.7955
Batch 21490 | Loss: 3.7910 | Perplexity: 44.2986
Batch 21500 | Loss: 3.7910 | Perplexity: 44.2988
Batch 21510 | Loss: 3.8833 | Perplexity: 48.5839
Batch 21520 | Loss: 3.8392 | Perplexity: 46.4905
Batch 21530 | Loss: 3.8086 | Perplexity: 45.0883
Batch 21540 | Loss: 3.8088 | Perplexity: 45.0949
Batch 21550 | Loss: 3.8135 | Perplexity: 45.3065
Batch 21560 | Loss: 3.8454 | Perplexity: 46.7758
Batch 21570 | Loss: 3.8124 | Perplexity: 45.2596
Batch 21580 | Loss: 3.8032 | Perplexity: 44.8448
Batch 21590 | Loss: 3.8628 | Perplexity: 47.5989
Batch 21600 | Loss: 3.7875 | Perplexity: 44.1466
Batch 21610 | Loss: 3.8448 | Perplexity: 46.7489
Epoch 98 | Loss: 3.8932 | Perplexity: 49.0679
Batch 21620 | Loss: 3.8688 | Perplexity: 47.8839
Batch 21630 | Loss: 3.8666 | Perplexity: 47.7817
Batch 21640 | Loss: 3.8478 | Perplexity: 46.8893
Batch 21650 | Loss: 3.8291 | Perplexity: 46.0220
Batch 21660 | Loss: 3.8454 | Perplexity: 46.7767
Batch 21670 | Loss: 3.8197 | Perplexity: 45.5894
Batch 21680 | Loss: 3.8496 | Perplexity: 46.9726
Batch 21690 | Loss: 3.8469 | Perplexity: 46.8462
Batch 21700 | Loss: 3.8520 | Perplexity: 47.0879
Batch 21710 | Loss: 3.8140 | Perplexity: 45.3318
Batch 21720 | Loss: 3.8561 | Perplexity: 47.2813
Batch 21730 | Loss: 3.8586 | Perplexity: 47.3987
Batch 21740 | Loss: 3.8158 | Perplexity: 45.4149
Batch 21750 | Loss: 3.8591 | Perplexity: 47.4232
Batch 21760 | Loss: 3.8386 | Perplexity: 46.4603
Batch 21770 | Loss: 3.8252 | Perplexity: 45.8441
Batch 21780 | Loss: 3.8311 | Perplexity: 46.1113
Batch 21790 | Loss: 3.8564 | Perplexity: 47.2939
Batch 21800 | Loss: 3.8162 | Perplexity: 45.4298
Batch 21810 | Loss: 3.8282 | Perplexity: 45.9812
Epoch 99 | Loss: 3.9162 | Perplexity: 50.2092
Batch 21820 | Loss: 3.8243 | Perplexity: 45.8017
Batch 21830 | Loss: 3.8423 | Perplexity: 46.6307
Batch 21840 | Loss: 3.8303 | Perplexity: 46.0782
Batch 21850 | Loss: 3.7999 | Perplexity: 44.6955
Batch 21860 | Loss: 3.8718 | Perplexity: 48.0267
Batch 21870 | Loss: 3.8677 | Perplexity: 47.8302
Batch 21880 | Loss: 3.8474 | Perplexity: 46.8692
Batch 21890 | Loss: 3.8723 | Perplexity: 48.0547
Batch 21900 | Loss: 3.8312 | Perplexity: 46.1175
Batch 21910 | Loss: 3.8205 | Perplexity: 45.6251
Batch 21920 | Loss: 3.8416 | Perplexity: 46.5998
Batch 21930 | Loss: 3.8382 | Perplexity: 46.4402
Batch 21940 | Loss: 3.8197 | Perplexity: 45.5917
Batch 21950 | Loss: 3.8185 | Perplexity: 45.5364
Batch 21960 | Loss: 3.8064 | Perplexity: 44.9865
Batch 21970 | Loss: 3.8360 | Perplexity: 46.3417
Batch 21980 | Loss: 3.8471 | Perplexity: 46.8588
Batch 21990 | Loss: 3.8362 | Perplexity: 46.3478
Batch 22000 | Loss: 3.7938 | Perplexity: 44.4259
Batch 22010 | Loss: 3.7986 | Perplexity: 44.6383
Succesfully saved parameters to path
Epoch 100 | Loss: 3.8839 | Perplexity: 48.6111
Batch 22020 | Loss: 3.8472 | Perplexity: 46.8624
Batch 22030 | Loss: 3.8420 | Perplexity: 46.6206
Batch 22040 | Loss: 3.8768 | Perplexity: 48.2681
Batch 22050 | Loss: 3.8271 | Perplexity: 45.9291
Batch 22060 | Loss: 3.8505 | Perplexity: 47.0150
Batch 22070 | Loss: 3.8254 | Perplexity: 45.8521
Batch 22080 | Loss: 3.8344 | Perplexity: 46.2676
Batch 22090 | Loss: 3.8511 | Perplexity: 47.0469
Batch 22100 | Loss: 3.8052 | Perplexity: 44.9332
Batch 22110 | Loss: 3.8521 | Perplexity: 47.0913
Batch 22120 | Loss: 3.8470 | Perplexity: 46.8536
Batch 22130 | Loss: 3.8322 | Perplexity: 46.1639
Batch 22140 | Loss: 3.8456 | Perplexity: 46.7885
Batch 22150 | Loss: 3.8478 | Perplexity: 46.8907
Batch 22160 | Loss: 3.8225 | Perplexity: 45.7167
Batch 22170 | Loss: 3.8172 | Perplexity: 45.4790
Batch 22180 | Loss: 3.8691 | Perplexity: 47.8972
Batch 22190 | Loss: 3.8614 | Perplexity: 47.5318
Batch 22200 | Loss: 3.8174 | Perplexity: 45.4857
Batch 22210 | Loss: 3.7951 | Perplexity: 44.4812
Epoch 101 | Loss: 3.8507 | Perplexity: 47.0279
Batch 22220 | Loss: 3.8314 | Perplexity: 46.1270
Batch 22230 | Loss: 3.8732 | Perplexity: 48.0984
Batch 22240 | Loss: 3.8410 | Perplexity: 46.5710
Batch 22250 | Loss: 3.7788 | Perplexity: 43.7622
Batch 22260 | Loss: 3.8338 | Perplexity: 46.2392
Batch 22270 | Loss: 3.8383 | Perplexity: 46.4452
Batch 22280 | Loss: 3.8710 | Perplexity: 47.9915
Batch 22290 | Loss: 3.8000 | Perplexity: 44.7018
Batch 22300 | Loss: 3.8169 | Perplexity: 45.4650
Batch 22310 | Loss: 3.8068 | Perplexity: 45.0063
Batch 22320 | Loss: 3.8691 | Perplexity: 47.8982
Batch 22330 | Loss: 3.8518 | Perplexity: 47.0755
Batch 22340 | Loss: 3.8368 | Perplexity: 46.3755
Batch 22350 | Loss: 3.8322 | Perplexity: 46.1641
Batch 22360 | Loss: 3.8450 | Perplexity: 46.7587
Batch 22370 | Loss: 3.8176 | Perplexity: 45.4939
Batch 22380 | Loss: 3.8378 | Perplexity: 46.4247
Batch 22390 | Loss: 3.8312 | Perplexity: 46.1181
Batch 22400 | Loss: 3.8225 | Perplexity: 45.7202
Batch 22410 | Loss: 3.8310 | Perplexity: 46.1101
Epoch 102 | Loss: 3.7996 | Perplexity: 44.6823
Batch 22420 | Loss: 3.8634 | Perplexity: 47.6261
Batch 22430 | Loss: 3.8688 | Perplexity: 47.8845
Batch 22440 | Loss: 3.8172 | Perplexity: 45.4761
Batch 22450 | Loss: 3.8563 | Perplexity: 47.2916
Batch 22460 | Loss: 3.8678 | Perplexity: 47.8375
Batch 22470 | Loss: 3.8253 | Perplexity: 45.8444
Batch 22480 | Loss: 3.8626 | Perplexity: 47.5882
Batch 22490 | Loss: 3.8565 | Perplexity: 47.2995
Batch 22500 | Loss: 3.8308 | Perplexity: 46.0973
Batch 22510 | Loss: 3.8363 | Perplexity: 46.3521
Batch 22520 | Loss: 3.8809 | Perplexity: 48.4666
Batch 22530 | Loss: 3.8168 | Perplexity: 45.4602
Batch 22540 | Loss: 3.8668 | Perplexity: 47.7894
Batch 22550 | Loss: 3.8251 | Perplexity: 45.8382
Batch 22560 | Loss: 3.8240 | Perplexity: 45.7888
Batch 22570 | Loss: 3.8601 | Perplexity: 47.4687
Batch 22580 | Loss: 3.8352 | Perplexity: 46.3016
Batch 22590 | Loss: 3.8650 | Perplexity: 47.7015
Batch 22600 | Loss: 3.8245 | Perplexity: 45.8079
Batch 22610 | Loss: 3.8254 | Perplexity: 45.8520
Epoch 103 | Loss: 3.8674 | Perplexity: 47.8175
Batch 22620 | Loss: 3.8194 | Perplexity: 45.5765
Batch 22630 | Loss: 3.8097 | Perplexity: 45.1375
Batch 22640 | Loss: 3.8330 | Perplexity: 46.2029
Batch 22650 | Loss: 3.7927 | Perplexity: 44.3763
Batch 22660 | Loss: 3.8253 | Perplexity: 45.8482
Batch 22670 | Loss: 3.8037 | Perplexity: 44.8655
Batch 22680 | Loss: 3.8581 | Perplexity: 47.3738
Batch 22690 | Loss: 3.8160 | Perplexity: 45.4217
Batch 22700 | Loss: 3.8315 | Perplexity: 46.1323
Batch 22710 | Loss: 3.8483 | Perplexity: 46.9150
Batch 22720 | Loss: 3.8415 | Perplexity: 46.5941
Batch 22730 | Loss: 3.8081 | Perplexity: 45.0639
Batch 22740 | Loss: 3.8101 | Perplexity: 45.1549
Batch 22750 | Loss: 3.8366 | Perplexity: 46.3689
Batch 22760 | Loss: 3.8064 | Perplexity: 44.9885
Batch 22770 | Loss: 3.8493 | Perplexity: 46.9595
Batch 22780 | Loss: 3.8121 | Perplexity: 45.2433
Batch 22790 | Loss: 3.8476 | Perplexity: 46.8801
Batch 22800 | Loss: 3.8481 | Perplexity: 46.9056
Batch 22810 | Loss: 3.8153 | Perplexity: 45.3907
Epoch 104 | Loss: 3.8614 | Perplexity: 47.5299
Batch 22820 | Loss: 3.8381 | Perplexity: 46.4387
Batch 22830 | Loss: 3.8284 | Perplexity: 45.9879
Batch 22840 | Loss: 3.8710 | Perplexity: 47.9927
Batch 22850 | Loss: 3.8333 | Perplexity: 46.2131
Batch 22860 | Loss: 3.8067 | Perplexity: 45.0005
Batch 22870 | Loss: 3.8778 | Perplexity: 48.3169
Batch 22880 | Loss: 3.8848 | Perplexity: 48.6592
Batch 22890 | Loss: 3.8517 | Perplexity: 47.0753
Batch 22900 | Loss: 3.8232 | Perplexity: 45.7483
Batch 22910 | Loss: 3.8406 | Perplexity: 46.5551
Batch 22920 | Loss: 3.8401 | Perplexity: 46.5315
Batch 22930 | Loss: 3.8306 | Perplexity: 46.0899
Batch 22940 | Loss: 3.8668 | Perplexity: 47.7883
Batch 22950 | Loss: 3.8066 | Perplexity: 44.9978
Batch 22960 | Loss: 3.8243 | Perplexity: 45.8028
Batch 22970 | Loss: 3.8356 | Perplexity: 46.3205
Batch 22980 | Loss: 3.8240 | Perplexity: 45.7860
Batch 22990 | Loss: 3.8779 | Perplexity: 48.3215
Batch 23000 | Loss: 3.8371 | Perplexity: 46.3900
Batch 23010 | Loss: 3.7798 | Perplexity: 43.8068
Succesfully saved parameters to path
Epoch 105 | Loss: 3.8625 | Perplexity: 47.5834
Batch 23020 | Loss: 3.8256 | Perplexity: 45.8620
Batch 23030 | Loss: 3.8383 | Perplexity: 46.4463
Batch 23040 | Loss: 3.8250 | Perplexity: 45.8319
Batch 23050 | Loss: 3.8631 | Perplexity: 47.6117
Batch 23060 | Loss: 3.8290 | Perplexity: 46.0187
Batch 23070 | Loss: 3.8138 | Perplexity: 45.3246
Batch 23080 | Loss: 3.8477 | Perplexity: 46.8865
Batch 23090 | Loss: 3.8354 | Perplexity: 46.3130
Batch 23100 | Loss: 3.8347 | Perplexity: 46.2773
Batch 23110 | Loss: 3.8103 | Perplexity: 45.1623
Batch 23120 | Loss: 3.8139 | Perplexity: 45.3269
Batch 23130 | Loss: 3.7986 | Perplexity: 44.6369
Batch 23140 | Loss: 3.8493 | Perplexity: 46.9587
Batch 23150 | Loss: 3.8049 | Perplexity: 44.9199
Batch 23160 | Loss: 3.8195 | Perplexity: 45.5793
Batch 23170 | Loss: 3.8491 | Perplexity: 46.9525
Batch 23180 | Loss: 3.8018 | Perplexity: 44.7830
Batch 23190 | Loss: 3.8743 | Perplexity: 48.1512
Batch 23200 | Loss: 3.8612 | Perplexity: 47.5216
Batch 23210 | Loss: 3.8206 | Perplexity: 45.6305
Epoch 106 | Loss: 3.8203 | Perplexity: 45.6158
Batch 23220 | Loss: 3.8182 | Perplexity: 45.5237
Batch 23230 | Loss: 3.8272 | Perplexity: 45.9355
Batch 23240 | Loss: 3.8757 | Perplexity: 48.2161
Batch 23250 | Loss: 3.8439 | Perplexity: 46.7059
Batch 23260 | Loss: 3.8012 | Perplexity: 44.7567
Batch 23270 | Loss: 3.8500 | Perplexity: 46.9946
Batch 23280 | Loss: 3.8523 | Perplexity: 47.1031
Batch 23290 | Loss: 3.8546 | Perplexity: 47.2097
Batch 23300 | Loss: 3.8268 | Perplexity: 45.9149
Batch 23310 | Loss: 3.8056 | Perplexity: 44.9502
Batch 23320 | Loss: 3.8334 | Perplexity: 46.2197
Batch 23330 | Loss: 3.8230 | Perplexity: 45.7400
Batch 23340 | Loss: 3.8251 | Perplexity: 45.8368
Batch 23350 | Loss: 3.8472 | Perplexity: 46.8612
Batch 23360 | Loss: 3.8034 | Perplexity: 44.8549
Batch 23370 | Loss: 3.8206 | Perplexity: 45.6323
Batch 23380 | Loss: 3.8340 | Perplexity: 46.2459
Batch 23390 | Loss: 3.8664 | Perplexity: 47.7702
Batch 23400 | Loss: 3.8408 | Perplexity: 46.5624
Batch 23410 | Loss: 3.7949 | Perplexity: 44.4730
Epoch 107 | Loss: 3.7211 | Perplexity: 41.3114
Batch 23420 | Loss: 3.8075 | Perplexity: 45.0384
Batch 23430 | Loss: 3.8132 | Perplexity: 45.2942
Batch 23440 | Loss: 3.8261 | Perplexity: 45.8819
Batch 23450 | Loss: 3.8468 | Perplexity: 46.8445
Batch 23460 | Loss: 3.8284 | Perplexity: 45.9904
Batch 23470 | Loss: 3.8598 | Perplexity: 47.4553
Batch 23480 | Loss: 3.8296 | Perplexity: 46.0456
Batch 23490 | Loss: 3.8451 | Perplexity: 46.7623
Batch 23500 | Loss: 3.8348 | Perplexity: 46.2843
Batch 23510 | Loss: 3.7975 | Perplexity: 44.5914
Batch 23520 | Loss: 3.8368 | Perplexity: 46.3751
Batch 23530 | Loss: 3.8105 | Perplexity: 45.1713
Batch 23540 | Loss: 3.8222 | Perplexity: 45.7038
Batch 23550 | Loss: 3.8527 | Perplexity: 47.1211
Batch 23560 | Loss: 3.8044 | Perplexity: 44.8967
Batch 23570 | Loss: 3.8501 | Perplexity: 46.9972
Batch 23580 | Loss: 3.8045 | Perplexity: 44.9021
Batch 23590 | Loss: 3.7999 | Perplexity: 44.6950
Batch 23600 | Loss: 3.8343 | Perplexity: 46.2590
Batch 23610 | Loss: 3.8497 | Perplexity: 46.9813
Epoch 108 | Loss: 3.7728 | Perplexity: 43.5026
Batch 23620 | Loss: 3.8046 | Perplexity: 44.9074
Batch 23630 | Loss: 3.8082 | Perplexity: 45.0714
Batch 23640 | Loss: 3.8379 | Perplexity: 46.4272
Batch 23650 | Loss: 3.8196 | Perplexity: 45.5876
Batch 23660 | Loss: 3.8079 | Perplexity: 45.0575
Batch 23670 | Loss: 3.8711 | Perplexity: 47.9954
Batch 23680 | Loss: 3.8380 | Perplexity: 46.4312
Batch 23690 | Loss: 3.8254 | Perplexity: 45.8492
Batch 23700 | Loss: 3.8146 | Perplexity: 45.3579
Batch 23710 | Loss: 3.8243 | Perplexity: 45.8018
Batch 23720 | Loss: 3.8435 | Perplexity: 46.6897
Batch 23730 | Loss: 3.8505 | Perplexity: 47.0145
Batch 23740 | Loss: 3.8670 | Perplexity: 47.7966
Batch 23750 | Loss: 3.8413 | Perplexity: 46.5845
Batch 23760 | Loss: 3.8190 | Perplexity: 45.5594
Batch 23770 | Loss: 3.8110 | Perplexity: 45.1963
Batch 23780 | Loss: 3.8115 | Perplexity: 45.2189
Batch 23790 | Loss: 3.8293 | Perplexity: 46.0296
Batch 23800 | Loss: 3.8262 | Perplexity: 45.8876
Batch 23810 | Loss: 3.8484 | Perplexity: 46.9188
Epoch 109 | Loss: 3.7934 | Perplexity: 44.4062
Batch 23820 | Loss: 3.8562 | Perplexity: 47.2844
Batch 23830 | Loss: 3.8090 | Perplexity: 45.1038
Batch 23840 | Loss: 3.8386 | Perplexity: 46.4599
Batch 23850 | Loss: 3.8041 | Perplexity: 44.8839
Batch 23860 | Loss: 3.8176 | Perplexity: 45.4948
Batch 23870 | Loss: 3.8668 | Perplexity: 47.7883
Batch 23880 | Loss: 3.8633 | Perplexity: 47.6221
Batch 23890 | Loss: 3.8385 | Perplexity: 46.4563
Batch 23900 | Loss: 3.8091 | Perplexity: 45.1111
Batch 23910 | Loss: 3.8113 | Perplexity: 45.2078
Batch 23920 | Loss: 3.8344 | Perplexity: 46.2672
Batch 23930 | Loss: 3.8180 | Perplexity: 45.5134
Batch 23940 | Loss: 3.7958 | Perplexity: 44.5155
Batch 23950 | Loss: 3.8378 | Perplexity: 46.4213
Batch 23960 | Loss: 3.8558 | Perplexity: 47.2674
Batch 23970 | Loss: 3.8413 | Perplexity: 46.5840
Batch 23980 | Loss: 3.8209 | Perplexity: 45.6438
Batch 23990 | Loss: 3.8215 | Perplexity: 45.6739
Batch 24000 | Loss: 3.8322 | Perplexity: 46.1642
Batch 24010 | Loss: 3.7984 | Perplexity: 44.6277
Succesfully saved parameters to path
Epoch 110 | Loss: 3.9896 | Perplexity: 54.0352
Batch 24020 | Loss: 3.8306 | Perplexity: 46.0889
Batch 24030 | Loss: 3.8228 | Perplexity: 45.7311
Batch 24040 | Loss: 3.8142 | Perplexity: 45.3425
Batch 24050 | Loss: 3.8002 | Perplexity: 44.7122
Batch 24060 | Loss: 3.8112 | Perplexity: 45.2036
Batch 24070 | Loss: 3.8571 | Perplexity: 47.3292
Batch 24080 | Loss: 3.8272 | Perplexity: 45.9341
Batch 24090 | Loss: 3.8391 | Perplexity: 46.4823
Batch 24100 | Loss: 3.8335 | Perplexity: 46.2251
Batch 24110 | Loss: 3.8241 | Perplexity: 45.7912
Batch 24120 | Loss: 3.8171 | Perplexity: 45.4718
Batch 24130 | Loss: 3.8520 | Perplexity: 47.0878
Batch 24140 | Loss: 3.8537 | Perplexity: 47.1696
Batch 24150 | Loss: 3.8251 | Perplexity: 45.8374
Batch 24160 | Loss: 3.8249 | Perplexity: 45.8276
Batch 24170 | Loss: 3.8509 | Perplexity: 47.0342
Batch 24180 | Loss: 3.8186 | Perplexity: 45.5403
Batch 24190 | Loss: 3.8202 | Perplexity: 45.6137
Batch 24200 | Loss: 3.8341 | Perplexity: 46.2536
Batch 24210 | Loss: 3.8556 | Perplexity: 47.2566
Epoch 111 | Loss: 3.6671 | Perplexity: 39.1383
Batch 24220 | Loss: 3.8356 | Perplexity: 46.3216
Batch 24230 | Loss: 3.8584 | Perplexity: 47.3884
Batch 24240 | Loss: 3.8342 | Perplexity: 46.2575
Batch 24250 | Loss: 3.7800 | Perplexity: 43.8143
Batch 24260 | Loss: 3.8113 | Perplexity: 45.2086
Batch 24270 | Loss: 3.8465 | Perplexity: 46.8312
Batch 24280 | Loss: 3.8290 | Perplexity: 46.0146
Batch 24290 | Loss: 3.8645 | Perplexity: 47.6789
Batch 24300 | Loss: 3.7715 | Perplexity: 43.4468
Batch 24310 | Loss: 3.8213 | Perplexity: 45.6654
Batch 24320 | Loss: 3.8222 | Perplexity: 45.7034
Batch 24330 | Loss: 3.8406 | Perplexity: 46.5524
Batch 24340 | Loss: 3.8330 | Perplexity: 46.1996
Batch 24350 | Loss: 3.8726 | Perplexity: 48.0688
Batch 24360 | Loss: 3.8144 | Perplexity: 45.3481
Batch 24370 | Loss: 3.8523 | Perplexity: 47.1007
Batch 24380 | Loss: 3.8193 | Perplexity: 45.5703
Batch 24390 | Loss: 3.8151 | Perplexity: 45.3804
Batch 24400 | Loss: 3.8461 | Perplexity: 46.8112
Batch 24410 | Loss: 3.8520 | Perplexity: 47.0863
Epoch 112 | Loss: 3.8146 | Perplexity: 45.3607
Batch 24420 | Loss: 3.8425 | Perplexity: 46.6413
Batch 24430 | Loss: 3.8331 | Perplexity: 46.2047
Batch 24440 | Loss: 3.8645 | Perplexity: 47.6771
Batch 24450 | Loss: 3.8564 | Perplexity: 47.2948
Batch 24460 | Loss: 3.8193 | Perplexity: 45.5722
Batch 24470 | Loss: 3.8363 | Perplexity: 46.3559
Batch 24480 | Loss: 3.8295 | Perplexity: 46.0373
Batch 24490 | Loss: 3.8442 | Perplexity: 46.7221
Batch 24500 | Loss: 3.8024 | Perplexity: 44.8088
Batch 24510 | Loss: 3.8403 | Perplexity: 46.5371
Batch 24520 | Loss: 3.8277 | Perplexity: 45.9550
Batch 24530 | Loss: 3.8378 | Perplexity: 46.4240
Batch 24540 | Loss: 3.8130 | Perplexity: 45.2843
Batch 24550 | Loss: 3.8389 | Perplexity: 46.4761
Batch 24560 | Loss: 3.8459 | Perplexity: 46.8014
Batch 24570 | Loss: 3.8254 | Perplexity: 45.8534
Batch 24580 | Loss: 3.7971 | Perplexity: 44.5716
Batch 24590 | Loss: 3.8404 | Perplexity: 46.5431
Batch 24600 | Loss: 3.8228 | Perplexity: 45.7327
Batch 24610 | Loss: 3.8398 | Perplexity: 46.5160
Epoch 113 | Loss: 3.8758 | Perplexity: 48.2194
Batch 24620 | Loss: 3.8523 | Perplexity: 47.1025
Batch 24630 | Loss: 3.7714 | Perplexity: 43.4404
Batch 24640 | Loss: 3.8252 | Perplexity: 45.8421
Batch 24650 | Loss: 3.8034 | Perplexity: 44.8512
Batch 24660 | Loss: 3.8211 | Perplexity: 45.6551
Batch 24670 | Loss: 3.8695 | Perplexity: 47.9161
Batch 24680 | Loss: 3.8201 | Perplexity: 45.6101
Batch 24690 | Loss: 3.8417 | Perplexity: 46.6055
Batch 24700 | Loss: 3.8467 | Perplexity: 46.8365
Batch 24710 | Loss: 3.8248 | Perplexity: 45.8237
Batch 24720 | Loss: 3.7813 | Perplexity: 43.8745
Batch 24730 | Loss: 3.8596 | Perplexity: 47.4463
Batch 24740 | Loss: 3.8325 | Perplexity: 46.1762
Batch 24750 | Loss: 3.8373 | Perplexity: 46.3992
Batch 24760 | Loss: 3.8595 | Perplexity: 47.4394
Batch 24770 | Loss: 3.8030 | Perplexity: 44.8353
Batch 24780 | Loss: 3.8458 | Perplexity: 46.7945
Batch 24790 | Loss: 3.8883 | Perplexity: 48.8301
Batch 24800 | Loss: 3.8150 | Perplexity: 45.3772
Batch 24810 | Loss: 3.8381 | Perplexity: 46.4381
Epoch 114 | Loss: 3.8462 | Perplexity: 46.8168
Batch 24820 | Loss: 3.8034 | Perplexity: 44.8550
Batch 24830 | Loss: 3.8599 | Perplexity: 47.4608
Batch 24840 | Loss: 3.8071 | Perplexity: 45.0203
Batch 24850 | Loss: 3.8299 | Perplexity: 46.0590
Batch 24860 | Loss: 3.8073 | Perplexity: 45.0274
Batch 24870 | Loss: 3.8227 | Perplexity: 45.7295
Batch 24880 | Loss: 3.7840 | Perplexity: 43.9926
Batch 24890 | Loss: 3.8469 | Perplexity: 46.8465
Batch 24900 | Loss: 3.8346 | Perplexity: 46.2735
Batch 24910 | Loss: 3.8375 | Perplexity: 46.4100
Batch 24920 | Loss: 3.8546 | Perplexity: 47.2111
Batch 24930 | Loss: 3.8643 | Perplexity: 47.6676
Batch 24940 | Loss: 3.8031 | Perplexity: 44.8415
Batch 24950 | Loss: 3.8565 | Perplexity: 47.2989
Batch 24960 | Loss: 3.8603 | Perplexity: 47.4799
Batch 24970 | Loss: 3.8403 | Perplexity: 46.5399
Batch 24980 | Loss: 3.7721 | Perplexity: 43.4705
Batch 24990 | Loss: 3.8866 | Perplexity: 48.7425
Batch 25000 | Loss: 3.8014 | Perplexity: 44.7625
Batch 25010 | Loss: 3.8747 | Perplexity: 48.1684
Succesfully saved parameters to path
Epoch 115 | Loss: 3.9219 | Perplexity: 50.4944
Batch 25020 | Loss: 3.8286 | Perplexity: 45.9993
Batch 25030 | Loss: 3.8607 | Perplexity: 47.4975
Batch 25040 | Loss: 3.8310 | Perplexity: 46.1089
Batch 25050 | Loss: 3.8195 | Perplexity: 45.5807
Batch 25060 | Loss: 3.8234 | Perplexity: 45.7583
Batch 25070 | Loss: 3.8716 | Perplexity: 48.0196
Batch 25080 | Loss: 3.8722 | Perplexity: 48.0470
Batch 25090 | Loss: 3.8438 | Perplexity: 46.7031
Batch 25100 | Loss: 3.8242 | Perplexity: 45.7978
Batch 25110 | Loss: 3.8450 | Perplexity: 46.7595
Batch 25120 | Loss: 3.8490 | Perplexity: 46.9449
Batch 25130 | Loss: 3.8117 | Perplexity: 45.2285
Batch 25140 | Loss: 3.8117 | Perplexity: 45.2270
Batch 25150 | Loss: 3.8213 | Perplexity: 45.6658
Batch 25160 | Loss: 3.8167 | Perplexity: 45.4521
Batch 25170 | Loss: 3.8279 | Perplexity: 45.9637
Batch 25180 | Loss: 3.8134 | Perplexity: 45.3038
Batch 25190 | Loss: 3.8096 | Perplexity: 45.1312
Batch 25200 | Loss: 3.8214 | Perplexity: 45.6700
Batch 25210 | Loss: 3.7975 | Perplexity: 44.5887
Epoch 116 | Loss: 3.7487 | Perplexity: 42.4648
Batch 25220 | Loss: 3.8165 | Perplexity: 45.4426
Batch 25230 | Loss: 3.8231 | Perplexity: 45.7474
Batch 25240 | Loss: 3.8470 | Perplexity: 46.8540
Batch 25250 | Loss: 3.8375 | Perplexity: 46.4087
Batch 25260 | Loss: 3.8252 | Perplexity: 45.8398
Batch 25270 | Loss: 3.8414 | Perplexity: 46.5888
Batch 25280 | Loss: 3.7970 | Perplexity: 44.5668
Batch 25290 | Loss: 3.8640 | Perplexity: 47.6557
Batch 25300 | Loss: 3.8194 | Perplexity: 45.5780
Batch 25310 | Loss: 3.8552 | Perplexity: 47.2379
Batch 25320 | Loss: 3.8541 | Perplexity: 47.1842
Batch 25330 | Loss: 3.8365 | Perplexity: 46.3640
Batch 25340 | Loss: 3.8460 | Perplexity: 46.8076
Batch 25350 | Loss: 3.7746 | Perplexity: 43.5795
Batch 25360 | Loss: 3.8502 | Perplexity: 47.0016
Batch 25370 | Loss: 3.7666 | Perplexity: 43.2333
Batch 25380 | Loss: 3.8413 | Perplexity: 46.5863
Batch 25390 | Loss: 3.8473 | Perplexity: 46.8670
Batch 25400 | Loss: 3.8156 | Perplexity: 45.4049
Batch 25410 | Loss: 3.8511 | Perplexity: 47.0465
Epoch 117 | Loss: 3.7657 | Perplexity: 43.1958
Batch 25420 | Loss: 3.8354 | Perplexity: 46.3139
Batch 25430 | Loss: 3.7979 | Perplexity: 44.6071
Batch 25440 | Loss: 3.8745 | Perplexity: 48.1605
Batch 25450 | Loss: 3.8695 | Perplexity: 47.9195
Batch 25460 | Loss: 3.8372 | Perplexity: 46.3953
Batch 25470 | Loss: 3.7874 | Perplexity: 44.1435
Batch 25480 | Loss: 3.8087 | Perplexity: 45.0933
Batch 25490 | Loss: 3.7968 | Perplexity: 44.5580
Batch 25500 | Loss: 3.8052 | Perplexity: 44.9337
Batch 25510 | Loss: 3.8161 | Perplexity: 45.4257
Batch 25520 | Loss: 3.8567 | Perplexity: 47.3075
Batch 25530 | Loss: 3.8219 | Perplexity: 45.6923
Batch 25540 | Loss: 3.8645 | Perplexity: 47.6773
Batch 25550 | Loss: 3.8261 | Perplexity: 45.8840
Batch 25560 | Loss: 3.8116 | Perplexity: 45.2213
Batch 25570 | Loss: 3.8164 | Perplexity: 45.4402
Batch 25580 | Loss: 3.8814 | Perplexity: 48.4915
Batch 25590 | Loss: 3.8195 | Perplexity: 45.5813
Batch 25600 | Loss: 3.8576 | Perplexity: 47.3510
Batch 25610 | Loss: 3.8359 | Perplexity: 46.3358
Epoch 118 | Loss: 3.6736 | Perplexity: 39.3915
Batch 25620 | Loss: 3.7902 | Perplexity: 44.2658
Batch 25630 | Loss: 3.8385 | Perplexity: 46.4540
Batch 25640 | Loss: 3.8680 | Perplexity: 47.8474
Batch 25650 | Loss: 3.8002 | Perplexity: 44.7121
Batch 25660 | Loss: 3.8462 | Perplexity: 46.8171
Batch 25670 | Loss: 3.8384 | Perplexity: 46.4515
Batch 25680 | Loss: 3.8188 | Perplexity: 45.5473
Batch 25690 | Loss: 3.8507 | Perplexity: 47.0276
Batch 25700 | Loss: 3.7907 | Perplexity: 44.2862
Batch 25710 | Loss: 3.8061 | Perplexity: 44.9766
Batch 25720 | Loss: 3.8486 | Perplexity: 46.9269
Batch 25730 | Loss: 3.8049 | Perplexity: 44.9189
Batch 25740 | Loss: 3.8419 | Perplexity: 46.6144
Batch 25750 | Loss: 3.8641 | Perplexity: 47.6585
Batch 25760 | Loss: 3.8106 | Perplexity: 45.1788
Batch 25770 | Loss: 3.8251 | Perplexity: 45.8355
Batch 25780 | Loss: 3.8560 | Perplexity: 47.2779
Batch 25790 | Loss: 3.7888 | Perplexity: 44.2020
Batch 25800 | Loss: 3.8437 | Perplexity: 46.6992
Batch 25810 | Loss: 3.7957 | Perplexity: 44.5090
Epoch 119 | Loss: 3.8289 | Perplexity: 46.0122
Batch 25820 | Loss: 3.8488 | Perplexity: 46.9375
Batch 25830 | Loss: 3.8315 | Perplexity: 46.1311
Batch 25840 | Loss: 3.8116 | Perplexity: 45.2229
Batch 25850 | Loss: 3.8413 | Perplexity: 46.5858
Batch 25860 | Loss: 3.8318 | Perplexity: 46.1469
Batch 25870 | Loss: 3.7876 | Perplexity: 44.1482
Batch 25880 | Loss: 3.8539 | Perplexity: 47.1761
Batch 25890 | Loss: 3.7605 | Perplexity: 42.9680
Batch 25900 | Loss: 3.8179 | Perplexity: 45.5071
Batch 25910 | Loss: 3.8288 | Perplexity: 46.0092
Batch 25920 | Loss: 3.7895 | Perplexity: 44.2364
Batch 25930 | Loss: 3.8394 | Perplexity: 46.4991
Batch 25940 | Loss: 3.8021 | Perplexity: 44.7938
Batch 25950 | Loss: 3.8027 | Perplexity: 44.8238
Batch 25960 | Loss: 3.7909 | Perplexity: 44.2942
Batch 25970 | Loss: 3.8325 | Perplexity: 46.1776
Batch 25980 | Loss: 3.8330 | Perplexity: 46.2006
Batch 25990 | Loss: 3.8192 | Perplexity: 45.5659
Batch 26000 | Loss: 3.8159 | Perplexity: 45.4196
Batch 26010 | Loss: 3.8416 | Perplexity: 46.6007
Succesfully saved parameters to path
Epoch 120 | Loss: 3.7873 | Perplexity: 44.1377
Batch 26020 | Loss: 3.8328 | Perplexity: 46.1921
Batch 26030 | Loss: 3.7889 | Perplexity: 44.2097
Batch 26040 | Loss: 3.8666 | Perplexity: 47.7800
Batch 26050 | Loss: 3.8044 | Perplexity: 44.8997
Batch 26060 | Loss: 3.7672 | Perplexity: 43.2570
Batch 26070 | Loss: 3.8380 | Perplexity: 46.4323
Batch 26080 | Loss: 3.8368 | Perplexity: 46.3769
Batch 26090 | Loss: 3.7976 | Perplexity: 44.5950
Batch 26100 | Loss: 3.8086 | Perplexity: 45.0855
Batch 26110 | Loss: 3.8298 | Perplexity: 46.0531
Batch 26120 | Loss: 3.8454 | Perplexity: 46.7797
Batch 26130 | Loss: 3.8856 | Perplexity: 48.6984
Batch 26140 | Loss: 3.8065 | Perplexity: 44.9938
Batch 26150 | Loss: 3.8396 | Perplexity: 46.5091
Batch 26160 | Loss: 3.8053 | Perplexity: 44.9368
Batch 26170 | Loss: 3.8640 | Perplexity: 47.6553
Batch 26180 | Loss: 3.8329 | Perplexity: 46.1946
Batch 26190 | Loss: 3.7955 | Perplexity: 44.5008
Batch 26200 | Loss: 3.8452 | Perplexity: 46.7687
Batch 26210 | Loss: 3.8203 | Perplexity: 45.6171
Epoch 121 | Loss: 3.7353 | Perplexity: 41.9025
Batch 26220 | Loss: 3.8572 | Perplexity: 47.3304
Batch 26230 | Loss: 3.8117 | Perplexity: 45.2284
Batch 26240 | Loss: 3.8472 | Perplexity: 46.8609
Batch 26250 | Loss: 3.7903 | Perplexity: 44.2683
Batch 26260 | Loss: 3.8314 | Perplexity: 46.1285
Batch 26270 | Loss: 3.8221 | Perplexity: 45.6983
Batch 26280 | Loss: 3.8300 | Perplexity: 46.0621
Batch 26290 | Loss: 3.8132 | Perplexity: 45.2933
Batch 26300 | Loss: 3.8532 | Perplexity: 47.1441
Batch 26310 | Loss: 3.8288 | Perplexity: 46.0073
Batch 26320 | Loss: 3.8278 | Perplexity: 45.9634
Batch 26330 | Loss: 3.8183 | Perplexity: 45.5279
Batch 26340 | Loss: 3.7764 | Perplexity: 43.6573
Batch 26350 | Loss: 3.8333 | Perplexity: 46.2156
Batch 26360 | Loss: 3.8366 | Perplexity: 46.3656
Batch 26370 | Loss: 3.8033 | Perplexity: 44.8497
Batch 26380 | Loss: 3.8437 | Perplexity: 46.6960
Batch 26390 | Loss: 3.8041 | Perplexity: 44.8859
Batch 26400 | Loss: 3.8182 | Perplexity: 45.5231
Batch 26410 | Loss: 3.8618 | Perplexity: 47.5499
Epoch 122 | Loss: 3.7793 | Perplexity: 43.7851
Batch 26420 | Loss: 3.8250 | Perplexity: 45.8336
Batch 26430 | Loss: 3.8102 | Perplexity: 45.1599
Batch 26440 | Loss: 3.8235 | Perplexity: 45.7624
Batch 26450 | Loss: 3.7861 | Perplexity: 44.0836
Batch 26460 | Loss: 3.8491 | Perplexity: 46.9518
Batch 26470 | Loss: 3.8600 | Perplexity: 47.4633
Batch 26480 | Loss: 3.8208 | Perplexity: 45.6400
Batch 26490 | Loss: 3.8246 | Perplexity: 45.8157
Batch 26500 | Loss: 3.8032 | Perplexity: 44.8435
Batch 26510 | Loss: 3.8160 | Perplexity: 45.4211
Batch 26520 | Loss: 3.8933 | Perplexity: 49.0711
Batch 26530 | Loss: 3.8431 | Perplexity: 46.6692
Batch 26540 | Loss: 3.8107 | Perplexity: 45.1835
Batch 26550 | Loss: 3.7949 | Perplexity: 44.4742
Batch 26560 | Loss: 3.8138 | Perplexity: 45.3204
Batch 26570 | Loss: 3.8201 | Perplexity: 45.6083
Batch 26580 | Loss: 3.8495 | Perplexity: 46.9709
Batch 26590 | Loss: 3.8058 | Perplexity: 44.9618
Batch 26600 | Loss: 3.8390 | Perplexity: 46.4780
Batch 26610 | Loss: 3.8448 | Perplexity: 46.7488
Epoch 123 | Loss: 3.7302 | Perplexity: 41.6893
Batch 26620 | Loss: 3.8420 | Perplexity: 46.6173
Batch 26630 | Loss: 3.8409 | Perplexity: 46.5693
Batch 26640 | Loss: 3.8116 | Perplexity: 45.2225
Batch 26650 | Loss: 3.8242 | Perplexity: 45.7975
Batch 26660 | Loss: 3.8267 | Perplexity: 45.9089
Batch 26670 | Loss: 3.8109 | Perplexity: 45.1897
Batch 26680 | Loss: 3.7955 | Perplexity: 44.5020
Batch 26690 | Loss: 3.8183 | Perplexity: 45.5276
Batch 26700 | Loss: 3.8195 | Perplexity: 45.5828
Batch 26710 | Loss: 3.7987 | Perplexity: 44.6421
Batch 26720 | Loss: 3.8244 | Perplexity: 45.8041
Batch 26730 | Loss: 3.8339 | Perplexity: 46.2432
Batch 26740 | Loss: 3.8380 | Perplexity: 46.4329
Batch 26750 | Loss: 3.8201 | Perplexity: 45.6102
Batch 26760 | Loss: 3.8088 | Perplexity: 45.0949
Batch 26770 | Loss: 3.7939 | Perplexity: 44.4309
Batch 26780 | Loss: 3.8437 | Perplexity: 46.6994
Batch 26790 | Loss: 3.8258 | Perplexity: 45.8695
Batch 26800 | Loss: 3.7916 | Perplexity: 44.3266
Batch 26810 | Loss: 3.8199 | Perplexity: 45.5979
Epoch 124 | Loss: 3.8731 | Perplexity: 48.0931
Batch 26820 | Loss: 3.8606 | Perplexity: 47.4937
Batch 26830 | Loss: 3.7994 | Perplexity: 44.6729
Batch 26840 | Loss: 3.8280 | Perplexity: 45.9693
Batch 26850 | Loss: 3.8311 | Perplexity: 46.1140
Batch 26860 | Loss: 3.8496 | Perplexity: 46.9762
Batch 26870 | Loss: 3.8295 | Perplexity: 46.0382
Batch 26880 | Loss: 3.8730 | Perplexity: 48.0873
Batch 26890 | Loss: 3.8022 | Perplexity: 44.7977
Batch 26900 | Loss: 3.8391 | Perplexity: 46.4858
Batch 26910 | Loss: 3.8203 | Perplexity: 45.6163
Batch 26920 | Loss: 3.8304 | Perplexity: 46.0799
Batch 26930 | Loss: 3.8353 | Perplexity: 46.3078
Batch 26940 | Loss: 3.8414 | Perplexity: 46.5891
Batch 26950 | Loss: 3.8404 | Perplexity: 46.5450
Batch 26960 | Loss: 3.8221 | Perplexity: 45.6999
Batch 26970 | Loss: 3.7993 | Perplexity: 44.6706
Batch 26980 | Loss: 3.8203 | Perplexity: 45.6171
Batch 26990 | Loss: 3.8382 | Perplexity: 46.4396
Batch 27000 | Loss: 3.8085 | Perplexity: 45.0824
Batch 27010 | Loss: 3.8311 | Perplexity: 46.1155
Succesfully saved parameters to path
Epoch 125 | Loss: 3.8958 | Perplexity: 49.1974
Batch 27020 | Loss: 3.7919 | Perplexity: 44.3401
Batch 27030 | Loss: 3.8540 | Perplexity: 47.1806
Batch 27040 | Loss: 3.8315 | Perplexity: 46.1318
Batch 27050 | Loss: 3.8230 | Perplexity: 45.7409
Batch 27060 | Loss: 3.8431 | Perplexity: 46.6695
Batch 27070 | Loss: 3.8149 | Perplexity: 45.3707
Batch 27080 | Loss: 3.8501 | Perplexity: 46.9985
Batch 27090 | Loss: 3.8330 | Perplexity: 46.2019
Batch 27100 | Loss: 3.8423 | Perplexity: 46.6338
Batch 27110 | Loss: 3.8275 | Perplexity: 45.9492
Batch 27120 | Loss: 3.8288 | Perplexity: 46.0091
Batch 27130 | Loss: 3.7966 | Perplexity: 44.5476
Batch 27140 | Loss: 3.8589 | Perplexity: 47.4155
Batch 27150 | Loss: 3.8596 | Perplexity: 47.4471
Batch 27160 | Loss: 3.8219 | Perplexity: 45.6890
Batch 27170 | Loss: 3.8284 | Perplexity: 45.9886
Batch 27180 | Loss: 3.8187 | Perplexity: 45.5438
Batch 27190 | Loss: 3.8113 | Perplexity: 45.2111
Batch 27200 | Loss: 3.7920 | Perplexity: 44.3452
Batch 27210 | Loss: 3.8346 | Perplexity: 46.2759
Epoch 126 | Loss: 3.8199 | Perplexity: 45.6015
Batch 27220 | Loss: 3.8290 | Perplexity: 46.0178
Batch 27230 | Loss: 3.8168 | Perplexity: 45.4585
Batch 27240 | Loss: 3.8256 | Perplexity: 45.8589
Batch 27250 | Loss: 3.8341 | Perplexity: 46.2540
Batch 27260 | Loss: 3.8293 | Perplexity: 46.0310
Batch 27270 | Loss: 3.8479 | Perplexity: 46.8931
Batch 27280 | Loss: 3.8342 | Perplexity: 46.2573
Batch 27290 | Loss: 3.8020 | Perplexity: 44.7917
Batch 27300 | Loss: 3.8114 | Perplexity: 45.2147
Batch 27310 | Loss: 3.8250 | Perplexity: 45.8349
Batch 27320 | Loss: 3.8119 | Perplexity: 45.2375
Batch 27330 | Loss: 3.8277 | Perplexity: 45.9578
Batch 27340 | Loss: 3.8184 | Perplexity: 45.5327
Batch 27350 | Loss: 3.8187 | Perplexity: 45.5455
Batch 27360 | Loss: 3.8187 | Perplexity: 45.5444
Batch 27370 | Loss: 3.8210 | Perplexity: 45.6504
Batch 27380 | Loss: 3.7805 | Perplexity: 43.8382
Batch 27390 | Loss: 3.8939 | Perplexity: 49.1035
Batch 27400 | Loss: 3.8326 | Perplexity: 46.1819
Batch 27410 | Loss: 3.7941 | Perplexity: 44.4398
Epoch 127 | Loss: 3.8387 | Perplexity: 46.4660
Batch 27420 | Loss: 3.8014 | Perplexity: 44.7640
Batch 27430 | Loss: 3.8401 | Perplexity: 46.5302
Batch 27440 | Loss: 3.8406 | Perplexity: 46.5557
Batch 27450 | Loss: 3.8411 | Perplexity: 46.5778
Batch 27460 | Loss: 3.8393 | Perplexity: 46.4947
Batch 27470 | Loss: 3.8434 | Perplexity: 46.6824
Batch 27480 | Loss: 3.8204 | Perplexity: 45.6218
Batch 27490 | Loss: 3.8637 | Perplexity: 47.6392
Batch 27500 | Loss: 3.8071 | Perplexity: 45.0187
Batch 27510 | Loss: 3.8420 | Perplexity: 46.6180
Batch 27520 | Loss: 3.8479 | Perplexity: 46.8938
Batch 27530 | Loss: 3.7776 | Perplexity: 43.7126
Batch 27540 | Loss: 3.8130 | Perplexity: 45.2873
Batch 27550 | Loss: 3.8251 | Perplexity: 45.8361
Batch 27560 | Loss: 3.8611 | Perplexity: 47.5190
Batch 27570 | Loss: 3.8073 | Perplexity: 45.0274
Batch 27580 | Loss: 3.8262 | Perplexity: 45.8883
Batch 27590 | Loss: 3.8162 | Perplexity: 45.4301
Batch 27600 | Loss: 3.8183 | Perplexity: 45.5289
Batch 27610 | Loss: 3.8488 | Perplexity: 46.9356
Epoch 128 | Loss: 3.9354 | Perplexity: 51.1818
Batch 27620 | Loss: 3.8622 | Perplexity: 47.5707
Batch 27630 | Loss: 3.8248 | Perplexity: 45.8241
Batch 27640 | Loss: 3.8147 | Perplexity: 45.3615
Batch 27650 | Loss: 3.8155 | Perplexity: 45.3979
Batch 27660 | Loss: 3.8261 | Perplexity: 45.8830
Batch 27670 | Loss: 3.8039 | Perplexity: 44.8764
Batch 27680 | Loss: 3.8359 | Perplexity: 46.3367
Batch 27690 | Loss: 3.8278 | Perplexity: 45.9592
Batch 27700 | Loss: 3.8407 | Perplexity: 46.5594
Batch 27710 | Loss: 3.8337 | Perplexity: 46.2355
Batch 27720 | Loss: 3.7786 | Perplexity: 43.7556
Batch 27730 | Loss: 3.8489 | Perplexity: 46.9405
Batch 27740 | Loss: 3.8263 | Perplexity: 45.8903
Batch 27750 | Loss: 3.8009 | Perplexity: 44.7427
Batch 27760 | Loss: 3.8696 | Perplexity: 47.9216
Batch 27770 | Loss: 3.8171 | Perplexity: 45.4736
Batch 27780 | Loss: 3.8302 | Perplexity: 46.0725
Batch 27790 | Loss: 3.7983 | Perplexity: 44.6235
Batch 27800 | Loss: 3.8419 | Perplexity: 46.6122
Batch 27810 | Loss: 3.8196 | Perplexity: 45.5874
Epoch 129 | Loss: 3.8013 | Perplexity: 44.7583
Batch 27820 | Loss: 3.8384 | Perplexity: 46.4532
Batch 27830 | Loss: 3.8031 | Perplexity: 44.8378
Batch 27840 | Loss: 3.8398 | Perplexity: 46.5154
Batch 27850 | Loss: 3.8061 | Perplexity: 44.9765
Batch 27860 | Loss: 3.8425 | Perplexity: 46.6441
Batch 27870 | Loss: 3.8281 | Perplexity: 45.9741
Batch 27880 | Loss: 3.8421 | Perplexity: 46.6241
Batch 27890 | Loss: 3.7999 | Perplexity: 44.6947
Batch 27900 | Loss: 3.8312 | Perplexity: 46.1182
Batch 27910 | Loss: 3.8016 | Perplexity: 44.7710
Batch 27920 | Loss: 3.8624 | Perplexity: 47.5776
Batch 27930 | Loss: 3.8445 | Perplexity: 46.7347
Batch 27940 | Loss: 3.7932 | Perplexity: 44.3977
Batch 27950 | Loss: 3.8259 | Perplexity: 45.8745
Batch 27960 | Loss: 3.7988 | Perplexity: 44.6467
Batch 27970 | Loss: 3.8152 | Perplexity: 45.3864
Batch 27980 | Loss: 3.8300 | Perplexity: 46.0632
Batch 27990 | Loss: 3.8503 | Perplexity: 47.0095
Batch 28000 | Loss: 3.8053 | Perplexity: 44.9400
Batch 28010 | Loss: 3.8487 | Perplexity: 46.9319
Succesfully saved parameters to path
Epoch 130 | Loss: 3.7163 | Perplexity: 41.1114
Batch 28020 | Loss: 3.7952 | Perplexity: 44.4890
Batch 28030 | Loss: 3.8186 | Perplexity: 45.5383
Batch 28040 | Loss: 3.8266 | Perplexity: 45.9085
Batch 28050 | Loss: 3.8067 | Perplexity: 45.0011
Batch 28060 | Loss: 3.7881 | Perplexity: 44.1719
Batch 28070 | Loss: 3.8167 | Perplexity: 45.4545
Batch 28080 | Loss: 3.8227 | Perplexity: 45.7266
Batch 28090 | Loss: 3.8035 | Perplexity: 44.8577
Batch 28100 | Loss: 3.7772 | Perplexity: 43.6915
Batch 28110 | Loss: 3.8274 | Perplexity: 45.9442
Batch 28120 | Loss: 3.8506 | Perplexity: 47.0190
Batch 28130 | Loss: 3.8164 | Perplexity: 45.4393
Batch 28140 | Loss: 3.8464 | Perplexity: 46.8232
Batch 28150 | Loss: 3.8266 | Perplexity: 45.9045
Batch 28160 | Loss: 3.8537 | Perplexity: 47.1665
Batch 28170 | Loss: 3.8019 | Perplexity: 44.7872
Batch 28180 | Loss: 3.8363 | Perplexity: 46.3554
Batch 28190 | Loss: 3.8006 | Perplexity: 44.7285
Batch 28200 | Loss: 3.8544 | Perplexity: 47.2022
Batch 28210 | Loss: 3.8091 | Perplexity: 45.1091
Epoch 131 | Loss: 3.7511 | Perplexity: 42.5689
Batch 28220 | Loss: 3.8599 | Perplexity: 47.4627
Batch 28230 | Loss: 3.7923 | Perplexity: 44.3561
Batch 28240 | Loss: 3.8180 | Perplexity: 45.5126
Batch 28250 | Loss: 3.8793 | Perplexity: 48.3910
Batch 28260 | Loss: 3.7865 | Perplexity: 44.1028
Batch 28270 | Loss: 3.7845 | Perplexity: 44.0158
Batch 28280 | Loss: 3.8456 | Perplexity: 46.7857
Batch 28290 | Loss: 3.8367 | Perplexity: 46.3707
Batch 28300 | Loss: 3.7774 | Perplexity: 43.7044
Batch 28310 | Loss: 3.8417 | Perplexity: 46.6043
Batch 28320 | Loss: 3.7654 | Perplexity: 43.1814
Batch 28330 | Loss: 3.8674 | Perplexity: 47.8163
Batch 28340 | Loss: 3.8049 | Perplexity: 44.9221
Batch 28350 | Loss: 3.8286 | Perplexity: 45.9979
Batch 28360 | Loss: 3.8055 | Perplexity: 44.9467
Batch 28370 | Loss: 3.8357 | Perplexity: 46.3260
Batch 28380 | Loss: 3.7923 | Perplexity: 44.3587
Batch 28390 | Loss: 3.8211 | Perplexity: 45.6544
Batch 28400 | Loss: 3.7995 | Perplexity: 44.6783
Batch 28410 | Loss: 3.8236 | Perplexity: 45.7695
Epoch 132 | Loss: 3.8489 | Perplexity: 46.9392
Batch 28420 | Loss: 3.8296 | Perplexity: 46.0451
Batch 28430 | Loss: 3.8432 | Perplexity: 46.6734
Batch 28440 | Loss: 3.8542 | Perplexity: 47.1899
Batch 28450 | Loss: 3.8486 | Perplexity: 46.9253
Batch 28460 | Loss: 3.8170 | Perplexity: 45.4659
Batch 28470 | Loss: 3.8708 | Perplexity: 47.9801
Batch 28480 | Loss: 3.8431 | Perplexity: 46.6708
Batch 28490 | Loss: 3.8188 | Perplexity: 45.5474
Batch 28500 | Loss: 3.8775 | Perplexity: 48.3018
Batch 28510 | Loss: 3.8251 | Perplexity: 45.8396
Batch 28520 | Loss: 3.7910 | Perplexity: 44.2997
Batch 28530 | Loss: 3.8536 | Perplexity: 47.1614
Batch 28540 | Loss: 3.8248 | Perplexity: 45.8247
Batch 28550 | Loss: 3.8078 | Perplexity: 45.0530
Batch 28560 | Loss: 3.8260 | Perplexity: 45.8776
Batch 28570 | Loss: 3.7846 | Perplexity: 44.0200
Batch 28580 | Loss: 3.8562 | Perplexity: 47.2856
Batch 28590 | Loss: 3.8340 | Perplexity: 46.2460
Batch 28600 | Loss: 3.8263 | Perplexity: 45.8902
Batch 28610 | Loss: 3.7781 | Perplexity: 43.7319
Epoch 133 | Loss: 3.8672 | Perplexity: 47.8097
Batch 28620 | Loss: 3.8347 | Perplexity: 46.2788
Batch 28630 | Loss: 3.8042 | Perplexity: 44.8910
Batch 28640 | Loss: 3.7919 | Perplexity: 44.3396
Batch 28650 | Loss: 3.8261 | Perplexity: 45.8827
Batch 28660 | Loss: 3.8540 | Perplexity: 47.1826
Batch 28670 | Loss: 3.7983 | Perplexity: 44.6261
Batch 28680 | Loss: 3.8263 | Perplexity: 45.8904
Batch 28690 | Loss: 3.8354 | Perplexity: 46.3124
Batch 28700 | Loss: 3.8231 | Perplexity: 45.7466
Batch 28710 | Loss: 3.8514 | Perplexity: 47.0594
Batch 28720 | Loss: 3.8077 | Perplexity: 45.0469
Batch 28730 | Loss: 3.8119 | Perplexity: 45.2346
Batch 28740 | Loss: 3.8552 | Perplexity: 47.2370
Batch 28750 | Loss: 3.7915 | Perplexity: 44.3207
Batch 28760 | Loss: 3.8558 | Perplexity: 47.2641
Batch 28770 | Loss: 3.8189 | Perplexity: 45.5527
Batch 28780 | Loss: 3.8562 | Perplexity: 47.2864
Batch 28790 | Loss: 3.8279 | Perplexity: 45.9677
Batch 28800 | Loss: 3.7876 | Perplexity: 44.1517
Batch 28810 | Loss: 3.8246 | Perplexity: 45.8149
Epoch 134 | Loss: 3.8035 | Perplexity: 44.8587
Batch 28820 | Loss: 3.8674 | Perplexity: 47.8166
Batch 28830 | Loss: 3.8206 | Perplexity: 45.6320
Batch 28840 | Loss: 3.8046 | Perplexity: 44.9060
Batch 28850 | Loss: 3.8137 | Perplexity: 45.3197
Batch 28860 | Loss: 3.8088 | Perplexity: 45.0978
Batch 28870 | Loss: 3.8233 | Perplexity: 45.7552
Batch 28880 | Loss: 3.8386 | Perplexity: 46.4587
Batch 28890 | Loss: 3.7809 | Perplexity: 43.8554
Batch 28900 | Loss: 3.7912 | Perplexity: 44.3114
Batch 28910 | Loss: 3.7979 | Perplexity: 44.6068
Batch 28920 | Loss: 3.8080 | Perplexity: 45.0620
Batch 28930 | Loss: 3.8036 | Perplexity: 44.8605
Batch 28940 | Loss: 3.8131 | Perplexity: 45.2917
Batch 28950 | Loss: 3.7862 | Perplexity: 44.0890
Batch 28960 | Loss: 3.8658 | Perplexity: 47.7417
Batch 28970 | Loss: 3.8187 | Perplexity: 45.5458
Batch 28980 | Loss: 3.8213 | Perplexity: 45.6652
Batch 28990 | Loss: 3.8521 | Perplexity: 47.0928
Batch 29000 | Loss: 3.7671 | Perplexity: 43.2530
Batch 29010 | Loss: 3.8249 | Perplexity: 45.8305
Succesfully saved parameters to path
Epoch 135 | Loss: 3.9319 | Perplexity: 51.0046
Batch 29020 | Loss: 3.8383 | Perplexity: 46.4475
Batch 29030 | Loss: 3.7927 | Perplexity: 44.3741
Batch 29040 | Loss: 3.8220 | Perplexity: 45.6957
Batch 29050 | Loss: 3.8211 | Perplexity: 45.6528
Batch 29060 | Loss: 3.8028 | Perplexity: 44.8279
Batch 29070 | Loss: 3.8297 | Perplexity: 46.0488
Batch 29080 | Loss: 3.8146 | Perplexity: 45.3574
Batch 29090 | Loss: 3.8049 | Perplexity: 44.9209
Batch 29100 | Loss: 3.7746 | Perplexity: 43.5804
Batch 29110 | Loss: 3.8208 | Perplexity: 45.6404
Batch 29120 | Loss: 3.8092 | Perplexity: 45.1157
Batch 29130 | Loss: 3.8419 | Perplexity: 46.6120
Batch 29140 | Loss: 3.8490 | Perplexity: 46.9458
Batch 29150 | Loss: 3.8377 | Perplexity: 46.4175
Batch 29160 | Loss: 3.8333 | Perplexity: 46.2161
Batch 29170 | Loss: 3.8316 | Perplexity: 46.1349
Batch 29180 | Loss: 3.8212 | Perplexity: 45.6595
Batch 29190 | Loss: 3.8168 | Perplexity: 45.4606
Batch 29200 | Loss: 3.8385 | Perplexity: 46.4553
Batch 29210 | Loss: 3.7916 | Perplexity: 44.3293
Epoch 136 | Loss: 3.7300 | Perplexity: 41.6779
Batch 29220 | Loss: 3.8201 | Perplexity: 45.6108
Batch 29230 | Loss: 3.8352 | Perplexity: 46.3016
Batch 29240 | Loss: 3.7912 | Perplexity: 44.3102
Batch 29250 | Loss: 3.8162 | Perplexity: 45.4309
Batch 29260 | Loss: 3.8732 | Perplexity: 48.0949
Batch 29270 | Loss: 3.7968 | Perplexity: 44.5603
Batch 29280 | Loss: 3.8396 | Perplexity: 46.5082
Batch 29290 | Loss: 3.8462 | Perplexity: 46.8169
Batch 29300 | Loss: 3.8428 | Perplexity: 46.6560
Batch 29310 | Loss: 3.8402 | Perplexity: 46.5338
Batch 29320 | Loss: 3.8121 | Perplexity: 45.2474
Batch 29330 | Loss: 3.8356 | Perplexity: 46.3227
Batch 29340 | Loss: 3.8059 | Perplexity: 44.9663
Batch 29350 | Loss: 3.8519 | Perplexity: 47.0829
Batch 29360 | Loss: 3.8342 | Perplexity: 46.2560
Batch 29370 | Loss: 3.7842 | Perplexity: 43.9989
Batch 29380 | Loss: 3.8314 | Perplexity: 46.1256
Batch 29390 | Loss: 3.7963 | Perplexity: 44.5382
Batch 29400 | Loss: 3.8511 | Perplexity: 47.0450
Batch 29410 | Loss: 3.8104 | Perplexity: 45.1692
Epoch 137 | Loss: 3.8899 | Perplexity: 48.9066
Batch 29420 | Loss: 3.7953 | Perplexity: 44.4917
Batch 29430 | Loss: 3.7677 | Perplexity: 43.2782
Batch 29440 | Loss: 3.8301 | Perplexity: 46.0685
Batch 29450 | Loss: 3.8528 | Perplexity: 47.1236
Batch 29460 | Loss: 3.7986 | Perplexity: 44.6366
Batch 29470 | Loss: 3.8259 | Perplexity: 45.8736
Batch 29480 | Loss: 3.8131 | Perplexity: 45.2923
Batch 29490 | Loss: 3.8037 | Perplexity: 44.8659
Batch 29500 | Loss: 3.8094 | Perplexity: 45.1229
Batch 29510 | Loss: 3.8456 | Perplexity: 46.7868
Batch 29520 | Loss: 3.8096 | Perplexity: 45.1335
Batch 29530 | Loss: 3.8545 | Perplexity: 47.2047
Batch 29540 | Loss: 3.8165 | Perplexity: 45.4448
Batch 29550 | Loss: 3.8083 | Perplexity: 45.0719
Batch 29560 | Loss: 3.8119 | Perplexity: 45.2360
Batch 29570 | Loss: 3.8167 | Perplexity: 45.4541
Batch 29580 | Loss: 3.8671 | Perplexity: 47.8051
Batch 29590 | Loss: 3.8034 | Perplexity: 44.8546
Batch 29600 | Loss: 3.8032 | Perplexity: 44.8432
Batch 29610 | Loss: 3.8513 | Perplexity: 47.0534
Epoch 138 | Loss: 3.7954 | Perplexity: 44.4965
Batch 29620 | Loss: 3.8281 | Perplexity: 45.9730
Batch 29630 | Loss: 3.8486 | Perplexity: 46.9267
Batch 29640 | Loss: 3.8266 | Perplexity: 45.9053
Batch 29650 | Loss: 3.8047 | Perplexity: 44.9115
Batch 29660 | Loss: 3.8167 | Perplexity: 45.4546
Batch 29670 | Loss: 3.8172 | Perplexity: 45.4755
Batch 29680 | Loss: 3.7986 | Perplexity: 44.6373
Batch 29690 | Loss: 3.8198 | Perplexity: 45.5935
Batch 29700 | Loss: 3.8160 | Perplexity: 45.4238
Batch 29710 | Loss: 3.8148 | Perplexity: 45.3673
Batch 29720 | Loss: 3.8298 | Perplexity: 46.0527
Batch 29730 | Loss: 3.8443 | Perplexity: 46.7241
Batch 29740 | Loss: 3.8472 | Perplexity: 46.8621
Batch 29750 | Loss: 3.8325 | Perplexity: 46.1776
Batch 29760 | Loss: 3.8142 | Perplexity: 45.3414
Batch 29770 | Loss: 3.8344 | Perplexity: 46.2662
Batch 29780 | Loss: 3.8341 | Perplexity: 46.2524
Batch 29790 | Loss: 3.8356 | Perplexity: 46.3194
Batch 29800 | Loss: 3.8386 | Perplexity: 46.4582
Batch 29810 | Loss: 3.8221 | Perplexity: 45.7003
Epoch 139 | Loss: 3.8262 | Perplexity: 45.8865
Batch 29820 | Loss: 3.8195 | Perplexity: 45.5805
Batch 29830 | Loss: 3.8042 | Perplexity: 44.8891
Batch 29840 | Loss: 3.8180 | Perplexity: 45.5124
Batch 29850 | Loss: 3.8262 | Perplexity: 45.8891
Batch 29860 | Loss: 3.8550 | Perplexity: 47.2303
Batch 29870 | Loss: 3.8198 | Perplexity: 45.5945
Batch 29880 | Loss: 3.8436 | Perplexity: 46.6920
Batch 29890 | Loss: 3.8569 | Perplexity: 47.3165
Batch 29900 | Loss: 3.8244 | Perplexity: 45.8070
Batch 29910 | Loss: 3.7986 | Perplexity: 44.6376
Batch 29920 | Loss: 3.8365 | Perplexity: 46.3617
Batch 29930 | Loss: 3.8291 | Perplexity: 46.0220
Batch 29940 | Loss: 3.7807 | Perplexity: 43.8483
Batch 29950 | Loss: 3.8315 | Perplexity: 46.1335
Batch 29960 | Loss: 3.8300 | Perplexity: 46.0637
Batch 29970 | Loss: 3.8087 | Perplexity: 45.0924
Batch 29980 | Loss: 3.8169 | Perplexity: 45.4619
Batch 29990 | Loss: 3.8233 | Perplexity: 45.7534
Batch 30000 | Loss: 3.8540 | Perplexity: 47.1831
Batch 30010 | Loss: 3.8436 | Perplexity: 46.6938
Succesfully saved parameters to path
Epoch 140 | Loss: 3.8570 | Perplexity: 47.3210
Batch 30020 | Loss: 3.8078 | Perplexity: 45.0501
Batch 30030 | Loss: 3.7749 | Perplexity: 43.5925
Batch 30040 | Loss: 3.8526 | Perplexity: 47.1169
Batch 30050 | Loss: 3.7859 | Perplexity: 44.0751
Batch 30060 | Loss: 3.8541 | Perplexity: 47.1850
Batch 30070 | Loss: 3.7917 | Perplexity: 44.3337
Batch 30080 | Loss: 3.7865 | Perplexity: 44.1022
Batch 30090 | Loss: 3.8214 | Perplexity: 45.6679
Batch 30100 | Loss: 3.8426 | Perplexity: 46.6472
Batch 30110 | Loss: 3.8342 | Perplexity: 46.2574
Batch 30120 | Loss: 3.8181 | Perplexity: 45.5160
Batch 30130 | Loss: 3.8264 | Perplexity: 45.8958
Batch 30140 | Loss: 3.8210 | Perplexity: 45.6482
Batch 30150 | Loss: 3.8452 | Perplexity: 46.7674
Batch 30160 | Loss: 3.8124 | Perplexity: 45.2589
Batch 30170 | Loss: 3.8057 | Perplexity: 44.9567
Batch 30180 | Loss: 3.8205 | Perplexity: 45.6290
Batch 30190 | Loss: 3.7873 | Perplexity: 44.1386
Batch 30200 | Loss: 3.8591 | Perplexity: 47.4210
Batch 30210 | Loss: 3.8063 | Perplexity: 44.9839
Epoch 141 | Loss: 3.7978 | Perplexity: 44.6022
Batch 30220 | Loss: 3.8051 | Perplexity: 44.9286
Batch 30230 | Loss: 3.8100 | Perplexity: 45.1489
Batch 30240 | Loss: 3.8375 | Perplexity: 46.4103
Batch 30250 | Loss: 3.8137 | Perplexity: 45.3194
Batch 30260 | Loss: 3.7852 | Perplexity: 44.0437
Batch 30270 | Loss: 3.8307 | Perplexity: 46.0959
Batch 30280 | Loss: 3.8160 | Perplexity: 45.4223
Batch 30290 | Loss: 3.8177 | Perplexity: 45.5011
Batch 30300 | Loss: 3.8293 | Perplexity: 46.0321
Batch 30310 | Loss: 3.8359 | Perplexity: 46.3356
Batch 30320 | Loss: 3.8008 | Perplexity: 44.7360
Batch 30330 | Loss: 3.7989 | Perplexity: 44.6537
Batch 30340 | Loss: 3.7822 | Perplexity: 43.9120
Batch 30350 | Loss: 3.8128 | Perplexity: 45.2786
Batch 30360 | Loss: 3.8284 | Perplexity: 45.9895
Batch 30370 | Loss: 3.8384 | Perplexity: 46.4488
Batch 30380 | Loss: 3.8427 | Perplexity: 46.6490
Batch 30390 | Loss: 3.8252 | Perplexity: 45.8417
Batch 30400 | Loss: 3.8141 | Perplexity: 45.3381
Batch 30410 | Loss: 3.8095 | Perplexity: 45.1265
Epoch 142 | Loss: 3.8071 | Perplexity: 45.0199
Batch 30420 | Loss: 3.7722 | Perplexity: 43.4754
Batch 30430 | Loss: 3.8218 | Perplexity: 45.6853
Batch 30440 | Loss: 3.7930 | Perplexity: 44.3915
Batch 30450 | Loss: 3.8002 | Perplexity: 44.7113
Batch 30460 | Loss: 3.8295 | Perplexity: 46.0382
Batch 30470 | Loss: 3.7802 | Perplexity: 43.8270
Batch 30480 | Loss: 3.8107 | Perplexity: 45.1830
Batch 30490 | Loss: 3.7872 | Perplexity: 44.1332
Batch 30500 | Loss: 3.8001 | Perplexity: 44.7054
Batch 30510 | Loss: 3.8252 | Perplexity: 45.8423
Batch 30520 | Loss: 3.8213 | Perplexity: 45.6630
Batch 30530 | Loss: 3.8197 | Perplexity: 45.5906
Batch 30540 | Loss: 3.7853 | Perplexity: 44.0498
Batch 30550 | Loss: 3.7980 | Perplexity: 44.6097
Batch 30560 | Loss: 3.8602 | Perplexity: 47.4726
Batch 30570 | Loss: 3.8534 | Perplexity: 47.1512
Batch 30580 | Loss: 3.7945 | Perplexity: 44.4544
Batch 30590 | Loss: 3.8397 | Perplexity: 46.5097
Batch 30600 | Loss: 3.8126 | Perplexity: 45.2672
Batch 30610 | Loss: 3.8203 | Perplexity: 45.6169
Epoch 143 | Loss: 3.8412 | Perplexity: 46.5800
Batch 30620 | Loss: 3.8327 | Perplexity: 46.1850
Batch 30630 | Loss: 3.8593 | Perplexity: 47.4324
Batch 30640 | Loss: 3.8619 | Perplexity: 47.5576
Batch 30650 | Loss: 3.7962 | Perplexity: 44.5303
Batch 30660 | Loss: 3.8028 | Perplexity: 44.8263
Batch 30670 | Loss: 3.8612 | Perplexity: 47.5228
Batch 30680 | Loss: 3.7996 | Perplexity: 44.6841
Batch 30690 | Loss: 3.8148 | Perplexity: 45.3670
Batch 30700 | Loss: 3.8466 | Perplexity: 46.8351
Batch 30710 | Loss: 3.8438 | Perplexity: 46.7029
Batch 30720 | Loss: 3.8440 | Perplexity: 46.7141
Batch 30730 | Loss: 3.8493 | Perplexity: 46.9585
Batch 30740 | Loss: 3.7996 | Perplexity: 44.6855
Batch 30750 | Loss: 3.8317 | Perplexity: 46.1394
Batch 30760 | Loss: 3.8292 | Perplexity: 46.0234
Batch 30770 | Loss: 3.8402 | Perplexity: 46.5350
Batch 30780 | Loss: 3.8478 | Perplexity: 46.8906
Batch 30790 | Loss: 3.7946 | Perplexity: 44.4589
Batch 30800 | Loss: 3.8440 | Perplexity: 46.7103
Batch 30810 | Loss: 3.7943 | Perplexity: 44.4461
Epoch 144 | Loss: 3.8386 | Perplexity: 46.4615
Batch 30820 | Loss: 3.8022 | Perplexity: 44.8007
Batch 30830 | Loss: 3.8352 | Perplexity: 46.3012
Batch 30840 | Loss: 3.8078 | Perplexity: 45.0533
Batch 30850 | Loss: 3.8530 | Perplexity: 47.1366
Batch 30860 | Loss: 3.8179 | Perplexity: 45.5098
Batch 30870 | Loss: 3.8218 | Perplexity: 45.6882
Batch 30880 | Loss: 3.8506 | Perplexity: 47.0195
Batch 30890 | Loss: 3.8477 | Perplexity: 46.8865
Batch 30900 | Loss: 3.8101 | Perplexity: 45.1539
Batch 30910 | Loss: 3.7936 | Perplexity: 44.4151
Batch 30920 | Loss: 3.8076 | Perplexity: 45.0408
Batch 30930 | Loss: 3.8510 | Perplexity: 47.0378
Batch 30940 | Loss: 3.8230 | Perplexity: 45.7434
Batch 30950 | Loss: 3.8286 | Perplexity: 45.9993
Batch 30960 | Loss: 3.8084 | Perplexity: 45.0801
Batch 30970 | Loss: 3.7947 | Perplexity: 44.4662
Batch 30980 | Loss: 3.8645 | Perplexity: 47.6810
Batch 30990 | Loss: 3.8354 | Perplexity: 46.3126
Batch 31000 | Loss: 3.7660 | Perplexity: 43.2078
Batch 31010 | Loss: 3.7867 | Perplexity: 44.1126
Succesfully saved parameters to path
Epoch 145 | Loss: 3.7509 | Perplexity: 42.5584
Batch 31020 | Loss: 3.8158 | Perplexity: 45.4125
Batch 31030 | Loss: 3.8500 | Perplexity: 46.9922
Batch 31040 | Loss: 3.8620 | Perplexity: 47.5623
Batch 31050 | Loss: 3.8051 | Perplexity: 44.9296
Batch 31060 | Loss: 3.7817 | Perplexity: 43.8903
Batch 31070 | Loss: 3.8756 | Perplexity: 48.2115
Batch 31080 | Loss: 3.7950 | Perplexity: 44.4800
Batch 31090 | Loss: 3.8473 | Perplexity: 46.8651
Batch 31100 | Loss: 3.8460 | Perplexity: 46.8047
Batch 31110 | Loss: 3.7798 | Perplexity: 43.8066
Batch 31120 | Loss: 3.8482 | Perplexity: 46.9072
Batch 31130 | Loss: 3.8375 | Perplexity: 46.4086
Batch 31140 | Loss: 3.7984 | Perplexity: 44.6287
Batch 31150 | Loss: 3.8314 | Perplexity: 46.1266
Batch 31160 | Loss: 3.7916 | Perplexity: 44.3272
Batch 31170 | Loss: 3.8672 | Perplexity: 47.8095
Batch 31180 | Loss: 3.7857 | Perplexity: 44.0658
Batch 31190 | Loss: 3.8321 | Perplexity: 46.1598
Batch 31200 | Loss: 3.8475 | Perplexity: 46.8734
Batch 31210 | Loss: 3.8153 | Perplexity: 45.3885
Epoch 146 | Loss: 3.7491 | Perplexity: 42.4844
Batch 31220 | Loss: 3.8258 | Perplexity: 45.8675
Batch 31230 | Loss: 3.8537 | Perplexity: 47.1679
Batch 31240 | Loss: 3.8780 | Perplexity: 48.3293
Batch 31250 | Loss: 3.8407 | Perplexity: 46.5588
Batch 31260 | Loss: 3.8438 | Perplexity: 46.7015
Batch 31270 | Loss: 3.8329 | Perplexity: 46.1985
Batch 31280 | Loss: 3.8292 | Perplexity: 46.0246
Batch 31290 | Loss: 3.8065 | Perplexity: 44.9941
Batch 31300 | Loss: 3.8376 | Perplexity: 46.4159
Batch 31310 | Loss: 3.8238 | Perplexity: 45.7797
Batch 31320 | Loss: 3.8237 | Perplexity: 45.7738
Batch 31330 | Loss: 3.8031 | Perplexity: 44.8383
Batch 31340 | Loss: 3.8154 | Perplexity: 45.3944
Batch 31350 | Loss: 3.8061 | Perplexity: 44.9742
Batch 31360 | Loss: 3.7932 | Perplexity: 44.3981
Batch 31370 | Loss: 3.8370 | Perplexity: 46.3869
Batch 31380 | Loss: 3.8564 | Perplexity: 47.2948
Batch 31390 | Loss: 3.8240 | Perplexity: 45.7889
Batch 31400 | Loss: 3.7942 | Perplexity: 44.4414
Batch 31410 | Loss: 3.8112 | Perplexity: 45.2028
Epoch 147 | Loss: 3.9110 | Perplexity: 49.9500
Batch 31420 | Loss: 3.8271 | Perplexity: 45.9282
Batch 31430 | Loss: 3.8245 | Perplexity: 45.8100
Batch 31440 | Loss: 3.8102 | Perplexity: 45.1586
Batch 31450 | Loss: 3.8580 | Perplexity: 47.3708
Batch 31460 | Loss: 3.8203 | Perplexity: 45.6182
Batch 31470 | Loss: 3.8461 | Perplexity: 46.8122
Batch 31480 | Loss: 3.8253 | Perplexity: 45.8451
Batch 31490 | Loss: 3.8300 | Perplexity: 46.0623
Batch 31500 | Loss: 3.7928 | Perplexity: 44.3812
Batch 31510 | Loss: 3.8192 | Perplexity: 45.5691
Batch 31520 | Loss: 3.8476 | Perplexity: 46.8816
Batch 31530 | Loss: 3.8181 | Perplexity: 45.5154
Batch 31540 | Loss: 3.7946 | Perplexity: 44.4587
Batch 31550 | Loss: 3.7956 | Perplexity: 44.5060
Batch 31560 | Loss: 3.8223 | Perplexity: 45.7104
Batch 31570 | Loss: 3.8101 | Perplexity: 45.1549
Batch 31580 | Loss: 3.8143 | Perplexity: 45.3472
Batch 31590 | Loss: 3.8260 | Perplexity: 45.8795
Batch 31600 | Loss: 3.7811 | Perplexity: 43.8650
Batch 31610 | Loss: 3.8301 | Perplexity: 46.0689
Epoch 148 | Loss: 3.8976 | Perplexity: 49.2857
Batch 31620 | Loss: 3.8171 | Perplexity: 45.4722
Batch 31630 | Loss: 3.8435 | Perplexity: 46.6866
Batch 31640 | Loss: 3.8135 | Perplexity: 45.3086
Batch 31650 | Loss: 3.7979 | Perplexity: 44.6072
Batch 31660 | Loss: 3.8184 | Perplexity: 45.5325
Batch 31670 | Loss: 3.8073 | Perplexity: 45.0307
Batch 31680 | Loss: 3.7863 | Perplexity: 44.0934
Batch 31690 | Loss: 3.8175 | Perplexity: 45.4923
Batch 31700 | Loss: 3.8478 | Perplexity: 46.8915
Batch 31710 | Loss: 3.8145 | Perplexity: 45.3519
Batch 31720 | Loss: 3.8013 | Perplexity: 44.7595
Batch 31730 | Loss: 3.8495 | Perplexity: 46.9711
Batch 31740 | Loss: 3.8487 | Perplexity: 46.9313
Batch 31750 | Loss: 3.8304 | Perplexity: 46.0812
Batch 31760 | Loss: 3.7973 | Perplexity: 44.5792
Batch 31770 | Loss: 3.8676 | Perplexity: 47.8293
Batch 31780 | Loss: 3.7895 | Perplexity: 44.2336
Batch 31790 | Loss: 3.8614 | Perplexity: 47.5332
Batch 31800 | Loss: 3.8260 | Perplexity: 45.8791
Batch 31810 | Loss: 3.8161 | Perplexity: 45.4270
Epoch 149 | Loss: 3.7961 | Perplexity: 44.5250
Batch 31820 | Loss: 3.8492 | Perplexity: 46.9560
Batch 31830 | Loss: 3.8517 | Perplexity: 47.0744
Batch 31840 | Loss: 3.8561 | Perplexity: 47.2799
Batch 31850 | Loss: 3.7748 | Perplexity: 43.5899
Batch 31860 | Loss: 3.8179 | Perplexity: 45.5080
Batch 31870 | Loss: 3.8304 | Perplexity: 46.0795
Batch 31880 | Loss: 3.8205 | Perplexity: 45.6255
Batch 31890 | Loss: 3.7930 | Perplexity: 44.3896
Batch 31900 | Loss: 3.8202 | Perplexity: 45.6130
Batch 31910 | Loss: 3.8145 | Perplexity: 45.3538
Batch 31920 | Loss: 3.8218 | Perplexity: 45.6878
Batch 31930 | Loss: 3.7842 | Perplexity: 44.0009
Batch 31940 | Loss: 3.8038 | Perplexity: 44.8716
Batch 31950 | Loss: 3.8023 | Perplexity: 44.8033
Batch 31960 | Loss: 3.8241 | Perplexity: 45.7915
Batch 31970 | Loss: 3.8551 | Perplexity: 47.2317
Batch 31980 | Loss: 3.8491 | Perplexity: 46.9486
Batch 31990 | Loss: 3.7951 | Perplexity: 44.4833
Batch 32000 | Loss: 3.7779 | Perplexity: 43.7254
Batch 32010 | Loss: 3.8118 | Perplexity: 45.2312
Succesfully saved parameters to path
Epoch 150 | Loss: 3.6115 | Perplexity: 37.0221
Batch 32020 | Loss: 3.8312 | Perplexity: 46.1162
Batch 32030 | Loss: 3.8007 | Perplexity: 44.7305
Batch 32040 | Loss: 3.7812 | Perplexity: 43.8665
Batch 32050 | Loss: 3.8135 | Perplexity: 45.3078
Batch 32060 | Loss: 3.8302 | Perplexity: 46.0713
Batch 32070 | Loss: 3.8303 | Perplexity: 46.0751
Batch 32080 | Loss: 3.8470 | Perplexity: 46.8543
Batch 32090 | Loss: 3.8008 | Perplexity: 44.7364
Batch 32100 | Loss: 3.8102 | Perplexity: 45.1585
Batch 32110 | Loss: 3.8459 | Perplexity: 46.8020
Batch 32120 | Loss: 3.8247 | Perplexity: 45.8182
Batch 32130 | Loss: 3.7730 | Perplexity: 43.5106
Batch 32140 | Loss: 3.8228 | Perplexity: 45.7321
Batch 32150 | Loss: 3.8485 | Perplexity: 46.9222
Batch 32160 | Loss: 3.8429 | Perplexity: 46.6629
Batch 32170 | Loss: 3.8067 | Perplexity: 45.0037
Batch 32180 | Loss: 3.8045 | Perplexity: 44.9022
Batch 32190 | Loss: 3.8526 | Perplexity: 47.1145
Batch 32200 | Loss: 3.8228 | Perplexity: 45.7299
Batch 32210 | Loss: 3.7950 | Perplexity: 44.4785
Epoch 151 | Loss: 3.8438 | Perplexity: 46.7021
Batch 32220 | Loss: 3.8319 | Perplexity: 46.1512
Batch 32230 | Loss: 3.8481 | Perplexity: 46.9043
Batch 32240 | Loss: 3.7932 | Perplexity: 44.3973
Batch 32250 | Loss: 3.8313 | Perplexity: 46.1218
Batch 32260 | Loss: 3.8478 | Perplexity: 46.8892
Batch 32270 | Loss: 3.8081 | Perplexity: 45.0670
Batch 32280 | Loss: 3.8091 | Perplexity: 45.1104
Batch 32290 | Loss: 3.8291 | Perplexity: 46.0198
Batch 32300 | Loss: 3.8094 | Perplexity: 45.1244
Batch 32310 | Loss: 3.8115 | Perplexity: 45.2200
Batch 32320 | Loss: 3.8155 | Perplexity: 45.4009
Batch 32330 | Loss: 3.7955 | Perplexity: 44.4993
Batch 32340 | Loss: 3.8218 | Perplexity: 45.6885
Batch 32350 | Loss: 3.8272 | Perplexity: 45.9353
Batch 32360 | Loss: 3.7813 | Perplexity: 43.8719
Batch 32370 | Loss: 3.8194 | Perplexity: 45.5749
Batch 32380 | Loss: 3.8092 | Perplexity: 45.1121
Batch 32390 | Loss: 3.8000 | Perplexity: 44.7022
Batch 32400 | Loss: 3.8123 | Perplexity: 45.2557
Batch 32410 | Loss: 3.8136 | Perplexity: 45.3146
Epoch 152 | Loss: 3.8320 | Perplexity: 46.1562
Batch 32420 | Loss: 3.7841 | Perplexity: 43.9947
Batch 32430 | Loss: 3.8266 | Perplexity: 45.9070
Batch 32440 | Loss: 3.8273 | Perplexity: 45.9379
Batch 32450 | Loss: 3.8457 | Perplexity: 46.7908
Batch 32460 | Loss: 3.8121 | Perplexity: 45.2472
Batch 32470 | Loss: 3.8220 | Perplexity: 45.6955
Batch 32480 | Loss: 3.8591 | Perplexity: 47.4228
Batch 32490 | Loss: 3.8060 | Perplexity: 44.9681
Batch 32500 | Loss: 3.8134 | Perplexity: 45.3037
Batch 32510 | Loss: 3.7874 | Perplexity: 44.1398
Batch 32520 | Loss: 3.8514 | Perplexity: 47.0589
Batch 32530 | Loss: 3.8014 | Perplexity: 44.7631
Batch 32540 | Loss: 3.8273 | Perplexity: 45.9402
Batch 32550 | Loss: 3.7992 | Perplexity: 44.6667
Batch 32560 | Loss: 3.8561 | Perplexity: 47.2800
Batch 32570 | Loss: 3.7992 | Perplexity: 44.6673
Batch 32580 | Loss: 3.8373 | Perplexity: 46.3997
Batch 32590 | Loss: 3.8208 | Perplexity: 45.6393
Batch 32600 | Loss: 3.8160 | Perplexity: 45.4203
Batch 32610 | Loss: 3.8265 | Perplexity: 45.9020
Epoch 153 | Loss: 3.6395 | Perplexity: 38.0719
Batch 32620 | Loss: 3.8171 | Perplexity: 45.4710
Batch 32630 | Loss: 3.8410 | Perplexity: 46.5703
Batch 32640 | Loss: 3.8075 | Perplexity: 45.0398
Batch 32650 | Loss: 3.8116 | Perplexity: 45.2219
Batch 32660 | Loss: 3.8649 | Perplexity: 47.6968
Batch 32670 | Loss: 3.8354 | Perplexity: 46.3120
Batch 32680 | Loss: 3.8329 | Perplexity: 46.1976
Batch 32690 | Loss: 3.7951 | Perplexity: 44.4830
Batch 32700 | Loss: 3.8283 | Perplexity: 45.9850
Batch 32710 | Loss: 3.8562 | Perplexity: 47.2846
Batch 32720 | Loss: 3.8223 | Perplexity: 45.7097
Batch 32730 | Loss: 3.8298 | Perplexity: 46.0531
Batch 32740 | Loss: 3.8413 | Perplexity: 46.5850
Batch 32750 | Loss: 3.8140 | Perplexity: 45.3331
Batch 32760 | Loss: 3.8761 | Perplexity: 48.2376
Batch 32770 | Loss: 3.7830 | Perplexity: 43.9486
Batch 32780 | Loss: 3.8550 | Perplexity: 47.2265
Batch 32790 | Loss: 3.8138 | Perplexity: 45.3237
Batch 32800 | Loss: 3.8305 | Perplexity: 46.0865
Batch 32810 | Loss: 3.8438 | Perplexity: 46.7031
Epoch 154 | Loss: 3.8104 | Perplexity: 45.1673
Batch 32820 | Loss: 3.7840 | Perplexity: 43.9914
Batch 32830 | Loss: 3.8395 | Perplexity: 46.5045
Batch 32840 | Loss: 3.7644 | Perplexity: 43.1399
Batch 32850 | Loss: 3.8023 | Perplexity: 44.8063
Batch 32860 | Loss: 3.7973 | Perplexity: 44.5802
Batch 32870 | Loss: 3.8164 | Perplexity: 45.4405
Batch 32880 | Loss: 3.8064 | Perplexity: 44.9904
Batch 32890 | Loss: 3.7891 | Perplexity: 44.2187
Batch 32900 | Loss: 3.7987 | Perplexity: 44.6437
Batch 32910 | Loss: 3.8595 | Perplexity: 47.4440
Batch 32920 | Loss: 3.8419 | Perplexity: 46.6123
Batch 32930 | Loss: 3.8020 | Perplexity: 44.7903
Batch 32940 | Loss: 3.8184 | Perplexity: 45.5304
Batch 32950 | Loss: 3.8402 | Perplexity: 46.5333
Batch 32960 | Loss: 3.7719 | Perplexity: 43.4642
Batch 32970 | Loss: 3.8110 | Perplexity: 45.1968
Batch 32980 | Loss: 3.8145 | Perplexity: 45.3521
Batch 32990 | Loss: 3.8318 | Perplexity: 46.1453
Batch 33000 | Loss: 3.7966 | Perplexity: 44.5482
Batch 33010 | Loss: 3.7834 | Perplexity: 43.9637
Succesfully saved parameters to path
Epoch 155 | Loss: 3.8238 | Perplexity: 45.7788

