Found tokenised file
Loaded tokenised file
Total trainable parameters: 205,629,440
Training:
Batch 0 | Loss: 11.3392 | Perplexity: 84050.1986
Batch 10 | Loss: 9.1075 | Perplexity: 9022.4180
Batch 20 | Loss: 8.7691 | Perplexity: 6432.1856
Batch 30 | Loss: 8.4690 | Perplexity: 4764.8840
Batch 40 | Loss: 8.0832 | Perplexity: 3239.7022
Batch 50 | Loss: 7.8278 | Perplexity: 2509.3052
Batch 60 | Loss: 7.6660 | Perplexity: 2134.4476
Batch 70 | Loss: 7.4514 | Perplexity: 1722.3503
Batch 80 | Loss: 7.2411 | Perplexity: 1395.6733
Batch 90 | Loss: 7.2410 | Perplexity: 1395.4637
Batch 100 | Loss: 7.0612 | Perplexity: 1165.8574
Batch 110 | Loss: 6.9859 | Perplexity: 1081.2579
Batch 120 | Loss: 6.9706 | Perplexity: 1064.8393
Batch 130 | Loss: 6.9396 | Perplexity: 1032.3291
Batch 140 | Loss: 6.8485 | Perplexity: 942.5014
Batch 150 | Loss: 6.7973 | Perplexity: 895.4305
Batch 160 | Loss: 6.8328 | Perplexity: 927.7645
Batch 170 | Loss: 6.7661 | Perplexity: 867.9063
Batch 180 | Loss: 6.6179 | Perplexity: 748.3978
Batch 190 | Loss: 6.6375 | Perplexity: 763.1579
Batch 200 | Loss: 6.5214 | Perplexity: 679.5498
Batch 210 | Loss: 6.5296 | Perplexity: 685.1334
Batch 220 | Loss: 6.4067 | Perplexity: 605.9208
Batch 230 | Loss: 6.4019 | Perplexity: 602.9823
Batch 240 | Loss: 6.4126 | Perplexity: 609.4929
Batch 250 | Loss: 6.4133 | Perplexity: 609.9199
Batch 260 | Loss: 6.4007 | Perplexity: 602.2407
Batch 270 | Loss: 6.3495 | Perplexity: 572.2107
Batch 280 | Loss: 6.3078 | Perplexity: 548.8335
Batch 290 | Loss: 6.2771 | Perplexity: 532.2656
Batch 300 | Loss: 6.2031 | Perplexity: 494.2955
Batch 310 | Loss: 6.2977 | Perplexity: 543.3076
Batch 320 | Loss: 6.1671 | Perplexity: 476.7791
Batch 330 | Loss: 6.0860 | Perplexity: 439.6525
Batch 340 | Loss: 6.1166 | Perplexity: 453.3186
Batch 350 | Loss: 6.0978 | Perplexity: 444.8560
Batch 360 | Loss: 6.0674 | Perplexity: 431.5561
Batch 370 | Loss: 6.0641 | Perplexity: 430.1209
Batch 380 | Loss: 6.0226 | Perplexity: 412.6378
Batch 390 | Loss: 6.0548 | Perplexity: 426.1738
Batch 400 | Loss: 5.9428 | Perplexity: 380.9948
Batch 410 | Loss: 5.9430 | Perplexity: 381.0651
Batch 420 | Loss: 5.9012 | Perplexity: 365.4776
Batch 430 | Loss: 5.9706 | Perplexity: 391.7538
Batch 440 | Loss: 5.8067 | Perplexity: 332.5050
Batch 450 | Loss: 5.9026 | Perplexity: 365.9890
Batch 460 | Loss: 5.8156 | Perplexity: 335.4990
Batch 470 | Loss: 5.7365 | Perplexity: 309.9886
Batch 480 | Loss: 5.7120 | Perplexity: 302.4657
Batch 490 | Loss: 5.7472 | Perplexity: 313.2966
Epoch 0 | Loss: 5.5571 | Perplexity: 259.0824
Batch 500 | Loss: 5.7408 | Perplexity: 311.3012
Batch 510 | Loss: 5.6691 | Perplexity: 289.7632
Batch 520 | Loss: 5.7162 | Perplexity: 303.7613
Batch 530 | Loss: 5.6857 | Perplexity: 294.6160
Batch 540 | Loss: 5.6815 | Perplexity: 293.3853
Batch 550 | Loss: 5.6846 | Perplexity: 294.3043
Batch 560 | Loss: 5.5351 | Perplexity: 253.4305
Batch 570 | Loss: 5.6730 | Perplexity: 290.9063
Batch 580 | Loss: 5.6199 | Perplexity: 275.8696
Batch 590 | Loss: 5.5134 | Perplexity: 248.0038
Batch 600 | Loss: 5.5404 | Perplexity: 254.7902
Batch 610 | Loss: 5.6270 | Perplexity: 277.8285
Batch 620 | Loss: 5.4865 | Perplexity: 241.4128
Batch 630 | Loss: 5.4914 | Perplexity: 242.5947
Batch 640 | Loss: 5.4498 | Perplexity: 232.7188
Batch 650 | Loss: 5.4138 | Perplexity: 224.4763
Batch 660 | Loss: 5.4226 | Perplexity: 226.4657
Batch 670 | Loss: 5.4468 | Perplexity: 232.0210
Batch 680 | Loss: 5.4431 | Perplexity: 231.1505
Batch 690 | Loss: 5.3974 | Perplexity: 220.8343
Batch 700 | Loss: 5.4378 | Perplexity: 229.9267
Batch 710 | Loss: 5.3488 | Perplexity: 210.3504
Batch 720 | Loss: 5.4300 | Perplexity: 228.1456
Batch 730 | Loss: 5.3575 | Perplexity: 212.1908
Batch 740 | Loss: 5.3637 | Perplexity: 213.5222
Batch 750 | Loss: 5.3859 | Perplexity: 218.3149
Batch 760 | Loss: 5.2930 | Perplexity: 198.9361
Batch 770 | Loss: 5.2562 | Perplexity: 191.7542
Batch 780 | Loss: 5.3344 | Perplexity: 207.3389
Batch 790 | Loss: 5.2060 | Perplexity: 182.3564
Batch 800 | Loss: 5.2242 | Perplexity: 185.7084
Batch 810 | Loss: 5.2969 | Perplexity: 199.7238
Batch 820 | Loss: 5.2526 | Perplexity: 191.0629
Batch 830 | Loss: 5.2534 | Perplexity: 191.2117
Batch 840 | Loss: 5.2359 | Perplexity: 187.8903
Batch 850 | Loss: 5.2408 | Perplexity: 188.8232
Batch 860 | Loss: 5.1669 | Perplexity: 175.3634
Batch 870 | Loss: 5.1735 | Perplexity: 176.5246
Batch 880 | Loss: 5.1189 | Perplexity: 167.1474
Batch 890 | Loss: 5.1244 | Perplexity: 168.0776
Batch 900 | Loss: 5.1036 | Perplexity: 164.6065
Batch 910 | Loss: 5.0687 | Perplexity: 158.9638
Batch 920 | Loss: 5.0824 | Perplexity: 161.1644
Batch 930 | Loss: 5.1332 | Perplexity: 169.5639
Batch 940 | Loss: 5.0469 | Perplexity: 155.5450
Batch 950 | Loss: 5.0282 | Perplexity: 152.6624
Batch 960 | Loss: 5.1071 | Perplexity: 165.1974
Batch 970 | Loss: 5.0435 | Perplexity: 155.0168
Batch 980 | Loss: 5.0556 | Perplexity: 156.8973
Batch 990 | Loss: 5.0021 | Perplexity: 148.7320
Epoch 1 | Loss: 4.9297 | Perplexity: 138.3369
Batch 1000 | Loss: 4.9791 | Perplexity: 145.3383
Batch 1010 | Loss: 5.0008 | Perplexity: 148.5299
Batch 1020 | Loss: 4.9383 | Perplexity: 139.5300
Batch 1030 | Loss: 4.9492 | Perplexity: 141.0585
Batch 1040 | Loss: 5.0431 | Perplexity: 154.9427
Batch 1050 | Loss: 4.9233 | Perplexity: 137.4600
Batch 1060 | Loss: 4.8947 | Perplexity: 133.5812
Batch 1070 | Loss: 4.9406 | Perplexity: 139.8553
Batch 1080 | Loss: 4.8680 | Perplexity: 130.0558
Batch 1090 | Loss: 4.8652 | Perplexity: 129.7006
Batch 1100 | Loss: 4.9405 | Perplexity: 139.8349
Batch 1110 | Loss: 4.9069 | Perplexity: 135.2209
Batch 1120 | Loss: 4.8668 | Perplexity: 129.9100
Batch 1130 | Loss: 4.7954 | Perplexity: 120.9522
Batch 1140 | Loss: 4.8532 | Perplexity: 128.1437
Batch 1150 | Loss: 4.7635 | Perplexity: 117.1557
Batch 1160 | Loss: 4.8336 | Perplexity: 125.6647
Batch 1170 | Loss: 4.8176 | Perplexity: 123.6712
Batch 1180 | Loss: 4.8948 | Perplexity: 133.5995
Batch 1190 | Loss: 4.7985 | Perplexity: 121.3282
Batch 1200 | Loss: 4.7702 | Perplexity: 117.9452
Batch 1210 | Loss: 4.8145 | Perplexity: 123.2897
Batch 1220 | Loss: 4.7816 | Perplexity: 119.2951
Batch 1230 | Loss: 4.8112 | Perplexity: 122.8814
Batch 1240 | Loss: 4.7930 | Perplexity: 120.6644
Batch 1250 | Loss: 4.7262 | Perplexity: 112.8666
Batch 1260 | Loss: 4.7957 | Perplexity: 120.9852
Batch 1270 | Loss: 4.7763 | Perplexity: 118.6595
Batch 1280 | Loss: 4.8067 | Perplexity: 122.3258
Batch 1290 | Loss: 4.7512 | Perplexity: 115.7236
Batch 1300 | Loss: 4.6919 | Perplexity: 109.0567
Batch 1310 | Loss: 4.7428 | Perplexity: 114.7510
Batch 1320 | Loss: 4.7368 | Perplexity: 114.0678
Batch 1330 | Loss: 4.7045 | Perplexity: 110.4415
Batch 1340 | Loss: 4.6395 | Perplexity: 103.4926
Batch 1350 | Loss: 4.6753 | Perplexity: 107.2666
Batch 1360 | Loss: 4.6475 | Perplexity: 104.3219
Batch 1370 | Loss: 4.6685 | Perplexity: 106.5338
Batch 1380 | Loss: 4.6159 | Perplexity: 101.0830
Batch 1390 | Loss: 4.6910 | Perplexity: 108.9601
Batch 1400 | Loss: 4.6706 | Perplexity: 106.7600
Batch 1410 | Loss: 4.6694 | Perplexity: 106.6384
Batch 1420 | Loss: 4.6415 | Perplexity: 103.6948
Batch 1430 | Loss: 4.6139 | Perplexity: 100.8772
Batch 1440 | Loss: 4.6161 | Perplexity: 101.0992
Batch 1450 | Loss: 4.5828 | Perplexity: 97.7885
Batch 1460 | Loss: 4.5852 | Perplexity: 98.0197
Batch 1470 | Loss: 4.6151 | Perplexity: 100.9947
Batch 1480 | Loss: 4.5775 | Perplexity: 97.2726
Batch 1490 | Loss: 4.6220 | Perplexity: 101.6995
Epoch 2 | Loss: 4.6184 | Perplexity: 101.3279
Batch 1500 | Loss: 4.5151 | Perplexity: 91.3830
Batch 1510 | Loss: 4.6087 | Perplexity: 100.3564
Batch 1520 | Loss: 4.5494 | Perplexity: 94.5772
Batch 1530 | Loss: 4.5798 | Perplexity: 97.4904
Batch 1540 | Loss: 4.6046 | Perplexity: 99.9451
Batch 1550 | Loss: 4.6177 | Perplexity: 101.2561
Batch 1560 | Loss: 4.6405 | Perplexity: 103.5945
Batch 1570 | Loss: 4.4999 | Perplexity: 90.0078
Batch 1580 | Loss: 4.5535 | Perplexity: 94.9657
Batch 1590 | Loss: 4.5102 | Perplexity: 90.9413
Batch 1600 | Loss: 4.5856 | Perplexity: 98.0576
Batch 1610 | Loss: 4.5683 | Perplexity: 96.3757
Batch 1620 | Loss: 4.5210 | Perplexity: 91.9290
Batch 1630 | Loss: 4.5084 | Perplexity: 90.7790
Batch 1640 | Loss: 4.5369 | Perplexity: 93.4030
Batch 1650 | Loss: 4.5223 | Perplexity: 92.0427
Batch 1660 | Loss: 4.4597 | Perplexity: 86.4600
Batch 1670 | Loss: 4.4967 | Perplexity: 89.7170
Batch 1680 | Loss: 4.4995 | Perplexity: 89.9727
Batch 1690 | Loss: 4.4848 | Perplexity: 88.6605
Batch 1700 | Loss: 4.4752 | Perplexity: 87.8103
Batch 1710 | Loss: 4.3993 | Perplexity: 81.3898
Batch 1720 | Loss: 4.4987 | Perplexity: 89.8958
Batch 1730 | Loss: 4.4590 | Perplexity: 86.3994
Batch 1740 | Loss: 4.4091 | Perplexity: 82.1925
Batch 1750 | Loss: 4.4381 | Perplexity: 84.6157
Batch 1760 | Loss: 4.5497 | Perplexity: 94.6035
Batch 1770 | Loss: 4.4488 | Perplexity: 85.5235
Batch 1780 | Loss: 4.4209 | Perplexity: 83.1745
Batch 1790 | Loss: 4.4165 | Perplexity: 82.8079
Batch 1800 | Loss: 4.4536 | Perplexity: 85.9376
Batch 1810 | Loss: 4.4343 | Perplexity: 84.2925
Batch 1820 | Loss: 4.4421 | Perplexity: 84.9526
Batch 1830 | Loss: 4.3683 | Perplexity: 78.9064
Batch 1840 | Loss: 4.4316 | Perplexity: 84.0688
Batch 1850 | Loss: 4.4155 | Perplexity: 82.7242
Batch 1860 | Loss: 4.4625 | Perplexity: 86.7014
Batch 1870 | Loss: 4.4071 | Perplexity: 82.0352
Batch 1880 | Loss: 4.4034 | Perplexity: 81.7268
Batch 1890 | Loss: 4.3599 | Perplexity: 78.2469
Batch 1900 | Loss: 4.4135 | Perplexity: 82.5549
Batch 1910 | Loss: 4.4065 | Perplexity: 81.9843
Batch 1920 | Loss: 4.3970 | Perplexity: 81.2075
Batch 1930 | Loss: 4.4651 | Perplexity: 86.9337
Batch 1940 | Loss: 4.3859 | Perplexity: 80.3109
Batch 1950 | Loss: 4.3897 | Perplexity: 80.6188
Batch 1960 | Loss: 4.3546 | Perplexity: 77.8321
Batch 1970 | Loss: 4.3315 | Perplexity: 76.0603
Batch 1980 | Loss: 4.3365 | Perplexity: 76.4423
Batch 1990 | Loss: 4.3782 | Perplexity: 79.6929
Epoch 3 | Loss: 4.3174 | Perplexity: 74.9970
Batch 2000 | Loss: 4.3518 | Perplexity: 77.6199
Batch 2010 | Loss: 4.4017 | Perplexity: 81.5904
Batch 2020 | Loss: 4.3388 | Perplexity: 76.6182
Batch 2030 | Loss: 4.4047 | Perplexity: 81.8366
Batch 2040 | Loss: 4.4096 | Perplexity: 82.2333
Batch 2050 | Loss: 4.3763 | Perplexity: 79.5464
Batch 2060 | Loss: 4.3763 | Perplexity: 79.5419
Batch 2070 | Loss: 4.3314 | Perplexity: 76.0544
Batch 2080 | Loss: 4.2995 | Perplexity: 73.6624
Batch 2090 | Loss: 4.3830 | Perplexity: 80.0764
Batch 2100 | Loss: 4.3988 | Perplexity: 81.3541
Batch 2110 | Loss: 4.3611 | Perplexity: 78.3459
Batch 2120 | Loss: 4.3521 | Perplexity: 77.6375
Batch 2130 | Loss: 4.3529 | Perplexity: 77.7053
Batch 2140 | Loss: 4.3189 | Perplexity: 75.1041
Batch 2150 | Loss: 4.3670 | Perplexity: 78.8095
Batch 2160 | Loss: 4.2582 | Perplexity: 70.6842
Batch 2170 | Loss: 4.3775 | Perplexity: 79.6370
Batch 2180 | Loss: 4.3000 | Perplexity: 73.7020
Batch 2190 | Loss: 4.3804 | Perplexity: 79.8664
Batch 2200 | Loss: 4.3929 | Perplexity: 80.8715
Batch 2210 | Loss: 4.2833 | Perplexity: 72.4766
Batch 2220 | Loss: 4.3265 | Perplexity: 75.6754
Batch 2230 | Loss: 4.3109 | Perplexity: 74.5065
Batch 2240 | Loss: 4.3206 | Perplexity: 75.2330
Batch 2250 | Loss: 4.2779 | Perplexity: 72.0921
Batch 2260 | Loss: 4.1858 | Perplexity: 65.7447
Batch 2270 | Loss: 4.3114 | Perplexity: 74.5418
Batch 2280 | Loss: 4.3189 | Perplexity: 75.1044
Batch 2290 | Loss: 4.2547 | Perplexity: 70.4357
Batch 2300 | Loss: 4.3444 | Perplexity: 77.0434
Batch 2310 | Loss: 4.2346 | Perplexity: 69.0347
Batch 2320 | Loss: 4.2868 | Perplexity: 72.7354
Batch 2330 | Loss: 4.2336 | Perplexity: 68.9669
Batch 2340 | Loss: 4.2581 | Perplexity: 70.6742
Batch 2350 | Loss: 4.2365 | Perplexity: 69.1684
Batch 2360 | Loss: 4.3665 | Perplexity: 78.7708
Batch 2370 | Loss: 4.2863 | Perplexity: 72.6960
Batch 2380 | Loss: 4.2930 | Perplexity: 73.1879
Batch 2390 | Loss: 4.2631 | Perplexity: 71.0270
Batch 2400 | Loss: 4.2370 | Perplexity: 69.2032
Batch 2410 | Loss: 4.2870 | Perplexity: 72.7491
Batch 2420 | Loss: 4.2174 | Perplexity: 67.8578
Batch 2430 | Loss: 4.2612 | Perplexity: 70.8944
Batch 2440 | Loss: 4.2831 | Perplexity: 72.4670
Batch 2450 | Loss: 4.2422 | Perplexity: 69.5628
Batch 2460 | Loss: 4.2784 | Perplexity: 72.1267
Batch 2470 | Loss: 4.1526 | Perplexity: 63.5996
Batch 2480 | Loss: 4.2402 | Perplexity: 69.4188
Batch 2490 | Loss: 4.2223 | Perplexity: 68.1892
Epoch 4 | Loss: 4.1015 | Perplexity: 60.4312
Batch 2500 | Loss: 4.2316 | Perplexity: 68.8242
Batch 2510 | Loss: 4.2504 | Perplexity: 70.1352
Batch 2520 | Loss: 4.1740 | Perplexity: 64.9728
Batch 2530 | Loss: 4.2374 | Perplexity: 69.2249
Batch 2540 | Loss: 4.1965 | Perplexity: 66.4536
Batch 2550 | Loss: 4.1992 | Perplexity: 66.6334
Batch 2560 | Loss: 4.2010 | Perplexity: 66.7502
Batch 2570 | Loss: 4.1178 | Perplexity: 61.4257
Batch 2580 | Loss: 4.2399 | Perplexity: 69.4022
Batch 2590 | Loss: 4.2282 | Perplexity: 68.5941
Batch 2600 | Loss: 4.2375 | Perplexity: 69.2357
Batch 2610 | Loss: 4.2635 | Perplexity: 71.0574
Batch 2620 | Loss: 4.2851 | Perplexity: 72.6100
Batch 2630 | Loss: 4.2763 | Perplexity: 71.9755
Batch 2640 | Loss: 4.1800 | Perplexity: 65.3669
Batch 2650 | Loss: 4.2083 | Perplexity: 67.2452
Batch 2660 | Loss: 4.2154 | Perplexity: 67.7245
Batch 2670 | Loss: 4.2116 | Perplexity: 67.4621
Batch 2680 | Loss: 4.2305 | Perplexity: 68.7527
Batch 2690 | Loss: 4.1721 | Perplexity: 64.8534
Batch 2700 | Loss: 4.1466 | Perplexity: 63.2191
Batch 2710 | Loss: 4.2287 | Perplexity: 68.6249
Batch 2720 | Loss: 4.1901 | Perplexity: 66.0299
Batch 2730 | Loss: 4.1814 | Perplexity: 65.4553
Batch 2740 | Loss: 4.2164 | Perplexity: 67.7863
Batch 2750 | Loss: 4.1730 | Perplexity: 64.9112
Batch 2760 | Loss: 4.1736 | Perplexity: 64.9476
Batch 2770 | Loss: 4.2459 | Perplexity: 69.8162
Batch 2780 | Loss: 4.1895 | Perplexity: 65.9896
Batch 2790 | Loss: 4.1933 | Perplexity: 66.2437
Batch 2800 | Loss: 4.2415 | Perplexity: 69.5146
Batch 2810 | Loss: 4.1638 | Perplexity: 64.3155
Batch 2820 | Loss: 4.1937 | Perplexity: 66.2657
Batch 2830 | Loss: 4.1181 | Perplexity: 61.4450
Batch 2840 | Loss: 4.1835 | Perplexity: 65.5928
Batch 2850 | Loss: 4.2032 | Perplexity: 66.8975
Batch 2860 | Loss: 4.1982 | Perplexity: 66.5693
Batch 2870 | Loss: 4.1990 | Perplexity: 66.6211
Batch 2880 | Loss: 4.1965 | Perplexity: 66.4526
Batch 2890 | Loss: 4.2319 | Perplexity: 68.8488
Batch 2900 | Loss: 4.1407 | Perplexity: 62.8466
Batch 2910 | Loss: 4.1375 | Perplexity: 62.6471
Batch 2920 | Loss: 4.1392 | Perplexity: 62.7496
Batch 2930 | Loss: 4.1675 | Perplexity: 64.5555
Batch 2940 | Loss: 4.1299 | Perplexity: 62.1746
Batch 2950 | Loss: 4.0788 | Perplexity: 59.0769
Batch 2960 | Loss: 4.1300 | Perplexity: 62.1755
Batch 2970 | Loss: 4.1459 | Perplexity: 63.1764
Batch 2980 | Loss: 4.1574 | Perplexity: 63.9042
Batch 2990 | Loss: 4.1405 | Perplexity: 62.8316
Epoch 5 | Loss: 4.0872 | Perplexity: 59.5740
Succesfully saved parameters to path
Batch 3000 | Loss: 4.1929 | Perplexity: 66.2154
Batch 3010 | Loss: 4.1104 | Perplexity: 60.9713
Batch 3020 | Loss: 4.1239 | Perplexity: 61.7993
Batch 3030 | Loss: 4.1691 | Perplexity: 64.6554
Batch 3040 | Loss: 4.1218 | Perplexity: 61.6686
Batch 3050 | Loss: 4.1670 | Perplexity: 64.5185
Batch 3060 | Loss: 4.1424 | Perplexity: 62.9567
Batch 3070 | Loss: 4.1843 | Perplexity: 65.6496
Batch 3080 | Loss: 4.1355 | Perplexity: 62.5184
Batch 3090 | Loss: 4.1926 | Perplexity: 66.1962
Batch 3100 | Loss: 4.0961 | Perplexity: 60.1033
Batch 3110 | Loss: 4.1219 | Perplexity: 61.6764
Batch 3120 | Loss: 4.1126 | Perplexity: 61.1068
Batch 3130 | Loss: 4.1751 | Perplexity: 65.0439
Batch 3140 | Loss: 4.1650 | Perplexity: 64.3913
Batch 3150 | Loss: 4.1229 | Perplexity: 61.7361
Batch 3160 | Loss: 4.1628 | Perplexity: 64.2521
Batch 3170 | Loss: 4.1275 | Perplexity: 62.0197
Batch 3180 | Loss: 4.2178 | Perplexity: 67.8835
Batch 3190 | Loss: 4.0675 | Perplexity: 58.4114
Batch 3200 | Loss: 4.1690 | Perplexity: 64.6522
Batch 3210 | Loss: 4.1148 | Perplexity: 61.2384
Batch 3220 | Loss: 4.1305 | Perplexity: 62.2088
Batch 3230 | Loss: 4.1265 | Perplexity: 61.9620
Batch 3240 | Loss: 4.1162 | Perplexity: 61.3261
Batch 3250 | Loss: 4.0885 | Perplexity: 59.6514
Batch 3260 | Loss: 4.1260 | Perplexity: 61.9268
Batch 3270 | Loss: 4.1488 | Perplexity: 63.3577
Batch 3280 | Loss: 4.1391 | Perplexity: 62.7461
Batch 3290 | Loss: 4.0924 | Perplexity: 59.8850
Batch 3300 | Loss: 4.1137 | Perplexity: 61.1710
Batch 3310 | Loss: 4.1107 | Perplexity: 60.9891
Batch 3320 | Loss: 4.1561 | Perplexity: 63.8223
Batch 3330 | Loss: 4.1686 | Perplexity: 64.6261
Batch 3340 | Loss: 4.1652 | Perplexity: 64.4030
Batch 3350 | Loss: 4.0782 | Perplexity: 59.0418
Batch 3360 | Loss: 4.1234 | Perplexity: 61.7673
Batch 3370 | Loss: 4.1173 | Perplexity: 61.3939
Batch 3380 | Loss: 4.0787 | Perplexity: 59.0689
Batch 3390 | Loss: 4.1387 | Perplexity: 62.7206
Batch 3400 | Loss: 4.0934 | Perplexity: 59.9457
Batch 3410 | Loss: 4.1676 | Perplexity: 64.5574
Batch 3420 | Loss: 4.1255 | Perplexity: 61.8984
Batch 3430 | Loss: 4.0920 | Perplexity: 59.8597
Batch 3440 | Loss: 4.1398 | Perplexity: 62.7931
Batch 3450 | Loss: 4.0857 | Perplexity: 59.4855
Batch 3460 | Loss: 4.0747 | Perplexity: 58.8304
Batch 3470 | Loss: 4.0875 | Perplexity: 59.5937
Batch 3480 | Loss: 4.0319 | Perplexity: 56.3700
Batch 3490 | Loss: 4.0526 | Perplexity: 57.5458
Epoch 6 | Loss: 3.9240 | Perplexity: 50.6006
Batch 3500 | Loss: 4.1053 | Perplexity: 60.6589
Batch 3510 | Loss: 4.0723 | Perplexity: 58.6919
Batch 3520 | Loss: 4.1067 | Perplexity: 60.7474
Batch 3530 | Loss: 4.0597 | Perplexity: 57.9585
Batch 3540 | Loss: 4.1218 | Perplexity: 61.6711
Batch 3550 | Loss: 4.0244 | Perplexity: 55.9451
Batch 3560 | Loss: 4.0399 | Perplexity: 56.8198
Batch 3570 | Loss: 4.0763 | Perplexity: 58.9246
Batch 3580 | Loss: 4.0707 | Perplexity: 58.5983
Batch 3590 | Loss: 4.0421 | Perplexity: 56.9468
Batch 3600 | Loss: 4.0697 | Perplexity: 58.5382
Batch 3610 | Loss: 4.0645 | Perplexity: 58.2378
Batch 3620 | Loss: 4.0902 | Perplexity: 59.7493
Batch 3630 | Loss: 4.0863 | Perplexity: 59.5171
Batch 3640 | Loss: 4.0434 | Perplexity: 57.0214
Batch 3650 | Loss: 4.1387 | Perplexity: 62.7241
Batch 3660 | Loss: 3.9938 | Perplexity: 54.2600
Batch 3670 | Loss: 4.1223 | Perplexity: 61.7021
Batch 3680 | Loss: 4.0690 | Perplexity: 58.4974
Batch 3690 | Loss: 4.0658 | Perplexity: 58.3103
Batch 3700 | Loss: 4.0242 | Perplexity: 55.9338
Batch 3710 | Loss: 4.0329 | Perplexity: 56.4256
Batch 3720 | Loss: 4.1037 | Perplexity: 60.5626
Batch 3730 | Loss: 4.0351 | Perplexity: 56.5473
Batch 3740 | Loss: 4.0728 | Perplexity: 58.7229
Batch 3750 | Loss: 4.1121 | Perplexity: 61.0726
Batch 3760 | Loss: 4.1010 | Perplexity: 60.4035
Batch 3770 | Loss: 4.0996 | Perplexity: 60.3133
Batch 3780 | Loss: 4.0529 | Perplexity: 57.5620
Batch 3790 | Loss: 4.0519 | Perplexity: 57.5069
Batch 3800 | Loss: 4.0690 | Perplexity: 58.4986
Batch 3810 | Loss: 4.0375 | Perplexity: 56.6821
Batch 3820 | Loss: 4.0908 | Perplexity: 59.7906
Batch 3830 | Loss: 4.0213 | Perplexity: 55.7721
Batch 3840 | Loss: 4.0025 | Perplexity: 54.7354
Batch 3850 | Loss: 4.0007 | Perplexity: 54.6379
Batch 3860 | Loss: 4.0741 | Perplexity: 58.7975
Batch 3870 | Loss: 4.0503 | Perplexity: 57.4131
Batch 3880 | Loss: 4.0427 | Perplexity: 56.9809
Batch 3890 | Loss: 4.0825 | Perplexity: 59.2916
Batch 3900 | Loss: 4.0357 | Perplexity: 56.5853
Batch 3910 | Loss: 4.0512 | Perplexity: 57.4668
Batch 3920 | Loss: 4.0209 | Perplexity: 55.7534
Batch 3930 | Loss: 3.9970 | Perplexity: 54.4359
Batch 3940 | Loss: 3.9993 | Perplexity: 54.5615
Batch 3950 | Loss: 4.0017 | Perplexity: 54.6894
Batch 3960 | Loss: 4.0213 | Perplexity: 55.7734
Batch 3970 | Loss: 4.1043 | Perplexity: 60.5975
Batch 3980 | Loss: 4.0702 | Perplexity: 58.5694
Batch 3990 | Loss: 4.0427 | Perplexity: 56.9791
Epoch 7 | Loss: 3.9958 | Perplexity: 54.3716
Batch 4000 | Loss: 4.0205 | Perplexity: 55.7305
Batch 4010 | Loss: 4.0748 | Perplexity: 58.8366
Batch 4020 | Loss: 3.9876 | Perplexity: 53.9241
Batch 4030 | Loss: 4.0145 | Perplexity: 55.3945
Batch 4040 | Loss: 4.0282 | Perplexity: 56.1571
Batch 4050 | Loss: 4.0139 | Perplexity: 55.3617
Batch 4060 | Loss: 4.0889 | Perplexity: 59.6735
Batch 4070 | Loss: 4.0237 | Perplexity: 55.9087
Batch 4080 | Loss: 4.0674 | Perplexity: 58.4049
Batch 4090 | Loss: 4.0556 | Perplexity: 57.7191
Batch 4100 | Loss: 4.0509 | Perplexity: 57.4487
Batch 4110 | Loss: 4.0086 | Perplexity: 55.0710
Batch 4120 | Loss: 4.0251 | Perplexity: 55.9866
Batch 4130 | Loss: 4.1325 | Perplexity: 62.3349
Batch 4140 | Loss: 4.0045 | Perplexity: 54.8417
Batch 4150 | Loss: 4.0623 | Perplexity: 58.1063
Batch 4160 | Loss: 4.0610 | Perplexity: 58.0311
Batch 4170 | Loss: 4.0376 | Perplexity: 56.6889
Batch 4180 | Loss: 4.0464 | Perplexity: 57.1912
Batch 4190 | Loss: 4.0494 | Perplexity: 57.3617
Batch 4200 | Loss: 3.9973 | Perplexity: 54.4531
Batch 4210 | Loss: 4.0245 | Perplexity: 55.9523
Batch 4220 | Loss: 4.0480 | Perplexity: 57.2843
Batch 4230 | Loss: 4.0423 | Perplexity: 56.9554
Batch 4240 | Loss: 4.0490 | Perplexity: 57.3414
Batch 4250 | Loss: 4.0652 | Perplexity: 58.2760
Batch 4260 | Loss: 3.9789 | Perplexity: 53.4587
Batch 4270 | Loss: 4.0300 | Perplexity: 56.2582
Batch 4280 | Loss: 3.9970 | Perplexity: 54.4335
Batch 4290 | Loss: 3.9617 | Perplexity: 52.5474
Batch 4300 | Loss: 3.9946 | Perplexity: 54.3032
Batch 4310 | Loss: 4.0279 | Perplexity: 56.1425
Batch 4320 | Loss: 3.9732 | Perplexity: 53.1565
Batch 4330 | Loss: 4.0188 | Perplexity: 55.6331
Batch 4340 | Loss: 3.9710 | Perplexity: 53.0352
Batch 4350 | Loss: 4.0103 | Perplexity: 55.1624
Batch 4360 | Loss: 4.0671 | Perplexity: 58.3887
Batch 4370 | Loss: 3.9973 | Perplexity: 54.4531
Batch 4380 | Loss: 4.0647 | Perplexity: 58.2452
Batch 4390 | Loss: 3.9915 | Perplexity: 54.1370
Batch 4400 | Loss: 3.9606 | Perplexity: 52.4885
Batch 4410 | Loss: 3.9786 | Perplexity: 53.4443
Batch 4420 | Loss: 4.0119 | Perplexity: 55.2525
Batch 4430 | Loss: 4.0040 | Perplexity: 54.8185
Batch 4440 | Loss: 4.0118 | Perplexity: 55.2477
Batch 4450 | Loss: 4.0948 | Perplexity: 60.0250
Batch 4460 | Loss: 3.9805 | Perplexity: 53.5428
Batch 4470 | Loss: 3.9988 | Perplexity: 54.5348
Batch 4480 | Loss: 3.9795 | Perplexity: 53.4902
Batch 4490 | Loss: 3.9700 | Perplexity: 52.9837
Epoch 8 | Loss: 3.8016 | Perplexity: 44.7744
Batch 4500 | Loss: 3.9982 | Perplexity: 54.5008
Batch 4510 | Loss: 3.9902 | Perplexity: 54.0680
Batch 4520 | Loss: 4.0214 | Perplexity: 55.7783
Batch 4530 | Loss: 4.0191 | Perplexity: 55.6534
Batch 4540 | Loss: 4.0586 | Perplexity: 57.8960
Batch 4550 | Loss: 4.0096 | Perplexity: 55.1234
Batch 4560 | Loss: 3.9503 | Perplexity: 51.9530
Batch 4570 | Loss: 4.1102 | Perplexity: 60.9571
Batch 4580 | Loss: 3.9845 | Perplexity: 53.7610
Batch 4590 | Loss: 4.0815 | Perplexity: 59.2322
Batch 4600 | Loss: 3.9888 | Perplexity: 53.9907
Batch 4610 | Loss: 3.9375 | Perplexity: 51.2913
Batch 4620 | Loss: 3.9855 | Perplexity: 53.8113
Batch 4630 | Loss: 3.9222 | Perplexity: 50.5127
Batch 4640 | Loss: 3.9765 | Perplexity: 53.3315
Batch 4650 | Loss: 3.9906 | Perplexity: 54.0888
Batch 4660 | Loss: 3.9372 | Perplexity: 51.2752
Batch 4670 | Loss: 4.0028 | Perplexity: 54.7496
Batch 4680 | Loss: 3.9565 | Perplexity: 52.2725
Batch 4690 | Loss: 3.9780 | Perplexity: 53.4102
Batch 4700 | Loss: 3.9828 | Perplexity: 53.6680
Batch 4710 | Loss: 3.9101 | Perplexity: 49.9055
Batch 4720 | Loss: 3.9402 | Perplexity: 51.4265
Batch 4730 | Loss: 3.9414 | Perplexity: 51.4915
Batch 4740 | Loss: 3.9550 | Perplexity: 52.1947
Batch 4750 | Loss: 3.9648 | Perplexity: 52.7118
Batch 4760 | Loss: 3.9737 | Perplexity: 53.1831
Batch 4770 | Loss: 3.9696 | Perplexity: 52.9633
Batch 4780 | Loss: 3.9166 | Perplexity: 50.2307
Batch 4790 | Loss: 3.9788 | Perplexity: 53.4553
Batch 4800 | Loss: 3.9053 | Perplexity: 49.6661
Batch 4810 | Loss: 4.0225 | Perplexity: 55.8430
Batch 4820 | Loss: 3.9650 | Perplexity: 52.7227
Batch 4830 | Loss: 3.9980 | Perplexity: 54.4880
Batch 4840 | Loss: 4.0002 | Perplexity: 54.6068
Batch 4850 | Loss: 3.9798 | Perplexity: 53.5075
Batch 4860 | Loss: 4.0079 | Perplexity: 55.0314
Batch 4870 | Loss: 3.9611 | Perplexity: 52.5146
Batch 4880 | Loss: 3.9373 | Perplexity: 51.2797
Batch 4890 | Loss: 3.9028 | Perplexity: 49.5418
Batch 4900 | Loss: 3.9239 | Perplexity: 50.5983
Batch 4910 | Loss: 3.9881 | Perplexity: 53.9546
Batch 4920 | Loss: 3.9368 | Perplexity: 51.2533
Batch 4930 | Loss: 3.9684 | Perplexity: 52.9017
Batch 4940 | Loss: 3.9429 | Perplexity: 51.5659
Batch 4950 | Loss: 3.8662 | Perplexity: 47.7619
Batch 4960 | Loss: 3.9479 | Perplexity: 51.8261
Batch 4970 | Loss: 3.9664 | Perplexity: 52.7944
Batch 4980 | Loss: 3.9434 | Perplexity: 51.5957
Batch 4990 | Loss: 3.9608 | Perplexity: 52.4995
Epoch 9 | Loss: 3.9776 | Perplexity: 53.3907
Batch 5000 | Loss: 3.9389 | Perplexity: 51.3635
Batch 5010 | Loss: 3.9553 | Perplexity: 52.2125
Batch 5020 | Loss: 3.9661 | Perplexity: 52.7782
Batch 5030 | Loss: 3.9142 | Perplexity: 50.1104
Batch 5040 | Loss: 3.9833 | Perplexity: 53.6919
Batch 5050 | Loss: 3.9372 | Perplexity: 51.2756
Batch 5060 | Loss: 3.9691 | Perplexity: 52.9374
Batch 5070 | Loss: 3.9385 | Perplexity: 51.3392
Batch 5080 | Loss: 3.9696 | Perplexity: 52.9621
Batch 5090 | Loss: 3.9295 | Perplexity: 50.8810
Batch 5100 | Loss: 3.9384 | Perplexity: 51.3365
Batch 5110 | Loss: 3.9243 | Perplexity: 50.6165
Batch 5120 | Loss: 3.8941 | Perplexity: 49.1131
Batch 5130 | Loss: 3.9910 | Perplexity: 54.1079
Batch 5140 | Loss: 4.0082 | Perplexity: 55.0463
Batch 5150 | Loss: 3.9159 | Perplexity: 50.1920
Batch 5160 | Loss: 3.9539 | Perplexity: 52.1405
Batch 5170 | Loss: 3.9900 | Perplexity: 54.0534
Batch 5180 | Loss: 3.9271 | Perplexity: 50.7588
Batch 5190 | Loss: 3.8884 | Perplexity: 48.8334
Batch 5200 | Loss: 3.9413 | Perplexity: 51.4866
Batch 5210 | Loss: 3.9601 | Perplexity: 52.4640
Batch 5220 | Loss: 3.9361 | Perplexity: 51.2193
Batch 5230 | Loss: 3.9838 | Perplexity: 53.7211
Batch 5240 | Loss: 3.9949 | Perplexity: 54.3200
Batch 5250 | Loss: 3.9173 | Perplexity: 50.2635
Batch 5260 | Loss: 3.9079 | Perplexity: 49.7951
Batch 5270 | Loss: 3.9340 | Perplexity: 51.1134
Batch 5280 | Loss: 3.9572 | Perplexity: 52.3081
Batch 5290 | Loss: 3.9340 | Perplexity: 51.1109
Batch 5300 | Loss: 3.9225 | Perplexity: 50.5248
Batch 5310 | Loss: 3.8716 | Perplexity: 48.0193
Batch 5320 | Loss: 4.0109 | Perplexity: 55.1947
Batch 5330 | Loss: 3.9022 | Perplexity: 49.5119
Batch 5340 | Loss: 3.9382 | Perplexity: 51.3247
Batch 5350 | Loss: 3.9219 | Perplexity: 50.4970
Batch 5360 | Loss: 3.8995 | Perplexity: 49.3765
Batch 5370 | Loss: 3.9496 | Perplexity: 51.9156
Batch 5380 | Loss: 3.9331 | Perplexity: 51.0632
Batch 5390 | Loss: 3.9283 | Perplexity: 50.8182
Batch 5400 | Loss: 3.8631 | Perplexity: 47.6115
Batch 5410 | Loss: 3.9254 | Perplexity: 50.6734
Batch 5420 | Loss: 3.9718 | Perplexity: 53.0784
Batch 5430 | Loss: 3.9089 | Perplexity: 49.8462
Batch 5440 | Loss: 3.9357 | Perplexity: 51.2005
Batch 5450 | Loss: 3.9727 | Perplexity: 53.1287
Batch 5460 | Loss: 3.9298 | Perplexity: 50.8991
Batch 5470 | Loss: 3.9495 | Perplexity: 51.9074
Batch 5480 | Loss: 3.9421 | Perplexity: 51.5263
Batch 5490 | Loss: 3.8965 | Perplexity: 49.2322
Epoch 10 | Loss: 3.8171 | Perplexity: 45.4716
Succesfully saved parameters to path
Batch 5500 | Loss: 3.9062 | Perplexity: 49.7087
Batch 5510 | Loss: 3.9675 | Perplexity: 52.8509
Batch 5520 | Loss: 3.8860 | Perplexity: 48.7166
Batch 5530 | Loss: 3.9224 | Perplexity: 50.5230
Batch 5540 | Loss: 3.9028 | Perplexity: 49.5419
Batch 5550 | Loss: 3.9086 | Perplexity: 49.8294
Batch 5560 | Loss: 3.9119 | Perplexity: 49.9939
Batch 5570 | Loss: 3.8844 | Perplexity: 48.6375
Batch 5580 | Loss: 3.9038 | Perplexity: 49.5917
Batch 5590 | Loss: 3.8790 | Perplexity: 48.3754
Batch 5600 | Loss: 3.9158 | Perplexity: 50.1912
Batch 5610 | Loss: 3.9242 | Perplexity: 50.6103
Batch 5620 | Loss: 3.8845 | Perplexity: 48.6437
Batch 5630 | Loss: 3.8863 | Perplexity: 48.7315
Batch 5640 | Loss: 3.9269 | Perplexity: 50.7479
Batch 5650 | Loss: 3.9339 | Perplexity: 51.1057
Batch 5660 | Loss: 3.8883 | Perplexity: 48.8298
Batch 5670 | Loss: 3.9203 | Perplexity: 50.4177
Batch 5680 | Loss: 3.8932 | Perplexity: 49.0701
Batch 5690 | Loss: 3.9533 | Perplexity: 52.1093
Batch 5700 | Loss: 3.8134 | Perplexity: 45.3057
Batch 5710 | Loss: 3.8392 | Perplexity: 46.4891
Batch 5720 | Loss: 3.9456 | Perplexity: 51.7082
Batch 5730 | Loss: 3.8394 | Perplexity: 46.4990
Batch 5740 | Loss: 3.9411 | Perplexity: 51.4770
Batch 5750 | Loss: 3.9397 | Perplexity: 51.4035
Batch 5760 | Loss: 3.8012 | Perplexity: 44.7527
Batch 5770 | Loss: 3.8820 | Perplexity: 48.5222
Batch 5780 | Loss: 3.9404 | Perplexity: 51.4384
Batch 5790 | Loss: 3.9203 | Perplexity: 50.4137
Batch 5800 | Loss: 3.8943 | Perplexity: 49.1223
Batch 5810 | Loss: 3.9025 | Perplexity: 49.5273
Batch 5820 | Loss: 3.8491 | Perplexity: 46.9518
Batch 5830 | Loss: 3.9086 | Perplexity: 49.8290
Batch 5840 | Loss: 3.9586 | Perplexity: 52.3829
Batch 5850 | Loss: 3.9037 | Perplexity: 49.5875
Batch 5860 | Loss: 3.8870 | Perplexity: 48.7638
Batch 5870 | Loss: 3.7977 | Perplexity: 44.5993
Batch 5880 | Loss: 3.8696 | Perplexity: 47.9212
Batch 5890 | Loss: 3.8961 | Perplexity: 49.2092
Batch 5900 | Loss: 4.0086 | Perplexity: 55.0699
Batch 5910 | Loss: 3.9161 | Perplexity: 50.2022
Batch 5920 | Loss: 3.9706 | Perplexity: 53.0168
Batch 5930 | Loss: 3.9130 | Perplexity: 50.0506
Batch 5940 | Loss: 3.9528 | Perplexity: 52.0794
Batch 5950 | Loss: 3.9690 | Perplexity: 52.9323
Batch 5960 | Loss: 3.9067 | Perplexity: 49.7329
Batch 5970 | Loss: 3.9327 | Perplexity: 51.0431
Batch 5980 | Loss: 3.9364 | Perplexity: 51.2340
Batch 5990 | Loss: 3.9494 | Perplexity: 51.9052
Epoch 11 | Loss: 3.9825 | Perplexity: 53.6484
Batch 6000 | Loss: 3.9249 | Perplexity: 50.6493
Batch 6010 | Loss: 3.8720 | Perplexity: 48.0380
Batch 6020 | Loss: 3.8715 | Perplexity: 48.0145
Batch 6030 | Loss: 3.9014 | Perplexity: 49.4733
Batch 6040 | Loss: 3.9247 | Perplexity: 50.6363
Batch 6050 | Loss: 3.9315 | Perplexity: 50.9844
Batch 6060 | Loss: 3.9418 | Perplexity: 51.5096
Batch 6070 | Loss: 3.9183 | Perplexity: 50.3144
Batch 6080 | Loss: 3.8783 | Perplexity: 48.3396
Batch 6090 | Loss: 3.8144 | Perplexity: 45.3474
Batch 6100 | Loss: 3.8335 | Perplexity: 46.2223
Batch 6110 | Loss: 3.8381 | Perplexity: 46.4362
Batch 6120 | Loss: 3.8944 | Perplexity: 49.1262
Batch 6130 | Loss: 3.9161 | Perplexity: 50.2060
Batch 6140 | Loss: 3.8867 | Perplexity: 48.7492
Batch 6150 | Loss: 3.8965 | Perplexity: 49.2311
Batch 6160 | Loss: 3.8798 | Perplexity: 48.4145
Batch 6170 | Loss: 3.8636 | Perplexity: 47.6373
Batch 6180 | Loss: 3.9415 | Perplexity: 51.4948
Batch 6190 | Loss: 3.9152 | Perplexity: 50.1595
Batch 6200 | Loss: 3.8721 | Perplexity: 48.0431
Batch 6210 | Loss: 3.9096 | Perplexity: 49.8784
Batch 6220 | Loss: 3.9801 | Perplexity: 53.5248
Batch 6230 | Loss: 3.8783 | Perplexity: 48.3438
Batch 6240 | Loss: 3.9072 | Perplexity: 49.7602
Batch 6250 | Loss: 3.9109 | Perplexity: 49.9447
Batch 6260 | Loss: 3.9085 | Perplexity: 49.8253
Batch 6270 | Loss: 3.9560 | Perplexity: 52.2478
Batch 6280 | Loss: 3.9689 | Perplexity: 52.9281
Batch 6290 | Loss: 3.8807 | Perplexity: 48.4601
Batch 6300 | Loss: 3.8680 | Perplexity: 47.8472
Batch 6310 | Loss: 3.9452 | Perplexity: 51.6884
Batch 6320 | Loss: 3.8594 | Perplexity: 47.4374
Batch 6330 | Loss: 3.8139 | Perplexity: 45.3252
Batch 6340 | Loss: 3.8273 | Perplexity: 45.9406
Batch 6350 | Loss: 3.8921 | Perplexity: 49.0120
Batch 6360 | Loss: 3.9196 | Perplexity: 50.3785
Batch 6370 | Loss: 3.8637 | Perplexity: 47.6391
Batch 6380 | Loss: 3.8648 | Perplexity: 47.6961
Batch 6390 | Loss: 3.8569 | Perplexity: 47.3195
Batch 6400 | Loss: 3.8482 | Perplexity: 46.9108
Batch 6410 | Loss: 3.8576 | Perplexity: 47.3493
Batch 6420 | Loss: 3.8189 | Perplexity: 45.5559
Batch 6430 | Loss: 3.8802 | Perplexity: 48.4357
Batch 6440 | Loss: 3.9253 | Perplexity: 50.6681
Batch 6450 | Loss: 3.8716 | Perplexity: 48.0170
Batch 6460 | Loss: 3.8952 | Perplexity: 49.1660
Batch 6470 | Loss: 3.9205 | Perplexity: 50.4275
Batch 6480 | Loss: 3.8235 | Perplexity: 45.7637
Batch 6490 | Loss: 3.8653 | Perplexity: 47.7199
Epoch 12 | Loss: 3.8775 | Perplexity: 48.3034
Batch 6500 | Loss: 3.8492 | Perplexity: 46.9548
Batch 6510 | Loss: 3.8186 | Perplexity: 45.5391
Batch 6520 | Loss: 3.8478 | Perplexity: 46.8904
Batch 6530 | Loss: 3.8668 | Perplexity: 47.7907
Batch 6540 | Loss: 3.8014 | Perplexity: 44.7647
Batch 6550 | Loss: 3.8797 | Perplexity: 48.4094
Batch 6560 | Loss: 3.8441 | Perplexity: 46.7178
Batch 6570 | Loss: 3.8997 | Perplexity: 49.3863
Batch 6580 | Loss: 3.8887 | Perplexity: 48.8450
Batch 6590 | Loss: 3.8692 | Perplexity: 47.9058
Batch 6600 | Loss: 3.9258 | Perplexity: 50.6924
Batch 6610 | Loss: 3.8462 | Perplexity: 46.8127
Batch 6620 | Loss: 3.8916 | Perplexity: 48.9902
Batch 6630 | Loss: 3.8250 | Perplexity: 45.8337
Batch 6640 | Loss: 3.8768 | Perplexity: 48.2706
Batch 6650 | Loss: 3.8597 | Perplexity: 47.4524
Batch 6660 | Loss: 3.8831 | Perplexity: 48.5727
Batch 6670 | Loss: 3.9367 | Perplexity: 51.2498
Batch 6680 | Loss: 3.8766 | Perplexity: 48.2605
Batch 6690 | Loss: 3.8548 | Perplexity: 47.2188
Batch 6700 | Loss: 3.8459 | Perplexity: 46.7986
Batch 6710 | Loss: 3.9150 | Perplexity: 50.1479
Batch 6720 | Loss: 3.8632 | Perplexity: 47.6192
Batch 6730 | Loss: 3.8576 | Perplexity: 47.3510
Batch 6740 | Loss: 3.8392 | Perplexity: 46.4876
Batch 6750 | Loss: 3.7856 | Perplexity: 44.0612
Batch 6760 | Loss: 3.8504 | Perplexity: 47.0124
Batch 6770 | Loss: 3.8724 | Perplexity: 48.0560
Batch 6780 | Loss: 3.8241 | Perplexity: 45.7911
Batch 6790 | Loss: 3.8042 | Perplexity: 44.8911
Batch 6800 | Loss: 3.8733 | Perplexity: 48.1011
Batch 6810 | Loss: 3.9003 | Perplexity: 49.4185
Batch 6820 | Loss: 3.8419 | Perplexity: 46.6122
Batch 6830 | Loss: 3.8719 | Perplexity: 48.0322
Batch 6840 | Loss: 3.8596 | Perplexity: 47.4455
Batch 6850 | Loss: 3.8248 | Perplexity: 45.8259
Batch 6860 | Loss: 3.9348 | Perplexity: 51.1533
Batch 6870 | Loss: 3.8505 | Perplexity: 47.0168
Batch 6880 | Loss: 3.8794 | Perplexity: 48.3944
Batch 6890 | Loss: 3.7875 | Perplexity: 44.1442
Batch 6900 | Loss: 3.8440 | Perplexity: 46.7136
Batch 6910 | Loss: 3.8537 | Perplexity: 47.1669
Batch 6920 | Loss: 3.7839 | Perplexity: 43.9889
Batch 6930 | Loss: 3.8121 | Perplexity: 45.2461
Batch 6940 | Loss: 3.9149 | Perplexity: 50.1464
Batch 6950 | Loss: 3.8574 | Perplexity: 47.3421
Batch 6960 | Loss: 3.8210 | Perplexity: 45.6498
Batch 6970 | Loss: 3.8109 | Perplexity: 45.1900
Batch 6980 | Loss: 3.8653 | Perplexity: 47.7168
Batch 6990 | Loss: 3.7896 | Perplexity: 44.2389
Epoch 13 | Loss: 4.0085 | Perplexity: 55.0616
Batch 7000 | Loss: 3.9148 | Perplexity: 50.1415
Batch 7010 | Loss: 3.8489 | Perplexity: 46.9433
Batch 7020 | Loss: 3.8042 | Perplexity: 44.8884
Batch 7030 | Loss: 3.8524 | Perplexity: 47.1079
Batch 7040 | Loss: 3.9056 | Perplexity: 49.6818
Batch 7050 | Loss: 3.8204 | Perplexity: 45.6231
Batch 7060 | Loss: 3.9145 | Perplexity: 50.1231
Batch 7070 | Loss: 3.8003 | Perplexity: 44.7130
Batch 7080 | Loss: 3.8658 | Perplexity: 47.7432
Batch 7090 | Loss: 3.8559 | Perplexity: 47.2706
Batch 7100 | Loss: 3.8244 | Perplexity: 45.8050
Batch 7110 | Loss: 3.7924 | Perplexity: 44.3634
Batch 7120 | Loss: 3.8442 | Perplexity: 46.7215
Batch 7130 | Loss: 3.8811 | Perplexity: 48.4788
Batch 7140 | Loss: 3.8584 | Perplexity: 47.3887
Batch 7150 | Loss: 3.8536 | Perplexity: 47.1616
Batch 7160 | Loss: 3.8202 | Perplexity: 45.6137
Batch 7170 | Loss: 3.8739 | Perplexity: 48.1303
Batch 7180 | Loss: 3.8179 | Perplexity: 45.5082
Batch 7190 | Loss: 3.8442 | Perplexity: 46.7191
Batch 7200 | Loss: 3.8328 | Perplexity: 46.1931
Batch 7210 | Loss: 3.8083 | Perplexity: 45.0723
Batch 7220 | Loss: 3.8007 | Perplexity: 44.7344
Batch 7230 | Loss: 3.8639 | Perplexity: 47.6493
Batch 7240 | Loss: 3.8445 | Perplexity: 46.7365
Batch 7250 | Loss: 3.8685 | Perplexity: 47.8700
Batch 7260 | Loss: 3.9012 | Perplexity: 49.4616
Batch 7270 | Loss: 3.7975 | Perplexity: 44.5899
Batch 7280 | Loss: 3.8411 | Perplexity: 46.5786
Batch 7290 | Loss: 3.8360 | Perplexity: 46.3379
Batch 7300 | Loss: 3.7351 | Perplexity: 41.8919
Batch 7310 | Loss: 3.8419 | Perplexity: 46.6135
Batch 7320 | Loss: 3.8086 | Perplexity: 45.0883
Batch 7330 | Loss: 3.8418 | Perplexity: 46.6093
Batch 7340 | Loss: 3.8571 | Perplexity: 47.3287
Batch 7350 | Loss: 3.8085 | Perplexity: 45.0829
Batch 7360 | Loss: 3.8635 | Perplexity: 47.6322
Batch 7370 | Loss: 3.8378 | Perplexity: 46.4213
Batch 7380 | Loss: 3.8045 | Perplexity: 44.9040
Batch 7390 | Loss: 3.8187 | Perplexity: 45.5466
Batch 7400 | Loss: 3.7871 | Perplexity: 44.1303
Batch 7410 | Loss: 3.8418 | Perplexity: 46.6100
Batch 7420 | Loss: 3.7695 | Perplexity: 43.3592
Batch 7430 | Loss: 3.8091 | Perplexity: 45.1081
Batch 7440 | Loss: 3.8786 | Perplexity: 48.3552
Batch 7450 | Loss: 3.8479 | Perplexity: 46.8934
Batch 7460 | Loss: 3.7896 | Perplexity: 44.2367
Batch 7470 | Loss: 3.8195 | Perplexity: 45.5795
Batch 7480 | Loss: 3.8285 | Perplexity: 45.9957
Batch 7490 | Loss: 3.8753 | Perplexity: 48.1987
Epoch 14 | Loss: 3.9499 | Perplexity: 51.9307
Batch 7500 | Loss: 3.8378 | Perplexity: 46.4249
Batch 7510 | Loss: 3.8254 | Perplexity: 45.8509
Batch 7520 | Loss: 3.7986 | Perplexity: 44.6389
Batch 7530 | Loss: 3.8547 | Perplexity: 47.2168
Batch 7540 | Loss: 3.8511 | Perplexity: 47.0446
Batch 7550 | Loss: 3.7941 | Perplexity: 44.4402
Batch 7560 | Loss: 3.8006 | Perplexity: 44.7301
Batch 7570 | Loss: 3.8710 | Perplexity: 47.9886
Batch 7580 | Loss: 3.8587 | Perplexity: 47.4058
Batch 7590 | Loss: 3.8515 | Perplexity: 47.0636
Batch 7600 | Loss: 3.7931 | Perplexity: 44.3944
Batch 7610 | Loss: 3.8368 | Perplexity: 46.3752
Batch 7620 | Loss: 3.8236 | Perplexity: 45.7670
Batch 7630 | Loss: 3.8768 | Perplexity: 48.2675
Batch 7640 | Loss: 3.8262 | Perplexity: 45.8868
Batch 7650 | Loss: 3.8825 | Perplexity: 48.5444
Batch 7660 | Loss: 3.8112 | Perplexity: 45.2054
Batch 7670 | Loss: 3.8605 | Perplexity: 47.4894
Batch 7680 | Loss: 3.8410 | Perplexity: 46.5729
Batch 7690 | Loss: 3.8737 | Perplexity: 48.1199
Batch 7700 | Loss: 3.8343 | Perplexity: 46.2629
Batch 7710 | Loss: 3.7585 | Perplexity: 42.8821
Batch 7720 | Loss: 3.7783 | Perplexity: 43.7430
Batch 7730 | Loss: 3.8561 | Perplexity: 47.2817
Batch 7740 | Loss: 3.7611 | Perplexity: 42.9954
Batch 7750 | Loss: 3.8636 | Perplexity: 47.6377
Batch 7760 | Loss: 3.9018 | Perplexity: 49.4897
Batch 7770 | Loss: 3.8258 | Perplexity: 45.8692
Batch 7780 | Loss: 3.7570 | Perplexity: 42.8216
Batch 7790 | Loss: 3.8234 | Perplexity: 45.7606
Batch 7800 | Loss: 3.7852 | Perplexity: 44.0433
Batch 7810 | Loss: 3.7933 | Perplexity: 44.4010
Batch 7820 | Loss: 3.7959 | Perplexity: 44.5177
Batch 7830 | Loss: 3.8806 | Perplexity: 48.4511
Batch 7840 | Loss: 3.8019 | Perplexity: 44.7874
Batch 7850 | Loss: 3.9118 | Perplexity: 49.9911
Batch 7860 | Loss: 3.8264 | Perplexity: 45.8975
Batch 7870 | Loss: 3.7384 | Perplexity: 42.0318
Batch 7880 | Loss: 3.8048 | Perplexity: 44.9141
Batch 7890 | Loss: 3.7911 | Perplexity: 44.3038
Batch 7900 | Loss: 3.8249 | Perplexity: 45.8261
Batch 7910 | Loss: 3.8450 | Perplexity: 46.7588
Batch 7920 | Loss: 3.7935 | Perplexity: 44.4113
Batch 7930 | Loss: 3.8369 | Perplexity: 46.3821
Batch 7940 | Loss: 3.8199 | Perplexity: 45.5987
Batch 7950 | Loss: 3.8321 | Perplexity: 46.1612
Batch 7960 | Loss: 3.7788 | Perplexity: 43.7652
Batch 7970 | Loss: 3.8221 | Perplexity: 45.6994
Batch 7980 | Loss: 3.8202 | Perplexity: 45.6133
Batch 7990 | Loss: 3.8087 | Perplexity: 45.0935
Epoch 15 | Loss: 3.8128 | Perplexity: 45.2766
Succesfully saved parameters to path
Batch 8000 | Loss: 3.7463 | Perplexity: 42.3620
Batch 8010 | Loss: 3.8026 | Perplexity: 44.8168
Batch 8020 | Loss: 3.7749 | Perplexity: 43.5931
Batch 8030 | Loss: 3.7977 | Perplexity: 44.6006
Batch 8040 | Loss: 3.8191 | Perplexity: 45.5615
Batch 8050 | Loss: 3.8107 | Perplexity: 45.1813
Batch 8060 | Loss: 3.8157 | Perplexity: 45.4105
Batch 8070 | Loss: 3.7812 | Perplexity: 43.8676
Batch 8080 | Loss: 3.8303 | Perplexity: 46.0757
Batch 8090 | Loss: 3.7143 | Perplexity: 41.0319
Batch 8100 | Loss: 3.8091 | Perplexity: 45.1083
Batch 8110 | Loss: 3.8267 | Perplexity: 45.9125
Batch 8120 | Loss: 3.7706 | Perplexity: 43.4051
Batch 8130 | Loss: 3.8291 | Perplexity: 46.0231
Batch 8140 | Loss: 3.8570 | Perplexity: 47.3231
Batch 8150 | Loss: 3.7966 | Perplexity: 44.5490
Batch 8160 | Loss: 3.7826 | Perplexity: 43.9312
Batch 8170 | Loss: 3.7736 | Perplexity: 43.5376
Batch 8180 | Loss: 3.8006 | Perplexity: 44.7299
Batch 8190 | Loss: 3.7932 | Perplexity: 44.3967
Batch 8200 | Loss: 3.8164 | Perplexity: 45.4387
Batch 8210 | Loss: 3.7729 | Perplexity: 43.5058
Batch 8220 | Loss: 3.7788 | Perplexity: 43.7643
Batch 8230 | Loss: 3.8111 | Perplexity: 45.1986
Batch 8240 | Loss: 3.8482 | Perplexity: 46.9095
Batch 8250 | Loss: 3.8334 | Perplexity: 46.2202
Batch 8260 | Loss: 3.7764 | Perplexity: 43.6571
Batch 8270 | Loss: 3.8364 | Perplexity: 46.3570
Batch 8280 | Loss: 3.7753 | Perplexity: 43.6109
Batch 8290 | Loss: 3.7985 | Perplexity: 44.6360
Batch 8300 | Loss: 3.7700 | Perplexity: 43.3798
Batch 8310 | Loss: 3.7625 | Perplexity: 43.0574
Batch 8320 | Loss: 3.8030 | Perplexity: 44.8337
Batch 8330 | Loss: 3.7508 | Perplexity: 42.5531
Batch 8340 | Loss: 3.7936 | Perplexity: 44.4155
Batch 8350 | Loss: 3.7924 | Perplexity: 44.3619
Batch 8360 | Loss: 3.8115 | Perplexity: 45.2169
Batch 8370 | Loss: 3.8103 | Perplexity: 45.1621
Batch 8380 | Loss: 3.7052 | Perplexity: 40.6571
Batch 8390 | Loss: 3.8422 | Perplexity: 46.6265
Batch 8400 | Loss: 3.8036 | Perplexity: 44.8645
Batch 8410 | Loss: 3.7978 | Perplexity: 44.6049
Batch 8420 | Loss: 3.8649 | Perplexity: 47.7008
Batch 8430 | Loss: 3.7987 | Perplexity: 44.6436
Batch 8440 | Loss: 3.8223 | Perplexity: 45.7112
Batch 8450 | Loss: 3.7815 | Perplexity: 43.8840
Batch 8460 | Loss: 3.8740 | Perplexity: 48.1367
Batch 8470 | Loss: 3.8035 | Perplexity: 44.8585
Batch 8480 | Loss: 3.7717 | Perplexity: 43.4522
Batch 8490 | Loss: 3.8397 | Perplexity: 46.5106
Epoch 16 | Loss: 3.7114 | Perplexity: 40.9099
Batch 8500 | Loss: 3.8507 | Perplexity: 47.0281
Batch 8510 | Loss: 3.7656 | Perplexity: 43.1914
Batch 8520 | Loss: 3.8036 | Perplexity: 44.8605
Batch 8530 | Loss: 3.7599 | Perplexity: 42.9422
Batch 8540 | Loss: 3.8002 | Perplexity: 44.7095
Batch 8550 | Loss: 3.8121 | Perplexity: 45.2450
Batch 8560 | Loss: 3.8183 | Perplexity: 45.5249
Batch 8570 | Loss: 3.7986 | Perplexity: 44.6405
Batch 8580 | Loss: 3.7522 | Perplexity: 42.6132
Batch 8590 | Loss: 3.7373 | Perplexity: 41.9833
Batch 8600 | Loss: 3.8064 | Perplexity: 44.9860
Batch 8610 | Loss: 3.8516 | Perplexity: 47.0665
Batch 8620 | Loss: 3.7990 | Perplexity: 44.6559
Batch 8630 | Loss: 3.6885 | Perplexity: 39.9857
Batch 8640 | Loss: 3.8654 | Perplexity: 47.7212
Batch 8650 | Loss: 3.7489 | Perplexity: 42.4741
Batch 8660 | Loss: 3.7128 | Perplexity: 40.9698
Batch 8670 | Loss: 3.7439 | Perplexity: 42.2611
Batch 8680 | Loss: 3.7805 | Perplexity: 43.8387
Batch 8690 | Loss: 3.7539 | Perplexity: 42.6875
Batch 8700 | Loss: 3.7885 | Perplexity: 44.1915
Batch 8710 | Loss: 3.8420 | Perplexity: 46.6192
Batch 8720 | Loss: 3.8378 | Perplexity: 46.4212
Batch 8730 | Loss: 3.8434 | Perplexity: 46.6852
Batch 8740 | Loss: 3.7519 | Perplexity: 42.6011
Batch 8750 | Loss: 3.8192 | Perplexity: 45.5683
Batch 8760 | Loss: 3.7981 | Perplexity: 44.6142
Batch 8770 | Loss: 3.7673 | Perplexity: 43.2628
Batch 8780 | Loss: 3.8557 | Perplexity: 47.2636
Batch 8790 | Loss: 3.7467 | Perplexity: 42.3823
Batch 8800 | Loss: 3.7696 | Perplexity: 43.3627
Batch 8810 | Loss: 3.8326 | Perplexity: 46.1807
Batch 8820 | Loss: 3.7159 | Perplexity: 41.0958
Batch 8830 | Loss: 3.8143 | Perplexity: 45.3438
Batch 8840 | Loss: 3.7818 | Perplexity: 43.8951
Batch 8850 | Loss: 3.7877 | Perplexity: 44.1562
Batch 8860 | Loss: 3.8564 | Perplexity: 47.2968
Batch 8870 | Loss: 3.7900 | Perplexity: 44.2568
Batch 8880 | Loss: 3.7981 | Perplexity: 44.6146
Batch 8890 | Loss: 3.7426 | Perplexity: 42.2095
Batch 8900 | Loss: 3.7219 | Perplexity: 41.3448
Batch 8910 | Loss: 3.7847 | Perplexity: 44.0237
Batch 8920 | Loss: 3.7944 | Perplexity: 44.4498
Batch 8930 | Loss: 3.8435 | Perplexity: 46.6867
Batch 8940 | Loss: 3.7721 | Perplexity: 43.4707
Batch 8950 | Loss: 3.7402 | Perplexity: 42.1063
Batch 8960 | Loss: 3.7826 | Perplexity: 43.9299
Batch 8970 | Loss: 3.7653 | Perplexity: 43.1758
Batch 8980 | Loss: 3.7759 | Perplexity: 43.6346
Batch 8990 | Loss: 3.7362 | Perplexity: 41.9378
Epoch 17 | Loss: 3.7062 | Perplexity: 40.6995
Batch 9000 | Loss: 3.7470 | Perplexity: 42.3947
Batch 9010 | Loss: 3.7242 | Perplexity: 41.4365
Batch 9020 | Loss: 3.7873 | Perplexity: 44.1381
Batch 9030 | Loss: 3.7832 | Perplexity: 43.9582
Batch 9040 | Loss: 3.7599 | Perplexity: 42.9434
Batch 9050 | Loss: 3.7655 | Perplexity: 43.1832
Batch 9060 | Loss: 3.7245 | Perplexity: 41.4521
Batch 9070 | Loss: 3.7693 | Perplexity: 43.3496
Batch 9080 | Loss: 3.8059 | Perplexity: 44.9636
Batch 9090 | Loss: 3.7766 | Perplexity: 43.6691
Batch 9100 | Loss: 3.8143 | Perplexity: 45.3460
Batch 9110 | Loss: 3.7901 | Perplexity: 44.2593
Batch 9120 | Loss: 3.7875 | Perplexity: 44.1469
Batch 9130 | Loss: 3.7580 | Perplexity: 42.8637
Batch 9140 | Loss: 3.7645 | Perplexity: 43.1415
Batch 9150 | Loss: 3.7652 | Perplexity: 43.1721
Batch 9160 | Loss: 3.8508 | Perplexity: 47.0311
Batch 9170 | Loss: 3.7693 | Perplexity: 43.3496
Batch 9180 | Loss: 3.7286 | Perplexity: 41.6197
Batch 9190 | Loss: 3.7584 | Perplexity: 42.8787
Batch 9200 | Loss: 3.7546 | Perplexity: 42.7159
Batch 9210 | Loss: 3.8532 | Perplexity: 47.1435
Batch 9220 | Loss: 3.8451 | Perplexity: 46.7614
Batch 9230 | Loss: 3.7169 | Perplexity: 41.1368
Batch 9240 | Loss: 3.8071 | Perplexity: 45.0176
Batch 9250 | Loss: 3.7856 | Perplexity: 44.0629
Batch 9260 | Loss: 3.7288 | Perplexity: 41.6312
Batch 9270 | Loss: 3.7350 | Perplexity: 41.8890
Batch 9280 | Loss: 3.7410 | Perplexity: 42.1382
Batch 9290 | Loss: 3.7144 | Perplexity: 41.0355
Batch 9300 | Loss: 3.7701 | Perplexity: 43.3858
Batch 9310 | Loss: 3.7508 | Perplexity: 42.5547
Batch 9320 | Loss: 3.7601 | Perplexity: 42.9536
Batch 9330 | Loss: 3.7761 | Perplexity: 43.6467
Batch 9340 | Loss: 3.7229 | Perplexity: 41.3841
Batch 9350 | Loss: 3.8123 | Perplexity: 45.2538
Batch 9360 | Loss: 3.7639 | Perplexity: 43.1145
Batch 9370 | Loss: 3.7230 | Perplexity: 41.3869
Batch 9380 | Loss: 3.7729 | Perplexity: 43.5049
Batch 9390 | Loss: 3.7998 | Perplexity: 44.6925
Batch 9400 | Loss: 3.7666 | Perplexity: 43.2316
Batch 9410 | Loss: 3.7236 | Perplexity: 41.4124
Batch 9420 | Loss: 3.7568 | Perplexity: 42.8096
Batch 9430 | Loss: 3.7985 | Perplexity: 44.6324
Batch 9440 | Loss: 3.7449 | Perplexity: 42.3050
Batch 9450 | Loss: 3.6995 | Perplexity: 40.4281
Batch 9460 | Loss: 3.7351 | Perplexity: 41.8932
Batch 9470 | Loss: 3.7817 | Perplexity: 43.8919
Batch 9480 | Loss: 3.7406 | Perplexity: 42.1228
Batch 9490 | Loss: 3.6889 | Perplexity: 39.9991
Epoch 18 | Loss: 3.9878 | Perplexity: 53.9387
Batch 9500 | Loss: 3.7862 | Perplexity: 44.0886
Batch 9510 | Loss: 3.7653 | Perplexity: 43.1774
Batch 9520 | Loss: 3.7849 | Perplexity: 44.0296
Batch 9530 | Loss: 3.8143 | Perplexity: 45.3437
Batch 9540 | Loss: 3.6923 | Perplexity: 40.1371
Batch 9550 | Loss: 3.7958 | Perplexity: 44.5142
Batch 9560 | Loss: 3.7568 | Perplexity: 42.8105
Batch 9570 | Loss: 3.7356 | Perplexity: 41.9119
Batch 9580 | Loss: 3.8347 | Perplexity: 46.2773
Batch 9590 | Loss: 3.7141 | Perplexity: 41.0217
Batch 9600 | Loss: 3.7610 | Perplexity: 42.9918
Batch 9610 | Loss: 3.7759 | Perplexity: 43.6349
Batch 9620 | Loss: 3.7423 | Perplexity: 42.1930
Batch 9630 | Loss: 3.7396 | Perplexity: 42.0820
Batch 9640 | Loss: 3.7841 | Perplexity: 43.9981
Batch 9650 | Loss: 3.7373 | Perplexity: 41.9850
Batch 9660 | Loss: 3.7302 | Perplexity: 41.6860
Batch 9670 | Loss: 3.6853 | Perplexity: 39.8579
Batch 9680 | Loss: 3.7119 | Perplexity: 40.9319
Batch 9690 | Loss: 3.7703 | Perplexity: 43.3936
Batch 9700 | Loss: 3.7345 | Perplexity: 41.8685
Batch 9710 | Loss: 3.7310 | Perplexity: 41.7195
Batch 9720 | Loss: 3.7510 | Perplexity: 42.5634
Batch 9730 | Loss: 3.7048 | Perplexity: 40.6399
Batch 9740 | Loss: 3.7188 | Perplexity: 41.2130
Batch 9750 | Loss: 3.7805 | Perplexity: 43.8362
Batch 9760 | Loss: 3.7668 | Perplexity: 43.2432
Batch 9770 | Loss: 3.8228 | Perplexity: 45.7326
Batch 9780 | Loss: 3.8239 | Perplexity: 45.7805
Batch 9790 | Loss: 3.7564 | Perplexity: 42.7922
Batch 9800 | Loss: 3.7305 | Perplexity: 41.6999
Batch 9810 | Loss: 3.7790 | Perplexity: 43.7741
Batch 9820 | Loss: 3.7463 | Perplexity: 42.3651
Batch 9830 | Loss: 3.6964 | Perplexity: 40.3037
Batch 9840 | Loss: 3.8328 | Perplexity: 46.1934
Batch 9850 | Loss: 3.7378 | Perplexity: 42.0055
Batch 9860 | Loss: 3.7588 | Perplexity: 42.8977
Batch 9870 | Loss: 3.8434 | Perplexity: 46.6853
Batch 9880 | Loss: 3.7090 | Perplexity: 40.8115
Batch 9890 | Loss: 3.7884 | Perplexity: 44.1843
Batch 9900 | Loss: 3.7770 | Perplexity: 43.6842
Batch 9910 | Loss: 3.7121 | Perplexity: 40.9402
Batch 9920 | Loss: 3.7219 | Perplexity: 41.3426
Batch 9930 | Loss: 3.7608 | Perplexity: 42.9837
Batch 9940 | Loss: 3.7882 | Perplexity: 44.1755
Batch 9950 | Loss: 3.7202 | Perplexity: 41.2737
Batch 9960 | Loss: 3.7103 | Perplexity: 40.8651
Batch 9970 | Loss: 3.7089 | Perplexity: 40.8069
Batch 9980 | Loss: 3.7203 | Perplexity: 41.2782
Batch 9990 | Loss: 3.7223 | Perplexity: 41.3603
Epoch 19 | Loss: 3.7075 | Perplexity: 40.7536
Batch 10000 | Loss: 3.7609 | Perplexity: 42.9853
Batch 10010 | Loss: 3.7897 | Perplexity: 44.2421
Batch 10020 | Loss: 3.7220 | Perplexity: 41.3485
Batch 10030 | Loss: 3.8098 | Perplexity: 45.1431
Batch 10040 | Loss: 3.6952 | Perplexity: 40.2518
Batch 10050 | Loss: 3.7286 | Perplexity: 41.6203
Batch 10060 | Loss: 3.7436 | Perplexity: 42.2487
Batch 10070 | Loss: 3.7534 | Perplexity: 42.6647
Batch 10080 | Loss: 3.7022 | Perplexity: 40.5360
Batch 10090 | Loss: 3.7166 | Perplexity: 41.1233
Batch 10100 | Loss: 3.7216 | Perplexity: 41.3303
Batch 10110 | Loss: 3.7099 | Perplexity: 40.8513
Batch 10120 | Loss: 3.7344 | Perplexity: 41.8639
Batch 10130 | Loss: 3.7188 | Perplexity: 41.2159
Batch 10140 | Loss: 3.7043 | Perplexity: 40.6218
Batch 10150 | Loss: 3.7754 | Perplexity: 43.6155
Batch 10160 | Loss: 3.7767 | Perplexity: 43.6721
Batch 10170 | Loss: 3.7218 | Perplexity: 41.3397
Batch 10180 | Loss: 3.7558 | Perplexity: 42.7703
Batch 10190 | Loss: 3.8154 | Perplexity: 45.3939
Batch 10200 | Loss: 3.7532 | Perplexity: 42.6565
Batch 10210 | Loss: 3.8100 | Perplexity: 45.1505
Batch 10220 | Loss: 3.6980 | Perplexity: 40.3684
Batch 10230 | Loss: 3.7713 | Perplexity: 43.4359
Batch 10240 | Loss: 3.7533 | Perplexity: 42.6630
Batch 10250 | Loss: 3.6811 | Perplexity: 39.6893
Batch 10260 | Loss: 3.7465 | Perplexity: 42.3738
Batch 10270 | Loss: 3.7637 | Perplexity: 43.1061
Batch 10280 | Loss: 3.7398 | Perplexity: 42.0916
Batch 10290 | Loss: 3.8077 | Perplexity: 45.0446
Batch 10300 | Loss: 3.8150 | Perplexity: 45.3745
Batch 10310 | Loss: 3.7908 | Perplexity: 44.2904
Batch 10320 | Loss: 3.7981 | Perplexity: 44.6178
Batch 10330 | Loss: 3.7152 | Perplexity: 41.0660
Batch 10340 | Loss: 3.7239 | Perplexity: 41.4252
Batch 10350 | Loss: 3.7802 | Perplexity: 43.8242
Batch 10360 | Loss: 3.6791 | Perplexity: 39.6104
Batch 10370 | Loss: 3.7763 | Perplexity: 43.6555
Batch 10380 | Loss: 3.7574 | Perplexity: 42.8378
Batch 10390 | Loss: 3.6620 | Perplexity: 38.9399
Batch 10400 | Loss: 3.7187 | Perplexity: 41.2109
Batch 10410 | Loss: 3.7477 | Perplexity: 42.4240
Batch 10420 | Loss: 3.6842 | Perplexity: 39.8116
Batch 10430 | Loss: 3.7811 | Perplexity: 43.8655
Batch 10440 | Loss: 3.6886 | Perplexity: 39.9876
Batch 10450 | Loss: 3.7225 | Perplexity: 41.3685
Batch 10460 | Loss: 3.7602 | Perplexity: 42.9590
Batch 10470 | Loss: 3.6952 | Perplexity: 40.2552
Batch 10480 | Loss: 3.7484 | Perplexity: 42.4547
Batch 10490 | Loss: 3.7416 | Perplexity: 42.1634
Epoch 20 | Loss: 3.7219 | Perplexity: 41.3428
Succesfully saved parameters to path
Batch 10500 | Loss: 3.7609 | Perplexity: 42.9874
Batch 10510 | Loss: 3.6809 | Perplexity: 39.6836
Batch 10520 | Loss: 3.7297 | Perplexity: 41.6666
Batch 10530 | Loss: 3.7095 | Perplexity: 40.8320
Batch 10540 | Loss: 3.7527 | Perplexity: 42.6342
Batch 10550 | Loss: 3.6976 | Perplexity: 40.3510
Batch 10560 | Loss: 3.7478 | Perplexity: 42.4260
Batch 10570 | Loss: 3.6799 | Perplexity: 39.6410
Batch 10580 | Loss: 3.7670 | Perplexity: 43.2517
Batch 10590 | Loss: 3.7116 | Perplexity: 40.9189
Batch 10600 | Loss: 3.7341 | Perplexity: 41.8497
Batch 10610 | Loss: 3.8280 | Perplexity: 45.9720
Batch 10620 | Loss: 3.7278 | Perplexity: 41.5890
Batch 10630 | Loss: 3.6981 | Perplexity: 40.3703
Batch 10640 | Loss: 3.7234 | Perplexity: 41.4064
Batch 10650 | Loss: 3.7367 | Perplexity: 41.9574
Batch 10660 | Loss: 3.7439 | Perplexity: 42.2637
Batch 10670 | Loss: 3.7305 | Perplexity: 41.7015
Batch 10680 | Loss: 3.7763 | Perplexity: 43.6543
Batch 10690 | Loss: 3.7549 | Perplexity: 42.7278
Batch 10700 | Loss: 3.7373 | Perplexity: 41.9856
Batch 10710 | Loss: 3.7181 | Perplexity: 41.1867
Batch 10720 | Loss: 3.7050 | Perplexity: 40.6492
Batch 10730 | Loss: 3.7715 | Perplexity: 43.4446
Batch 10740 | Loss: 3.6875 | Perplexity: 39.9444
Batch 10750 | Loss: 3.7211 | Perplexity: 41.3103
Batch 10760 | Loss: 3.7342 | Perplexity: 41.8536
Batch 10770 | Loss: 3.7230 | Perplexity: 41.3875
Batch 10780 | Loss: 3.6292 | Perplexity: 37.6821
Batch 10790 | Loss: 3.6980 | Perplexity: 40.3668
Batch 10800 | Loss: 3.7713 | Perplexity: 43.4368
Batch 10810 | Loss: 3.6696 | Perplexity: 39.2350
Batch 10820 | Loss: 3.7465 | Perplexity: 42.3709
Batch 10830 | Loss: 3.6983 | Perplexity: 40.3800
Batch 10840 | Loss: 3.7459 | Perplexity: 42.3480
Batch 10850 | Loss: 3.6916 | Perplexity: 40.1088
Batch 10860 | Loss: 3.7154 | Perplexity: 41.0732
Batch 10870 | Loss: 3.7427 | Perplexity: 42.2133
Batch 10880 | Loss: 3.7272 | Perplexity: 41.5640
Batch 10890 | Loss: 3.7640 | Perplexity: 43.1210
Batch 10900 | Loss: 3.6660 | Perplexity: 39.0958
Batch 10910 | Loss: 3.6916 | Perplexity: 40.1074
Batch 10920 | Loss: 3.6971 | Perplexity: 40.3307
Batch 10930 | Loss: 3.7208 | Perplexity: 41.2954
Batch 10940 | Loss: 3.6932 | Perplexity: 40.1743
Batch 10950 | Loss: 3.6805 | Perplexity: 39.6670
Batch 10960 | Loss: 3.7049 | Perplexity: 40.6453
Batch 10970 | Loss: 3.7089 | Perplexity: 40.8091
Batch 10980 | Loss: 3.7255 | Perplexity: 41.4939
Batch 10990 | Loss: 3.7056 | Perplexity: 40.6752
Epoch 21 | Loss: 3.4507 | Perplexity: 31.5216
Batch 11000 | Loss: 3.6701 | Perplexity: 39.2551
Batch 11010 | Loss: 3.6706 | Perplexity: 39.2740
Batch 11020 | Loss: 3.8144 | Perplexity: 45.3492
Batch 11030 | Loss: 3.6858 | Perplexity: 39.8776
Batch 11040 | Loss: 3.6903 | Perplexity: 40.0577
Batch 11050 | Loss: 3.6922 | Perplexity: 40.1344
Batch 11060 | Loss: 3.7339 | Perplexity: 41.8417
Batch 11070 | Loss: 3.7346 | Perplexity: 41.8693
Batch 11080 | Loss: 3.6814 | Perplexity: 39.7029
Batch 11090 | Loss: 3.6940 | Perplexity: 40.2073
Batch 11100 | Loss: 3.7462 | Perplexity: 42.3585
Batch 11110 | Loss: 3.6792 | Perplexity: 39.6160
Batch 11120 | Loss: 3.6862 | Perplexity: 39.8933
Batch 11130 | Loss: 3.6975 | Perplexity: 40.3467
Batch 11140 | Loss: 3.7492 | Perplexity: 42.4875
Batch 11150 | Loss: 3.6694 | Perplexity: 39.2283
Batch 11160 | Loss: 3.7107 | Perplexity: 40.8841
Batch 11170 | Loss: 3.7478 | Perplexity: 42.4266
Batch 11180 | Loss: 3.7356 | Perplexity: 41.9133
Batch 11190 | Loss: 3.7893 | Perplexity: 44.2236
Batch 11200 | Loss: 3.6898 | Perplexity: 40.0383
Batch 11210 | Loss: 3.7792 | Perplexity: 43.7807
Batch 11220 | Loss: 3.7285 | Perplexity: 41.6175
Batch 11230 | Loss: 3.6705 | Perplexity: 39.2726
Batch 11240 | Loss: 3.7164 | Perplexity: 41.1158
Batch 11250 | Loss: 3.6581 | Perplexity: 38.7872
Batch 11260 | Loss: 3.6790 | Perplexity: 39.6058
Batch 11270 | Loss: 3.6864 | Perplexity: 39.9010
Batch 11280 | Loss: 3.6924 | Perplexity: 40.1420
Batch 11290 | Loss: 3.7237 | Perplexity: 41.4175
Batch 11300 | Loss: 3.7539 | Perplexity: 42.6870
Batch 11310 | Loss: 3.6649 | Perplexity: 39.0511
Batch 11320 | Loss: 3.7032 | Perplexity: 40.5784
Batch 11330 | Loss: 3.7471 | Perplexity: 42.3984
Batch 11340 | Loss: 3.6768 | Perplexity: 39.5181
Batch 11350 | Loss: 3.7375 | Perplexity: 41.9948
Batch 11360 | Loss: 3.7702 | Perplexity: 43.3892
Batch 11370 | Loss: 3.6955 | Perplexity: 40.2668
Batch 11380 | Loss: 3.6964 | Perplexity: 40.3013
Batch 11390 | Loss: 3.6481 | Perplexity: 38.4005
Batch 11400 | Loss: 3.6348 | Perplexity: 37.8932
Batch 11410 | Loss: 3.6906 | Perplexity: 40.0703
Batch 11420 | Loss: 3.7476 | Perplexity: 42.4191
Batch 11430 | Loss: 3.7053 | Perplexity: 40.6637
Batch 11440 | Loss: 3.7304 | Perplexity: 41.6944
Batch 11450 | Loss: 3.6972 | Perplexity: 40.3332
Batch 11460 | Loss: 3.7016 | Perplexity: 40.5109
Batch 11470 | Loss: 3.6946 | Perplexity: 40.2295
Batch 11480 | Loss: 3.6790 | Perplexity: 39.6083
Batch 11490 | Loss: 3.6997 | Perplexity: 40.4345
Epoch 22 | Loss: 3.6435 | Perplexity: 38.2254
Batch 11500 | Loss: 3.6876 | Perplexity: 39.9473
Batch 11510 | Loss: 3.6680 | Perplexity: 39.1722
Batch 11520 | Loss: 3.7455 | Perplexity: 42.3308
Batch 11530 | Loss: 3.8163 | Perplexity: 45.4362
Batch 11540 | Loss: 3.6954 | Perplexity: 40.2608
Batch 11550 | Loss: 3.5950 | Perplexity: 36.4166
Batch 11560 | Loss: 3.7819 | Perplexity: 43.8984
Batch 11570 | Loss: 3.7049 | Perplexity: 40.6457
Batch 11580 | Loss: 3.7214 | Perplexity: 41.3212
Batch 11590 | Loss: 3.7205 | Perplexity: 41.2846
Batch 11600 | Loss: 3.7288 | Perplexity: 41.6271
Batch 11610 | Loss: 3.6668 | Perplexity: 39.1266
Batch 11620 | Loss: 3.6754 | Perplexity: 39.4663
Batch 11630 | Loss: 3.7858 | Perplexity: 44.0704
Batch 11640 | Loss: 3.7003 | Perplexity: 40.4605
Batch 11650 | Loss: 3.6176 | Perplexity: 37.2463
Batch 11660 | Loss: 3.6668 | Perplexity: 39.1279
Batch 11670 | Loss: 3.6628 | Perplexity: 38.9713
Batch 11680 | Loss: 3.6627 | Perplexity: 38.9647
Batch 11690 | Loss: 3.7710 | Perplexity: 43.4251
Batch 11700 | Loss: 3.7204 | Perplexity: 41.2798
Batch 11710 | Loss: 3.7051 | Perplexity: 40.6550
Batch 11720 | Loss: 3.6216 | Perplexity: 37.3985
Batch 11730 | Loss: 3.7125 | Perplexity: 40.9579
Batch 11740 | Loss: 3.7072 | Perplexity: 40.7404
Batch 11750 | Loss: 3.7029 | Perplexity: 40.5634
Batch 11760 | Loss: 3.7357 | Perplexity: 41.9182
Batch 11770 | Loss: 3.6649 | Perplexity: 39.0537
Batch 11780 | Loss: 3.6590 | Perplexity: 38.8210
Batch 11790 | Loss: 3.6854 | Perplexity: 39.8618
Batch 11800 | Loss: 3.6424 | Perplexity: 38.1816
Batch 11810 | Loss: 3.7143 | Perplexity: 41.0310
Batch 11820 | Loss: 3.7993 | Perplexity: 44.6715
Batch 11830 | Loss: 3.6911 | Perplexity: 40.0907
Batch 11840 | Loss: 3.7414 | Perplexity: 42.1568
Batch 11850 | Loss: 3.6828 | Perplexity: 39.7563
Batch 11860 | Loss: 3.7361 | Perplexity: 41.9335
Batch 11870 | Loss: 3.7537 | Perplexity: 42.6787
Batch 11880 | Loss: 3.6846 | Perplexity: 39.8281
Batch 11890 | Loss: 3.6650 | Perplexity: 39.0555
Batch 11900 | Loss: 3.7036 | Perplexity: 40.5926
Batch 11910 | Loss: 3.7110 | Perplexity: 40.8965
Batch 11920 | Loss: 3.7194 | Perplexity: 41.2382
Batch 11930 | Loss: 3.6754 | Perplexity: 39.4631
Batch 11940 | Loss: 3.6878 | Perplexity: 39.9583
Batch 11950 | Loss: 3.6603 | Perplexity: 38.8720
Batch 11960 | Loss: 3.6840 | Perplexity: 39.8034
Batch 11970 | Loss: 3.7259 | Perplexity: 41.5083
Batch 11980 | Loss: 3.7346 | Perplexity: 41.8733
Batch 11990 | Loss: 3.7029 | Perplexity: 40.5636
Epoch 23 | Loss: 3.6058 | Perplexity: 36.8121
Batch 12000 | Loss: 3.7600 | Perplexity: 42.9505
Batch 12010 | Loss: 3.6899 | Perplexity: 40.0414
Batch 12020 | Loss: 3.6941 | Perplexity: 40.2111
Batch 12030 | Loss: 3.7507 | Perplexity: 42.5499
Batch 12040 | Loss: 3.6292 | Perplexity: 37.6811
Batch 12050 | Loss: 3.7170 | Perplexity: 41.1389
Batch 12060 | Loss: 3.7293 | Perplexity: 41.6505
Batch 12070 | Loss: 3.6944 | Perplexity: 40.2234
Batch 12080 | Loss: 3.5823 | Perplexity: 35.9576
Batch 12090 | Loss: 3.7246 | Perplexity: 41.4532
Batch 12100 | Loss: 3.7771 | Perplexity: 43.6884
Batch 12110 | Loss: 3.6734 | Perplexity: 39.3869
Batch 12120 | Loss: 3.7071 | Perplexity: 40.7346
Batch 12130 | Loss: 3.6788 | Perplexity: 39.5974
Batch 12140 | Loss: 3.7023 | Perplexity: 40.5421
Batch 12150 | Loss: 3.7438 | Perplexity: 42.2573
Batch 12160 | Loss: 3.7221 | Perplexity: 41.3504
Batch 12170 | Loss: 3.7813 | Perplexity: 43.8720
Batch 12180 | Loss: 3.6591 | Perplexity: 38.8271
Batch 12190 | Loss: 3.7228 | Perplexity: 41.3787
Batch 12200 | Loss: 3.6988 | Perplexity: 40.3979
Batch 12210 | Loss: 3.7594 | Perplexity: 42.9243
Batch 12220 | Loss: 3.7014 | Perplexity: 40.5024
Batch 12230 | Loss: 3.7007 | Perplexity: 40.4744
Batch 12240 | Loss: 3.6613 | Perplexity: 38.9114
Batch 12250 | Loss: 3.7051 | Perplexity: 40.6527
Batch 12260 | Loss: 3.6578 | Perplexity: 38.7760
Batch 12270 | Loss: 3.6191 | Perplexity: 37.3024
Batch 12280 | Loss: 3.7504 | Perplexity: 42.5386
Batch 12290 | Loss: 3.7069 | Perplexity: 40.7254
Batch 12300 | Loss: 3.6803 | Perplexity: 39.6590
Batch 12310 | Loss: 3.6466 | Perplexity: 38.3443
Batch 12320 | Loss: 3.7277 | Perplexity: 41.5834
Batch 12330 | Loss: 3.6549 | Perplexity: 38.6641
Batch 12340 | Loss: 3.7624 | Perplexity: 43.0502
Batch 12350 | Loss: 3.6494 | Perplexity: 38.4534
Batch 12360 | Loss: 3.5927 | Perplexity: 36.3334
Batch 12370 | Loss: 3.7207 | Perplexity: 41.2951
Batch 12380 | Loss: 3.7009 | Perplexity: 40.4832
Batch 12390 | Loss: 3.6819 | Perplexity: 39.7216
Batch 12400 | Loss: 3.7243 | Perplexity: 41.4423
Batch 12410 | Loss: 3.6635 | Perplexity: 38.9995
Batch 12420 | Loss: 3.6843 | Perplexity: 39.8171
Batch 12430 | Loss: 3.6441 | Perplexity: 38.2492
Batch 12440 | Loss: 3.6425 | Perplexity: 38.1853
Batch 12450 | Loss: 3.6569 | Perplexity: 38.7400
Batch 12460 | Loss: 3.7170 | Perplexity: 41.1403
Batch 12470 | Loss: 3.7216 | Perplexity: 41.3316
Batch 12480 | Loss: 3.6795 | Perplexity: 39.6255
Batch 12490 | Loss: 3.6961 | Perplexity: 40.2906
Epoch 24 | Loss: 3.8295 | Perplexity: 46.0414
Batch 12500 | Loss: 3.6682 | Perplexity: 39.1832
Batch 12510 | Loss: 3.6754 | Perplexity: 39.4633
Batch 12520 | Loss: 3.7224 | Perplexity: 41.3622
Batch 12530 | Loss: 3.7151 | Perplexity: 41.0642
Batch 12540 | Loss: 3.7058 | Perplexity: 40.6815
Batch 12550 | Loss: 3.6874 | Perplexity: 39.9403
Batch 12560 | Loss: 3.6384 | Perplexity: 38.0315
Batch 12570 | Loss: 3.6918 | Perplexity: 40.1186
Batch 12580 | Loss: 3.6743 | Perplexity: 39.4212
Batch 12590 | Loss: 3.7534 | Perplexity: 42.6641
Batch 12600 | Loss: 3.6897 | Perplexity: 40.0319
Batch 12610 | Loss: 3.7102 | Perplexity: 40.8619
Batch 12620 | Loss: 3.6830 | Perplexity: 39.7671
Batch 12630 | Loss: 3.7431 | Perplexity: 42.2307
Batch 12640 | Loss: 3.6914 | Perplexity: 40.1015
Batch 12650 | Loss: 3.6821 | Perplexity: 39.7298
Batch 12660 | Loss: 3.6773 | Perplexity: 39.5405
Batch 12670 | Loss: 3.7652 | Perplexity: 43.1733
Batch 12680 | Loss: 3.7193 | Perplexity: 41.2362
Batch 12690 | Loss: 3.6191 | Perplexity: 37.3036
Batch 12700 | Loss: 3.6854 | Perplexity: 39.8621
Batch 12710 | Loss: 3.6967 | Perplexity: 40.3142
Batch 12720 | Loss: 3.7139 | Perplexity: 41.0127
Batch 12730 | Loss: 3.6298 | Perplexity: 37.7068
Batch 12740 | Loss: 3.6473 | Perplexity: 38.3721
Batch 12750 | Loss: 3.6871 | Perplexity: 39.9290
Batch 12760 | Loss: 3.6869 | Perplexity: 39.9190
Batch 12770 | Loss: 3.7089 | Perplexity: 40.8076
Batch 12780 | Loss: 3.6202 | Perplexity: 37.3438
Batch 12790 | Loss: 3.6600 | Perplexity: 38.8613
Batch 12800 | Loss: 3.6905 | Perplexity: 40.0654
Batch 12810 | Loss: 3.6791 | Perplexity: 39.6124
Batch 12820 | Loss: 3.6349 | Perplexity: 37.8990
Batch 12830 | Loss: 3.6686 | Perplexity: 39.1981
Batch 12840 | Loss: 3.7000 | Perplexity: 40.4459
Batch 12850 | Loss: 3.6214 | Perplexity: 37.3913
Batch 12860 | Loss: 3.6194 | Perplexity: 37.3151
Batch 12870 | Loss: 3.6420 | Perplexity: 38.1663
Batch 12880 | Loss: 3.6535 | Perplexity: 38.6099
Batch 12890 | Loss: 3.6749 | Perplexity: 39.4433
Batch 12900 | Loss: 3.6998 | Perplexity: 40.4410
Batch 12910 | Loss: 3.5611 | Perplexity: 35.2007
Batch 12920 | Loss: 3.7438 | Perplexity: 42.2601
Batch 12930 | Loss: 3.6766 | Perplexity: 39.5120
Batch 12940 | Loss: 3.7347 | Perplexity: 41.8742
Batch 12950 | Loss: 3.6964 | Perplexity: 40.3025
Batch 12960 | Loss: 3.6789 | Perplexity: 39.6014
Batch 12970 | Loss: 3.6974 | Perplexity: 40.3406
Batch 12980 | Loss: 3.6753 | Perplexity: 39.4607
Batch 12990 | Loss: 3.6720 | Perplexity: 39.3324
Epoch 25 | Loss: 3.7111 | Perplexity: 40.9004
Succesfully saved parameters to path
Batch 13000 | Loss: 3.7035 | Perplexity: 40.5908
Batch 13010 | Loss: 3.6819 | Perplexity: 39.7209
Batch 13020 | Loss: 3.6400 | Perplexity: 38.0911
Batch 13030 | Loss: 3.6541 | Perplexity: 38.6319
Batch 13040 | Loss: 3.6025 | Perplexity: 36.6896
Batch 13050 | Loss: 3.7545 | Perplexity: 42.7123
Batch 13060 | Loss: 3.6921 | Perplexity: 40.1285
Batch 13070 | Loss: 3.7052 | Perplexity: 40.6590
Batch 13080 | Loss: 3.7236 | Perplexity: 41.4151
Batch 13090 | Loss: 3.7198 | Perplexity: 41.2542
Batch 13100 | Loss: 3.7044 | Perplexity: 40.6252
Batch 13110 | Loss: 3.6626 | Perplexity: 38.9632
Batch 13120 | Loss: 3.6652 | Perplexity: 39.0625
Batch 13130 | Loss: 3.6823 | Perplexity: 39.7379
Batch 13140 | Loss: 3.6775 | Perplexity: 39.5490
Batch 13150 | Loss: 3.6507 | Perplexity: 38.5020
Batch 13160 | Loss: 3.6482 | Perplexity: 38.4046
Batch 13170 | Loss: 3.6918 | Perplexity: 40.1184
Batch 13180 | Loss: 3.6335 | Perplexity: 37.8455
Batch 13190 | Loss: 3.6679 | Perplexity: 39.1686
Batch 13200 | Loss: 3.6497 | Perplexity: 38.4625
Batch 13210 | Loss: 3.6757 | Perplexity: 39.4753
Batch 13220 | Loss: 3.7015 | Perplexity: 40.5084
Batch 13230 | Loss: 3.6698 | Perplexity: 39.2448
Batch 13240 | Loss: 3.6746 | Perplexity: 39.4328
Batch 13250 | Loss: 3.7004 | Perplexity: 40.4630
Batch 13260 | Loss: 3.7212 | Perplexity: 41.3126
Batch 13270 | Loss: 3.6694 | Perplexity: 39.2286
Batch 13280 | Loss: 3.7346 | Perplexity: 41.8698
Batch 13290 | Loss: 3.6490 | Perplexity: 38.4377
Batch 13300 | Loss: 3.6669 | Perplexity: 39.1306
Batch 13310 | Loss: 3.6805 | Perplexity: 39.6681
Batch 13320 | Loss: 3.6700 | Perplexity: 39.2504
Batch 13330 | Loss: 3.6243 | Perplexity: 37.4967
Batch 13340 | Loss: 3.6896 | Perplexity: 40.0297
Batch 13350 | Loss: 3.6390 | Perplexity: 38.0542
Batch 13360 | Loss: 3.6699 | Perplexity: 39.2476
Batch 13370 | Loss: 3.6687 | Perplexity: 39.2009
Batch 13380 | Loss: 3.6662 | Perplexity: 39.1034
Batch 13390 | Loss: 3.6659 | Perplexity: 39.0932
Batch 13400 | Loss: 3.7223 | Perplexity: 41.3599
Batch 13410 | Loss: 3.6533 | Perplexity: 38.6006
Batch 13420 | Loss: 3.6297 | Perplexity: 37.7008
Batch 13430 | Loss: 3.6746 | Perplexity: 39.4315
Batch 13440 | Loss: 3.6291 | Perplexity: 37.6804
Batch 13450 | Loss: 3.6788 | Perplexity: 39.5977
Batch 13460 | Loss: 3.6562 | Perplexity: 38.7148
Batch 13470 | Loss: 3.6246 | Perplexity: 37.5104
Batch 13480 | Loss: 3.6817 | Perplexity: 39.7140
Batch 13490 | Loss: 3.6249 | Perplexity: 37.5223
Epoch 26 | Loss: 3.6899 | Perplexity: 40.0395
Batch 13500 | Loss: 3.6783 | Perplexity: 39.5792
Batch 13510 | Loss: 3.6909 | Perplexity: 40.0798
Batch 13520 | Loss: 3.6688 | Perplexity: 39.2068
Batch 13530 | Loss: 3.6644 | Perplexity: 39.0311
Batch 13540 | Loss: 3.6206 | Perplexity: 37.3616
Batch 13550 | Loss: 3.6993 | Perplexity: 40.4210
Batch 13560 | Loss: 3.6171 | Perplexity: 37.2303
Batch 13570 | Loss: 3.6969 | Perplexity: 40.3241
Batch 13580 | Loss: 3.6440 | Perplexity: 38.2435
Batch 13590 | Loss: 3.6673 | Perplexity: 39.1476
Batch 13600 | Loss: 3.6585 | Perplexity: 38.8039
Batch 13610 | Loss: 3.7210 | Perplexity: 41.3073
Batch 13620 | Loss: 3.6688 | Perplexity: 39.2038
Batch 13630 | Loss: 3.6857 | Perplexity: 39.8740
Batch 13640 | Loss: 3.7176 | Perplexity: 41.1640
Batch 13650 | Loss: 3.6467 | Perplexity: 38.3477
Batch 13660 | Loss: 3.6085 | Perplexity: 36.9097
Batch 13670 | Loss: 3.6980 | Perplexity: 40.3662
Batch 13680 | Loss: 3.7200 | Perplexity: 41.2648
Batch 13690 | Loss: 3.7049 | Perplexity: 40.6468
Batch 13700 | Loss: 3.7046 | Perplexity: 40.6355
Batch 13710 | Loss: 3.6878 | Perplexity: 39.9588
Batch 13720 | Loss: 3.6472 | Perplexity: 38.3668
Batch 13730 | Loss: 3.6216 | Perplexity: 37.3972
Batch 13740 | Loss: 3.7112 | Perplexity: 40.9042
Batch 13750 | Loss: 3.7827 | Perplexity: 43.9358
Batch 13760 | Loss: 3.6303 | Perplexity: 37.7230
Batch 13770 | Loss: 3.6843 | Perplexity: 39.8164
Batch 13780 | Loss: 3.7088 | Perplexity: 40.8029
Batch 13790 | Loss: 3.6459 | Perplexity: 38.3158
Batch 13800 | Loss: 3.5939 | Perplexity: 36.3758
Batch 13810 | Loss: 3.6991 | Perplexity: 40.4090
Batch 13820 | Loss: 3.7331 | Perplexity: 41.8092
Batch 13830 | Loss: 3.7046 | Perplexity: 40.6331
Batch 13840 | Loss: 3.7360 | Perplexity: 41.9298
Batch 13850 | Loss: 3.6596 | Perplexity: 38.8470
Batch 13860 | Loss: 3.6689 | Perplexity: 39.2104
Batch 13870 | Loss: 3.6423 | Perplexity: 38.1813
Batch 13880 | Loss: 3.6614 | Perplexity: 38.9155
Batch 13890 | Loss: 3.6888 | Perplexity: 39.9984
Batch 13900 | Loss: 3.6060 | Perplexity: 36.8191
Batch 13910 | Loss: 3.6686 | Perplexity: 39.1957
Batch 13920 | Loss: 3.7139 | Perplexity: 41.0127
Batch 13930 | Loss: 3.6264 | Perplexity: 37.5770
Batch 13940 | Loss: 3.6811 | Perplexity: 39.6910
Batch 13950 | Loss: 3.6505 | Perplexity: 38.4938
Batch 13960 | Loss: 3.6546 | Perplexity: 38.6509
Batch 13970 | Loss: 3.7270 | Perplexity: 41.5555
Batch 13980 | Loss: 3.6082 | Perplexity: 36.9003
Batch 13990 | Loss: 3.6504 | Perplexity: 38.4902
Epoch 27 | Loss: 3.8312 | Perplexity: 46.1180
Batch 14000 | Loss: 3.6196 | Perplexity: 37.3233
Batch 14010 | Loss: 3.7401 | Perplexity: 42.1012
Batch 14020 | Loss: 3.6348 | Perplexity: 37.8958
Batch 14030 | Loss: 3.6907 | Perplexity: 40.0726
Batch 14040 | Loss: 3.7047 | Perplexity: 40.6385
Batch 14050 | Loss: 3.6217 | Perplexity: 37.3997
Batch 14060 | Loss: 3.6925 | Perplexity: 40.1458
Batch 14070 | Loss: 3.7415 | Perplexity: 42.1605
Batch 14080 | Loss: 3.6408 | Perplexity: 38.1239
Batch 14090 | Loss: 3.6219 | Perplexity: 37.4083
Batch 14100 | Loss: 3.6551 | Perplexity: 38.6698
Batch 14110 | Loss: 3.5747 | Perplexity: 35.6851
Batch 14120 | Loss: 3.6623 | Perplexity: 38.9492
Batch 14130 | Loss: 3.6801 | Perplexity: 39.6505
Batch 14140 | Loss: 3.6559 | Perplexity: 38.7021
Batch 14150 | Loss: 3.6604 | Perplexity: 38.8770
Batch 14160 | Loss: 3.6552 | Perplexity: 38.6750
Batch 14170 | Loss: 3.6225 | Perplexity: 37.4322
Batch 14180 | Loss: 3.6146 | Perplexity: 37.1350
Batch 14190 | Loss: 3.6440 | Perplexity: 38.2439
Batch 14200 | Loss: 3.6682 | Perplexity: 39.1826
Batch 14210 | Loss: 3.6679 | Perplexity: 39.1689
Batch 14220 | Loss: 3.6778 | Perplexity: 39.5606
Batch 14230 | Loss: 3.6933 | Perplexity: 40.1790
Batch 14240 | Loss: 3.6653 | Perplexity: 39.0684
Batch 14250 | Loss: 3.6991 | Perplexity: 40.4101
Batch 14260 | Loss: 3.6101 | Perplexity: 36.9703
Batch 14270 | Loss: 3.6339 | Perplexity: 37.8611
Batch 14280 | Loss: 3.6003 | Perplexity: 36.6105
Batch 14290 | Loss: 3.6802 | Perplexity: 39.6553
Batch 14300 | Loss: 3.6833 | Perplexity: 39.7792
Batch 14310 | Loss: 3.7089 | Perplexity: 40.8100
Batch 14320 | Loss: 3.6408 | Perplexity: 38.1232
Batch 14330 | Loss: 3.6312 | Perplexity: 37.7587
Batch 14340 | Loss: 3.6294 | Perplexity: 37.6894
Batch 14350 | Loss: 3.5995 | Perplexity: 36.5796
Batch 14360 | Loss: 3.6629 | Perplexity: 38.9724
Batch 14370 | Loss: 3.6091 | Perplexity: 36.9325
Batch 14380 | Loss: 3.6594 | Perplexity: 38.8387
Batch 14390 | Loss: 3.6100 | Perplexity: 36.9657
Batch 14400 | Loss: 3.5776 | Perplexity: 35.7878
Batch 14410 | Loss: 3.6368 | Perplexity: 37.9695
Batch 14420 | Loss: 3.6299 | Perplexity: 37.7105
Batch 14430 | Loss: 3.6520 | Perplexity: 38.5512
Batch 14440 | Loss: 3.6160 | Perplexity: 37.1891
Batch 14450 | Loss: 3.6937 | Perplexity: 40.1916
Batch 14460 | Loss: 3.5696 | Perplexity: 35.5025
Batch 14470 | Loss: 3.6815 | Perplexity: 39.7079
Batch 14480 | Loss: 3.6643 | Perplexity: 39.0282
Batch 14490 | Loss: 3.6700 | Perplexity: 39.2508
Epoch 28 | Loss: 3.6722 | Perplexity: 39.3369
Batch 14500 | Loss: 3.6614 | Perplexity: 38.9176
Batch 14510 | Loss: 3.6589 | Perplexity: 38.8196
Batch 14520 | Loss: 3.6899 | Perplexity: 40.0419
Batch 14530 | Loss: 3.6574 | Perplexity: 38.7617
Batch 14540 | Loss: 3.7079 | Perplexity: 40.7672
Batch 14550 | Loss: 3.7127 | Perplexity: 40.9653
Batch 14560 | Loss: 3.6945 | Perplexity: 40.2239
Batch 14570 | Loss: 3.6333 | Perplexity: 37.8378
Batch 14580 | Loss: 3.5771 | Perplexity: 35.7688
Batch 14590 | Loss: 3.6405 | Perplexity: 38.1112
Batch 14600 | Loss: 3.6762 | Perplexity: 39.4963
Batch 14610 | Loss: 3.6866 | Perplexity: 39.9083
Batch 14620 | Loss: 3.6546 | Perplexity: 38.6503
Batch 14630 | Loss: 3.6434 | Perplexity: 38.2202
Batch 14640 | Loss: 3.6430 | Perplexity: 38.2044
Batch 14650 | Loss: 3.6377 | Perplexity: 38.0057
Batch 14660 | Loss: 3.6698 | Perplexity: 39.2453
Batch 14670 | Loss: 3.6044 | Perplexity: 36.7580
Batch 14680 | Loss: 3.6412 | Perplexity: 38.1373
Batch 14690 | Loss: 3.7104 | Perplexity: 40.8710
Batch 14700 | Loss: 3.6371 | Perplexity: 37.9830
Batch 14710 | Loss: 3.6508 | Perplexity: 38.5052
Batch 14720 | Loss: 3.6321 | Perplexity: 37.7905
Batch 14730 | Loss: 3.6042 | Perplexity: 36.7538
Batch 14740 | Loss: 3.6803 | Perplexity: 39.6595
Batch 14750 | Loss: 3.6594 | Perplexity: 38.8367
Batch 14760 | Loss: 3.6376 | Perplexity: 38.0001
Batch 14770 | Loss: 3.6488 | Perplexity: 38.4285
Batch 14780 | Loss: 3.7293 | Perplexity: 41.6503
Batch 14790 | Loss: 3.6886 | Perplexity: 39.9899
Batch 14800 | Loss: 3.6498 | Perplexity: 38.4661
Batch 14810 | Loss: 3.7171 | Perplexity: 41.1431
Batch 14820 | Loss: 3.7637 | Perplexity: 43.1067
Batch 14830 | Loss: 3.6358 | Perplexity: 37.9335
Batch 14840 | Loss: 3.5926 | Perplexity: 36.3279
Batch 14850 | Loss: 3.6168 | Perplexity: 37.2184
Batch 14860 | Loss: 3.6298 | Perplexity: 37.7055
Batch 14870 | Loss: 3.6674 | Perplexity: 39.1511
Batch 14880 | Loss: 3.6406 | Perplexity: 38.1140
Batch 14890 | Loss: 3.6280 | Perplexity: 37.6389
Batch 14900 | Loss: 3.6420 | Perplexity: 38.1670
Batch 14910 | Loss: 3.6182 | Perplexity: 37.2699
Batch 14920 | Loss: 3.7592 | Perplexity: 42.9129
Batch 14930 | Loss: 3.6537 | Perplexity: 38.6185
Batch 14940 | Loss: 3.6417 | Perplexity: 38.1578
Batch 14950 | Loss: 3.6606 | Perplexity: 38.8838
Batch 14960 | Loss: 3.5757 | Perplexity: 35.7194
Batch 14970 | Loss: 3.7066 | Perplexity: 40.7140
Batch 14980 | Loss: 3.6946 | Perplexity: 40.2301
Batch 14990 | Loss: 3.5949 | Perplexity: 36.4111
Epoch 29 | Loss: 3.5955 | Perplexity: 36.4324
Batch 15000 | Loss: 3.6234 | Perplexity: 37.4645
Batch 15010 | Loss: 3.6658 | Perplexity: 39.0869
Batch 15020 | Loss: 3.6551 | Perplexity: 38.6729
Batch 15030 | Loss: 3.6877 | Perplexity: 39.9514
Batch 15040 | Loss: 3.7029 | Perplexity: 40.5656
Batch 15050 | Loss: 3.6594 | Perplexity: 38.8361
Batch 15060 | Loss: 3.6492 | Perplexity: 38.4454
Batch 15070 | Loss: 3.6950 | Perplexity: 40.2437
Batch 15080 | Loss: 3.5722 | Perplexity: 35.5937
Batch 15090 | Loss: 3.6199 | Perplexity: 37.3333
Batch 15100 | Loss: 3.5603 | Perplexity: 35.1751
Batch 15110 | Loss: 3.6203 | Perplexity: 37.3499
Batch 15120 | Loss: 3.6054 | Perplexity: 36.7946
Batch 15130 | Loss: 3.6248 | Perplexity: 37.5188
Batch 15140 | Loss: 3.7018 | Perplexity: 40.5212
Batch 15150 | Loss: 3.6572 | Perplexity: 38.7532
Batch 15160 | Loss: 3.5954 | Perplexity: 36.4297
Batch 15170 | Loss: 3.6958 | Perplexity: 40.2775
Batch 15180 | Loss: 3.6547 | Perplexity: 38.6543
Batch 15190 | Loss: 3.6274 | Perplexity: 37.6154
Batch 15200 | Loss: 3.5844 | Perplexity: 36.0329
Batch 15210 | Loss: 3.6131 | Perplexity: 37.0816
Batch 15220 | Loss: 3.6069 | Perplexity: 36.8524
Batch 15230 | Loss: 3.6372 | Perplexity: 37.9838
Batch 15240 | Loss: 3.7188 | Perplexity: 41.2134
Batch 15250 | Loss: 3.6091 | Perplexity: 36.9320
Batch 15260 | Loss: 3.6324 | Perplexity: 37.8049
Batch 15270 | Loss: 3.5281 | Perplexity: 34.0577
Batch 15280 | Loss: 3.6384 | Perplexity: 38.0313
Batch 15290 | Loss: 3.7055 | Perplexity: 40.6690
Batch 15300 | Loss: 3.6221 | Perplexity: 37.4150
Batch 15310 | Loss: 3.6625 | Perplexity: 38.9589
Batch 15320 | Loss: 3.6258 | Perplexity: 37.5562
Batch 15330 | Loss: 3.6875 | Perplexity: 39.9430
Batch 15340 | Loss: 3.5675 | Perplexity: 35.4293
Batch 15350 | Loss: 3.5877 | Perplexity: 36.1509
Batch 15360 | Loss: 3.6521 | Perplexity: 38.5554
Batch 15370 | Loss: 3.5738 | Perplexity: 35.6535
Batch 15380 | Loss: 3.6289 | Perplexity: 37.6707
Batch 15390 | Loss: 3.6332 | Perplexity: 37.8333
Batch 15400 | Loss: 3.6195 | Perplexity: 37.3172
Batch 15410 | Loss: 3.6349 | Perplexity: 37.8984
Batch 15420 | Loss: 3.6095 | Perplexity: 36.9494
Batch 15430 | Loss: 3.6105 | Perplexity: 36.9854
Batch 15440 | Loss: 3.6153 | Perplexity: 37.1618
Batch 15450 | Loss: 3.6574 | Perplexity: 38.7620
Batch 15460 | Loss: 3.6340 | Perplexity: 37.8650
Batch 15470 | Loss: 3.6765 | Perplexity: 39.5086
Batch 15480 | Loss: 3.5990 | Perplexity: 36.5603
Batch 15490 | Loss: 3.6614 | Perplexity: 38.9152
Epoch 30 | Loss: 3.8913 | Perplexity: 48.9756
Succesfully saved parameters to path
Batch 15500 | Loss: 3.7010 | Perplexity: 40.4862
Batch 15510 | Loss: 3.6426 | Perplexity: 38.1899
Batch 15520 | Loss: 3.6368 | Perplexity: 37.9699
Batch 15530 | Loss: 3.6151 | Perplexity: 37.1560
Batch 15540 | Loss: 3.6391 | Perplexity: 38.0588
Batch 15550 | Loss: 3.5716 | Perplexity: 35.5718
Batch 15560 | Loss: 3.6684 | Perplexity: 39.1909
Batch 15570 | Loss: 3.5863 | Perplexity: 36.0985
Batch 15580 | Loss: 3.7734 | Perplexity: 43.5278
Batch 15590 | Loss: 3.6261 | Perplexity: 37.5654
Batch 15600 | Loss: 3.5749 | Perplexity: 35.6898
Batch 15610 | Loss: 3.6013 | Perplexity: 36.6465
Batch 15620 | Loss: 3.6050 | Perplexity: 36.7823
Batch 15630 | Loss: 3.7092 | Perplexity: 40.8225
Batch 15640 | Loss: 3.6164 | Perplexity: 37.2029
Batch 15650 | Loss: 3.6882 | Perplexity: 39.9709
Batch 15660 | Loss: 3.5679 | Perplexity: 35.4419
Batch 15670 | Loss: 3.6292 | Perplexity: 37.6828
Batch 15680 | Loss: 3.5680 | Perplexity: 35.4463
Batch 15690 | Loss: 3.6331 | Perplexity: 37.8282
Batch 15700 | Loss: 3.6700 | Perplexity: 39.2501
Batch 15710 | Loss: 3.6335 | Perplexity: 37.8448
Batch 15720 | Loss: 3.5929 | Perplexity: 36.3398
Batch 15730 | Loss: 3.6670 | Perplexity: 39.1325
Batch 15740 | Loss: 3.5847 | Perplexity: 36.0438
Batch 15750 | Loss: 3.6157 | Perplexity: 37.1755
Batch 15760 | Loss: 3.6118 | Perplexity: 37.0342
Batch 15770 | Loss: 3.5917 | Perplexity: 36.2958
Batch 15780 | Loss: 3.6791 | Perplexity: 39.6122
Batch 15790 | Loss: 3.6214 | Perplexity: 37.3902
Batch 15800 | Loss: 3.6480 | Perplexity: 38.3990
Batch 15810 | Loss: 3.6716 | Perplexity: 39.3153
Batch 15820 | Loss: 3.6231 | Perplexity: 37.4551
Batch 15830 | Loss: 3.6493 | Perplexity: 38.4462
Batch 15840 | Loss: 3.5942 | Perplexity: 36.3873
Batch 15850 | Loss: 3.6192 | Perplexity: 37.3071
Batch 15860 | Loss: 3.6290 | Perplexity: 37.6742
Batch 15870 | Loss: 3.6632 | Perplexity: 38.9872
Batch 15880 | Loss: 3.6633 | Perplexity: 38.9914
Batch 15890 | Loss: 3.6412 | Perplexity: 38.1393
Batch 15900 | Loss: 3.5692 | Perplexity: 35.4896
Batch 15910 | Loss: 3.6528 | Perplexity: 38.5824
Batch 15920 | Loss: 3.6725 | Perplexity: 39.3490
Batch 15930 | Loss: 3.6049 | Perplexity: 36.7777
Batch 15940 | Loss: 3.6163 | Perplexity: 37.1993
Batch 15950 | Loss: 3.6002 | Perplexity: 36.6039
Batch 15960 | Loss: 3.6483 | Perplexity: 38.4104
Batch 15970 | Loss: 3.5802 | Perplexity: 35.8806
Batch 15980 | Loss: 3.6470 | Perplexity: 38.3587
Batch 15990 | Loss: 3.6004 | Perplexity: 36.6129
Epoch 31 | Loss: 3.6523 | Perplexity: 38.5619
Batch 16000 | Loss: 3.5948 | Perplexity: 36.4082
Batch 16010 | Loss: 3.6442 | Perplexity: 38.2536
Batch 16020 | Loss: 3.6236 | Perplexity: 37.4724
Batch 16030 | Loss: 3.6312 | Perplexity: 37.7600
Batch 16040 | Loss: 3.6041 | Perplexity: 36.7480
Batch 16050 | Loss: 3.5416 | Perplexity: 34.5210
Batch 16060 | Loss: 3.6065 | Perplexity: 36.8380
Batch 16070 | Loss: 3.6459 | Perplexity: 38.3177
Batch 16080 | Loss: 3.6710 | Perplexity: 39.2926
Batch 16090 | Loss: 3.6534 | Perplexity: 38.6075
Batch 16100 | Loss: 3.6239 | Perplexity: 37.4834
Batch 16110 | Loss: 3.6464 | Perplexity: 38.3379
Batch 16120 | Loss: 3.6332 | Perplexity: 37.8332
Batch 16130 | Loss: 3.5892 | Perplexity: 36.2054
Batch 16140 | Loss: 3.6386 | Perplexity: 38.0391
Batch 16150 | Loss: 3.5832 | Perplexity: 35.9903
Batch 16160 | Loss: 3.6770 | Perplexity: 39.5269
Batch 16170 | Loss: 3.6641 | Perplexity: 39.0226
Batch 16180 | Loss: 3.6735 | Perplexity: 39.3892
Batch 16190 | Loss: 3.6166 | Perplexity: 37.2112
Batch 16200 | Loss: 3.5731 | Perplexity: 35.6274
Batch 16210 | Loss: 3.5712 | Perplexity: 35.5597
Batch 16220 | Loss: 3.5928 | Perplexity: 36.3354
Batch 16230 | Loss: 3.6378 | Perplexity: 38.0083
Batch 16240 | Loss: 3.6075 | Perplexity: 36.8735
Batch 16250 | Loss: 3.6141 | Perplexity: 37.1180
Batch 16260 | Loss: 3.6145 | Perplexity: 37.1320
Batch 16270 | Loss: 3.6037 | Perplexity: 36.7346
Batch 16280 | Loss: 3.6563 | Perplexity: 38.7186
Batch 16290 | Loss: 3.5909 | Perplexity: 36.2666
Batch 16300 | Loss: 3.6074 | Perplexity: 36.8716
Batch 16310 | Loss: 3.5810 | Perplexity: 35.9104
Batch 16320 | Loss: 3.6643 | Perplexity: 39.0271
Batch 16330 | Loss: 3.6617 | Perplexity: 38.9256
Batch 16340 | Loss: 3.6757 | Perplexity: 39.4765
Batch 16350 | Loss: 3.6472 | Perplexity: 38.3662
Batch 16360 | Loss: 3.5789 | Perplexity: 35.8350
Batch 16370 | Loss: 3.6029 | Perplexity: 36.7048
Batch 16380 | Loss: 3.5911 | Perplexity: 36.2727
Batch 16390 | Loss: 3.5927 | Perplexity: 36.3317
Batch 16400 | Loss: 3.6139 | Perplexity: 37.1107
Batch 16410 | Loss: 3.6921 | Perplexity: 40.1303
Batch 16420 | Loss: 3.6255 | Perplexity: 37.5422
Batch 16430 | Loss: 3.6732 | Perplexity: 39.3769
Batch 16440 | Loss: 3.6181 | Perplexity: 37.2649
Batch 16450 | Loss: 3.6712 | Perplexity: 39.2979
Batch 16460 | Loss: 3.6274 | Perplexity: 37.6135
Batch 16470 | Loss: 3.6352 | Perplexity: 37.9095
Batch 16480 | Loss: 3.6284 | Perplexity: 37.6541
Batch 16490 | Loss: 3.6425 | Perplexity: 38.1866
Epoch 32 | Loss: 3.6366 | Perplexity: 37.9612
Batch 16500 | Loss: 3.6302 | Perplexity: 37.7221
Batch 16510 | Loss: 3.6463 | Perplexity: 38.3314
Batch 16520 | Loss: 3.6233 | Perplexity: 37.4594
Batch 16530 | Loss: 3.5564 | Perplexity: 35.0365
Batch 16540 | Loss: 3.6599 | Perplexity: 38.8559
Batch 16550 | Loss: 3.6287 | Perplexity: 37.6632
Batch 16560 | Loss: 3.5856 | Perplexity: 36.0735
Batch 16570 | Loss: 3.7063 | Perplexity: 40.7023
Batch 16580 | Loss: 3.5540 | Perplexity: 34.9543
Batch 16590 | Loss: 3.6405 | Perplexity: 38.1107
Batch 16600 | Loss: 3.6046 | Perplexity: 36.7667
Batch 16610 | Loss: 3.6582 | Perplexity: 38.7901
Batch 16620 | Loss: 3.6034 | Perplexity: 36.7236
Batch 16630 | Loss: 3.6449 | Perplexity: 38.2793
Batch 16640 | Loss: 3.6360 | Perplexity: 37.9407
Batch 16650 | Loss: 3.6273 | Perplexity: 37.6097
Batch 16660 | Loss: 3.6754 | Perplexity: 39.4661
Batch 16670 | Loss: 3.6700 | Perplexity: 39.2522
Batch 16680 | Loss: 3.6309 | Perplexity: 37.7476
Batch 16690 | Loss: 3.6460 | Perplexity: 38.3214
Batch 16700 | Loss: 3.5287 | Perplexity: 34.0787
Batch 16710 | Loss: 3.6225 | Perplexity: 37.4327
Batch 16720 | Loss: 3.5895 | Perplexity: 36.2173
Batch 16730 | Loss: 3.6109 | Perplexity: 36.9986
Batch 16740 | Loss: 3.5792 | Perplexity: 35.8444
Batch 16750 | Loss: 3.6574 | Perplexity: 38.7612
Batch 16760 | Loss: 3.5791 | Perplexity: 35.8420
Batch 16770 | Loss: 3.5928 | Perplexity: 36.3373
Batch 16780 | Loss: 3.6270 | Perplexity: 37.6014
Batch 16790 | Loss: 3.6251 | Perplexity: 37.5292
Batch 16800 | Loss: 3.5673 | Perplexity: 35.4206
Batch 16810 | Loss: 3.5862 | Perplexity: 36.0984
Batch 16820 | Loss: 3.6530 | Perplexity: 38.5887
Batch 16830 | Loss: 3.6593 | Perplexity: 38.8354
Batch 16840 | Loss: 3.6495 | Perplexity: 38.4554
Batch 16850 | Loss: 3.5536 | Perplexity: 34.9393
Batch 16860 | Loss: 3.6304 | Perplexity: 37.7277
Batch 16870 | Loss: 3.6177 | Perplexity: 37.2534
Batch 16880 | Loss: 3.5971 | Perplexity: 36.4918
Batch 16890 | Loss: 3.7050 | Perplexity: 40.6494
Batch 16900 | Loss: 3.5806 | Perplexity: 35.8961
Batch 16910 | Loss: 3.5907 | Perplexity: 36.2590
Batch 16920 | Loss: 3.6137 | Perplexity: 37.1019
Batch 16930 | Loss: 3.6257 | Perplexity: 37.5499
Batch 16940 | Loss: 3.6354 | Perplexity: 37.9184
Batch 16950 | Loss: 3.5722 | Perplexity: 35.5953
Batch 16960 | Loss: 3.5836 | Perplexity: 36.0036
Batch 16970 | Loss: 3.6222 | Perplexity: 37.4198
Batch 16980 | Loss: 3.5611 | Perplexity: 35.2034
Batch 16990 | Loss: 3.7196 | Perplexity: 41.2475
Epoch 33 | Loss: 3.6384 | Perplexity: 38.0301
Batch 17000 | Loss: 3.5654 | Perplexity: 35.3528
Batch 17010 | Loss: 3.6119 | Perplexity: 37.0366
Batch 17020 | Loss: 3.5968 | Perplexity: 36.4819
Batch 17030 | Loss: 3.6189 | Perplexity: 37.2968
Batch 17040 | Loss: 3.6823 | Perplexity: 39.7389
Batch 17050 | Loss: 3.5957 | Perplexity: 36.4400
Batch 17060 | Loss: 3.6526 | Perplexity: 38.5755
Batch 17070 | Loss: 3.6629 | Perplexity: 38.9729
Batch 17080 | Loss: 3.7600 | Perplexity: 42.9486
Batch 17090 | Loss: 3.5124 | Perplexity: 33.5280
Batch 17100 | Loss: 3.6035 | Perplexity: 36.7257
Batch 17110 | Loss: 3.6438 | Perplexity: 38.2365
Batch 17120 | Loss: 3.6166 | Perplexity: 37.2122
Batch 17130 | Loss: 3.5687 | Perplexity: 35.4692
Batch 17140 | Loss: 3.6192 | Perplexity: 37.3066
Batch 17150 | Loss: 3.6058 | Perplexity: 36.8108
Batch 17160 | Loss: 3.5747 | Perplexity: 35.6846
Batch 17170 | Loss: 3.5791 | Perplexity: 35.8396
Batch 17180 | Loss: 3.5626 | Perplexity: 35.2536
Batch 17190 | Loss: 3.5153 | Perplexity: 33.6266
Batch 17200 | Loss: 3.6210 | Perplexity: 37.3746
Batch 17210 | Loss: 3.6680 | Perplexity: 39.1739
Batch 17220 | Loss: 3.6314 | Perplexity: 37.7647
Batch 17230 | Loss: 3.5692 | Perplexity: 35.4872
Batch 17240 | Loss: 3.5805 | Perplexity: 35.8921
Batch 17250 | Loss: 3.6501 | Perplexity: 38.4796
Batch 17260 | Loss: 3.5946 | Perplexity: 36.3996
Batch 17270 | Loss: 3.6200 | Perplexity: 37.3359
Batch 17280 | Loss: 3.5979 | Perplexity: 36.5207
Batch 17290 | Loss: 3.6384 | Perplexity: 38.0323
Batch 17300 | Loss: 3.6062 | Perplexity: 36.8265
Batch 17310 | Loss: 3.6828 | Perplexity: 39.7593
Batch 17320 | Loss: 3.6598 | Perplexity: 38.8549
Batch 17330 | Loss: 3.5660 | Perplexity: 35.3735
Batch 17340 | Loss: 3.6119 | Perplexity: 37.0367
Batch 17350 | Loss: 3.6202 | Perplexity: 37.3460
Batch 17360 | Loss: 3.5954 | Perplexity: 36.4296
Batch 17370 | Loss: 3.6040 | Perplexity: 36.7461
Batch 17380 | Loss: 3.5580 | Perplexity: 35.0931
Batch 17390 | Loss: 3.6710 | Perplexity: 39.2912
Batch 17400 | Loss: 3.6415 | Perplexity: 38.1506
Batch 17410 | Loss: 3.6506 | Perplexity: 38.4966
Batch 17420 | Loss: 3.5706 | Perplexity: 35.5368
Batch 17430 | Loss: 3.5884 | Perplexity: 36.1771
Batch 17440 | Loss: 3.6067 | Perplexity: 36.8444
Batch 17450 | Loss: 3.5812 | Perplexity: 35.9167
Batch 17460 | Loss: 3.5674 | Perplexity: 35.4255
Batch 17470 | Loss: 3.6702 | Perplexity: 39.2604
Batch 17480 | Loss: 3.6571 | Perplexity: 38.7479
Batch 17490 | Loss: 3.5798 | Perplexity: 35.8651
Epoch 34 | Loss: 3.8239 | Perplexity: 45.7825
Batch 17500 | Loss: 3.5976 | Perplexity: 36.5120
Batch 17510 | Loss: 3.6586 | Perplexity: 38.8078
Batch 17520 | Loss: 3.5918 | Perplexity: 36.2985
Batch 17530 | Loss: 3.5117 | Perplexity: 33.5058
Batch 17540 | Loss: 3.5900 | Perplexity: 36.2348
Batch 17550 | Loss: 3.6348 | Perplexity: 37.8928
Batch 17560 | Loss: 3.6505 | Perplexity: 38.4950
Batch 17570 | Loss: 3.6076 | Perplexity: 36.8766
Batch 17580 | Loss: 3.6604 | Perplexity: 38.8754
Batch 17590 | Loss: 3.5998 | Perplexity: 36.5898
Batch 17600 | Loss: 3.5635 | Perplexity: 35.2881
Batch 17610 | Loss: 3.6565 | Perplexity: 38.7265
Batch 17620 | Loss: 3.6235 | Perplexity: 37.4674
Batch 17630 | Loss: 3.6268 | Perplexity: 37.5924
Batch 17640 | Loss: 3.6631 | Perplexity: 38.9804
Batch 17650 | Loss: 3.5835 | Perplexity: 35.9982
Batch 17660 | Loss: 3.6103 | Perplexity: 36.9756
Batch 17670 | Loss: 3.6184 | Perplexity: 37.2776
Batch 17680 | Loss: 3.6014 | Perplexity: 36.6500
Batch 17690 | Loss: 3.5928 | Perplexity: 36.3350
Batch 17700 | Loss: 3.5592 | Perplexity: 35.1354
Batch 17710 | Loss: 3.5713 | Perplexity: 35.5640
Batch 17720 | Loss: 3.6681 | Perplexity: 39.1759
Batch 17730 | Loss: 3.6383 | Perplexity: 38.0264
Batch 17740 | Loss: 3.5393 | Perplexity: 34.4426
Batch 17750 | Loss: 3.5946 | Perplexity: 36.4014
Batch 17760 | Loss: 3.5031 | Perplexity: 33.2168
Batch 17770 | Loss: 3.5951 | Perplexity: 36.4206
Batch 17780 | Loss: 3.5863 | Perplexity: 36.0994
Batch 17790 | Loss: 3.5821 | Perplexity: 35.9485
Batch 17800 | Loss: 3.6030 | Perplexity: 36.7092
Batch 17810 | Loss: 3.5534 | Perplexity: 34.9330
Batch 17820 | Loss: 3.6734 | Perplexity: 39.3845
Batch 17830 | Loss: 3.6587 | Perplexity: 38.8123
Batch 17840 | Loss: 3.5959 | Perplexity: 36.4494
Batch 17850 | Loss: 3.6165 | Perplexity: 37.2077
Batch 17860 | Loss: 3.5486 | Perplexity: 34.7662
Batch 17870 | Loss: 3.5850 | Perplexity: 36.0525
Batch 17880 | Loss: 3.6875 | Perplexity: 39.9430
Batch 17890 | Loss: 3.6005 | Perplexity: 36.6153
Batch 17900 | Loss: 3.6115 | Perplexity: 37.0211
Batch 17910 | Loss: 3.5973 | Perplexity: 36.4980
Batch 17920 | Loss: 3.5999 | Perplexity: 36.5932
Batch 17930 | Loss: 3.6114 | Perplexity: 37.0187
Batch 17940 | Loss: 3.6689 | Perplexity: 39.2099
Batch 17950 | Loss: 3.6149 | Perplexity: 37.1460
Batch 17960 | Loss: 3.6032 | Perplexity: 36.7151
Batch 17970 | Loss: 3.5756 | Perplexity: 35.7152
Batch 17980 | Loss: 3.5748 | Perplexity: 35.6870
Batch 17990 | Loss: 3.5741 | Perplexity: 35.6629
Epoch 35 | Loss: 3.4766 | Perplexity: 32.3507
Succesfully saved parameters to path
Batch 18000 | Loss: 3.6277 | Perplexity: 37.6279
Batch 18010 | Loss: 3.6752 | Perplexity: 39.4551
Batch 18020 | Loss: 3.5376 | Perplexity: 34.3856
Batch 18030 | Loss: 3.6106 | Perplexity: 36.9871
Batch 18040 | Loss: 3.5532 | Perplexity: 34.9238
Batch 18050 | Loss: 3.6277 | Perplexity: 37.6280
Batch 18060 | Loss: 3.6006 | Perplexity: 36.6218
Batch 18070 | Loss: 3.5915 | Perplexity: 36.2895
Batch 18080 | Loss: 3.5965 | Perplexity: 36.4697
Batch 18090 | Loss: 3.6242 | Perplexity: 37.4934
Batch 18100 | Loss: 3.6372 | Perplexity: 37.9838
Batch 18110 | Loss: 3.5573 | Perplexity: 35.0689
Batch 18120 | Loss: 3.6089 | Perplexity: 36.9270
Batch 18130 | Loss: 3.6241 | Perplexity: 37.4908
Batch 18140 | Loss: 3.6305 | Perplexity: 37.7319
Batch 18150 | Loss: 3.6114 | Perplexity: 37.0175
Batch 18160 | Loss: 3.5666 | Perplexity: 35.3952
Batch 18170 | Loss: 3.5925 | Perplexity: 36.3234
Batch 18180 | Loss: 3.5836 | Perplexity: 36.0033
Batch 18190 | Loss: 3.6274 | Perplexity: 37.6139
Batch 18200 | Loss: 3.5711 | Perplexity: 35.5554
Batch 18210 | Loss: 3.6769 | Perplexity: 39.5224
Batch 18220 | Loss: 3.5855 | Perplexity: 36.0718
Batch 18230 | Loss: 3.5738 | Perplexity: 35.6513
Batch 18240 | Loss: 3.5995 | Perplexity: 36.5815
Batch 18250 | Loss: 3.6246 | Perplexity: 37.5107
Batch 18260 | Loss: 3.6452 | Perplexity: 38.2912
Batch 18270 | Loss: 3.5720 | Perplexity: 35.5886
Batch 18280 | Loss: 3.5855 | Perplexity: 36.0705
Batch 18290 | Loss: 3.6022 | Perplexity: 36.6790
Batch 18300 | Loss: 3.5997 | Perplexity: 36.5855
Batch 18310 | Loss: 3.6035 | Perplexity: 36.7250
Batch 18320 | Loss: 3.6189 | Perplexity: 37.2983
Batch 18330 | Loss: 3.6468 | Perplexity: 38.3533
Batch 18340 | Loss: 3.5876 | Perplexity: 36.1454
Batch 18350 | Loss: 3.5883 | Perplexity: 36.1708
Batch 18360 | Loss: 3.6013 | Perplexity: 36.6467
Batch 18370 | Loss: 3.6209 | Perplexity: 37.3712
Batch 18380 | Loss: 3.6012 | Perplexity: 36.6406
Batch 18390 | Loss: 3.5923 | Perplexity: 36.3160
Batch 18400 | Loss: 3.6297 | Perplexity: 37.7009
Batch 18410 | Loss: 3.5553 | Perplexity: 34.9971
Batch 18420 | Loss: 3.6077 | Perplexity: 36.8803
Batch 18430 | Loss: 3.5971 | Perplexity: 36.4937
Batch 18440 | Loss: 3.6088 | Perplexity: 36.9219
Batch 18450 | Loss: 3.6210 | Perplexity: 37.3765
Batch 18460 | Loss: 3.5556 | Perplexity: 35.0084
Batch 18470 | Loss: 3.6869 | Perplexity: 39.9216
Batch 18480 | Loss: 3.6308 | Perplexity: 37.7434
Batch 18490 | Loss: 3.5594 | Perplexity: 35.1439
Epoch 36 | Loss: 3.6581 | Perplexity: 38.7860
Batch 18500 | Loss: 3.5848 | Perplexity: 36.0469
Batch 18510 | Loss: 3.5753 | Perplexity: 35.7070
Batch 18520 | Loss: 3.5730 | Perplexity: 35.6228
Batch 18530 | Loss: 3.5407 | Perplexity: 34.4923
Batch 18540 | Loss: 3.6276 | Perplexity: 37.6212
Batch 18550 | Loss: 3.5818 | Perplexity: 35.9384
Batch 18560 | Loss: 3.5788 | Perplexity: 35.8291
Batch 18570 | Loss: 3.6283 | Perplexity: 37.6500
Batch 18580 | Loss: 3.5285 | Perplexity: 34.0728
Batch 18590 | Loss: 3.6024 | Perplexity: 36.6873
Batch 18600 | Loss: 3.5951 | Perplexity: 36.4205
Batch 18610 | Loss: 3.6165 | Perplexity: 37.2089
Batch 18620 | Loss: 3.5447 | Perplexity: 34.6282
Batch 18630 | Loss: 3.5477 | Perplexity: 34.7346
Batch 18640 | Loss: 3.5112 | Perplexity: 33.4876
Batch 18650 | Loss: 3.5860 | Perplexity: 36.0904
Batch 18660 | Loss: 3.5791 | Perplexity: 35.8402
Batch 18670 | Loss: 3.5626 | Perplexity: 35.2531
Batch 18680 | Loss: 3.5733 | Perplexity: 35.6337
Batch 18690 | Loss: 3.6284 | Perplexity: 37.6525
Batch 18700 | Loss: 3.5801 | Perplexity: 35.8758
Batch 18710 | Loss: 3.6341 | Perplexity: 37.8661
Batch 18720 | Loss: 3.5936 | Perplexity: 36.3634
Batch 18730 | Loss: 3.6279 | Perplexity: 37.6335
Batch 18740 | Loss: 3.6445 | Perplexity: 38.2624
Batch 18750 | Loss: 3.6023 | Perplexity: 36.6836
Batch 18760 | Loss: 3.5564 | Perplexity: 35.0352
Batch 18770 | Loss: 3.6074 | Perplexity: 36.8691
Batch 18780 | Loss: 3.5705 | Perplexity: 35.5346
Batch 18790 | Loss: 3.6360 | Perplexity: 37.9385
Batch 18800 | Loss: 3.6005 | Perplexity: 36.6166
Batch 18810 | Loss: 3.6444 | Perplexity: 38.2592
Batch 18820 | Loss: 3.5198 | Perplexity: 33.7760
Batch 18830 | Loss: 3.5498 | Perplexity: 34.8061
Batch 18840 | Loss: 3.6297 | Perplexity: 37.7012
Batch 18850 | Loss: 3.6310 | Perplexity: 37.7491
Batch 18860 | Loss: 3.5968 | Perplexity: 36.4802
Batch 18870 | Loss: 3.4961 | Perplexity: 32.9868
Batch 18880 | Loss: 3.5563 | Perplexity: 35.0330
Batch 18890 | Loss: 3.5684 | Perplexity: 35.4594
Batch 18900 | Loss: 3.5961 | Perplexity: 36.4575
Batch 18910 | Loss: 3.6646 | Perplexity: 39.0389
Batch 18920 | Loss: 3.6278 | Perplexity: 37.6311
Batch 18930 | Loss: 3.5906 | Perplexity: 36.2548
Batch 18940 | Loss: 3.6676 | Perplexity: 39.1560
Batch 18950 | Loss: 3.5500 | Perplexity: 34.8117
Batch 18960 | Loss: 3.5552 | Perplexity: 34.9942
Batch 18970 | Loss: 3.5389 | Perplexity: 34.4304
Batch 18980 | Loss: 3.5248 | Perplexity: 33.9474
Batch 18990 | Loss: 3.5470 | Perplexity: 34.7092
Epoch 37 | Loss: 3.5574 | Perplexity: 35.0731
Batch 19000 | Loss: 3.5743 | Perplexity: 35.6703
Batch 19010 | Loss: 3.5738 | Perplexity: 35.6520
Batch 19020 | Loss: 3.4934 | Perplexity: 32.8968
Batch 19030 | Loss: 3.5752 | Perplexity: 35.7008
Batch 19040 | Loss: 3.5385 | Perplexity: 34.4152
Batch 19050 | Loss: 3.5899 | Perplexity: 36.2309
Batch 19060 | Loss: 3.6013 | Perplexity: 36.6449
Batch 19070 | Loss: 3.5511 | Perplexity: 34.8507
Batch 19080 | Loss: 3.5456 | Perplexity: 34.6591
Batch 19090 | Loss: 3.5558 | Perplexity: 35.0145
Batch 19100 | Loss: 3.5997 | Perplexity: 36.5873
Batch 19110 | Loss: 3.6322 | Perplexity: 37.7970
Batch 19120 | Loss: 3.6067 | Perplexity: 36.8459
Batch 19130 | Loss: 3.5628 | Perplexity: 35.2618
Batch 19140 | Loss: 3.5846 | Perplexity: 36.0379
Batch 19150 | Loss: 3.5468 | Perplexity: 34.7036
Batch 19160 | Loss: 3.6112 | Perplexity: 37.0120
Batch 19170 | Loss: 3.5514 | Perplexity: 34.8632
Batch 19180 | Loss: 3.5826 | Perplexity: 35.9684
Batch 19190 | Loss: 3.5698 | Perplexity: 35.5087
Batch 19200 | Loss: 3.5800 | Perplexity: 35.8718
Batch 19210 | Loss: 3.5703 | Perplexity: 35.5256
Batch 19220 | Loss: 3.5591 | Perplexity: 35.1330
Batch 19230 | Loss: 3.5524 | Perplexity: 34.8976
Batch 19240 | Loss: 3.5939 | Perplexity: 36.3770
Batch 19250 | Loss: 3.5408 | Perplexity: 34.4950
Batch 19260 | Loss: 3.6623 | Perplexity: 38.9523
Batch 19270 | Loss: 3.6116 | Perplexity: 37.0242
Batch 19280 | Loss: 3.5093 | Perplexity: 33.4254
Batch 19290 | Loss: 3.6032 | Perplexity: 36.7172
Batch 19300 | Loss: 3.4941 | Perplexity: 32.9209
Batch 19310 | Loss: 3.5440 | Perplexity: 34.6064
Batch 19320 | Loss: 3.5360 | Perplexity: 34.3299
Batch 19330 | Loss: 3.5514 | Perplexity: 34.8628
Batch 19340 | Loss: 3.5270 | Perplexity: 34.0205
Batch 19350 | Loss: 3.5872 | Perplexity: 36.1341
Batch 19360 | Loss: 3.6137 | Perplexity: 37.1030
Batch 19370 | Loss: 3.6013 | Perplexity: 36.6462
Batch 19380 | Loss: 3.5884 | Perplexity: 36.1766
Batch 19390 | Loss: 3.5603 | Perplexity: 35.1738
Batch 19400 | Loss: 3.6104 | Perplexity: 36.9795
Batch 19410 | Loss: 3.5644 | Perplexity: 35.3186
Batch 19420 | Loss: 3.6261 | Perplexity: 37.5644
Batch 19430 | Loss: 3.5813 | Perplexity: 35.9209
Batch 19440 | Loss: 3.5537 | Perplexity: 34.9424
Batch 19450 | Loss: 3.5619 | Perplexity: 35.2306
Batch 19460 | Loss: 3.6118 | Perplexity: 37.0338
Batch 19470 | Loss: 3.4708 | Perplexity: 32.1623
Batch 19480 | Loss: 3.6077 | Perplexity: 36.8822
Batch 19490 | Loss: 3.5480 | Perplexity: 34.7448
Epoch 38 | Loss: 3.5417 | Perplexity: 34.5262
Batch 19500 | Loss: 3.6548 | Perplexity: 38.6593
Batch 19510 | Loss: 3.5841 | Perplexity: 36.0196
Batch 19520 | Loss: 3.5645 | Perplexity: 35.3227
Batch 19530 | Loss: 3.5972 | Perplexity: 36.4944
Batch 19540 | Loss: 3.6391 | Perplexity: 38.0578
Batch 19550 | Loss: 3.5610 | Perplexity: 35.1977
Batch 19560 | Loss: 3.6180 | Perplexity: 37.2619
Batch 19570 | Loss: 3.5793 | Perplexity: 35.8471
Batch 19580 | Loss: 3.5728 | Perplexity: 35.6179
Batch 19590 | Loss: 3.5875 | Perplexity: 36.1428
Batch 19600 | Loss: 3.4987 | Perplexity: 33.0738
Batch 19610 | Loss: 3.5309 | Perplexity: 34.1559
Batch 19620 | Loss: 3.5587 | Perplexity: 35.1181
Batch 19630 | Loss: 3.5401 | Perplexity: 34.4689
Batch 19640 | Loss: 3.6031 | Perplexity: 36.7121
Batch 19650 | Loss: 3.5940 | Perplexity: 36.3784
Batch 19660 | Loss: 3.5876 | Perplexity: 36.1466
Batch 19670 | Loss: 3.5231 | Perplexity: 33.8881
Batch 19680 | Loss: 3.5403 | Perplexity: 34.4780
Batch 19690 | Loss: 3.5993 | Perplexity: 36.5722
Batch 19700 | Loss: 3.5653 | Perplexity: 35.3509
Batch 19710 | Loss: 3.5921 | Perplexity: 36.3101
Batch 19720 | Loss: 3.5691 | Perplexity: 35.4835
Batch 19730 | Loss: 3.5431 | Perplexity: 34.5744
Batch 19740 | Loss: 3.6136 | Perplexity: 37.0978
Batch 19750 | Loss: 3.5978 | Perplexity: 36.5177
Batch 19760 | Loss: 3.5478 | Perplexity: 34.7371
Batch 19770 | Loss: 3.5833 | Perplexity: 35.9921
Batch 19780 | Loss: 3.6012 | Perplexity: 36.6421
Batch 19790 | Loss: 3.6142 | Perplexity: 37.1214
Batch 19800 | Loss: 3.5590 | Perplexity: 35.1269
Batch 19810 | Loss: 3.6352 | Perplexity: 37.9086
Batch 19820 | Loss: 3.6181 | Perplexity: 37.2661
Batch 19830 | Loss: 3.5469 | Perplexity: 34.7039
Batch 19840 | Loss: 3.5792 | Perplexity: 35.8432
Batch 19850 | Loss: 3.5438 | Perplexity: 34.5991
Batch 19860 | Loss: 3.5958 | Perplexity: 36.4457
Batch 19870 | Loss: 3.6249 | Perplexity: 37.5226
Batch 19880 | Loss: 3.5904 | Perplexity: 36.2476
Batch 19890 | Loss: 3.5432 | Perplexity: 34.5788
Batch 19900 | Loss: 3.5678 | Perplexity: 35.4372
Batch 19910 | Loss: 3.6086 | Perplexity: 36.9136
Batch 19920 | Loss: 3.5886 | Perplexity: 36.1834
Batch 19930 | Loss: 3.6169 | Perplexity: 37.2220
Batch 19940 | Loss: 3.5805 | Perplexity: 35.8921
Batch 19950 | Loss: 3.5614 | Perplexity: 35.2126
Batch 19960 | Loss: 3.6486 | Perplexity: 38.4203
Batch 19970 | Loss: 3.6552 | Perplexity: 38.6752
Batch 19980 | Loss: 3.6449 | Perplexity: 38.2807
Batch 19990 | Loss: 3.6260 | Perplexity: 37.5641
Epoch 39 | Loss: 3.6825 | Perplexity: 39.7475
Batch 20000 | Loss: 3.6476 | Perplexity: 38.3817
Batch 20010 | Loss: 3.5314 | Perplexity: 34.1719
Batch 20020 | Loss: 3.5653 | Perplexity: 35.3484
Batch 20030 | Loss: 3.6209 | Perplexity: 37.3711
Batch 20040 | Loss: 3.5236 | Perplexity: 33.9069
Batch 20050 | Loss: 3.6103 | Perplexity: 36.9770
Batch 20060 | Loss: 3.5517 | Perplexity: 34.8723
Batch 20070 | Loss: 3.5648 | Perplexity: 35.3321
Batch 20080 | Loss: 3.5933 | Perplexity: 36.3535
Batch 20090 | Loss: 3.6296 | Perplexity: 37.6986
Batch 20100 | Loss: 3.5847 | Perplexity: 36.0438
Batch 20110 | Loss: 3.5631 | Perplexity: 35.2706
Batch 20120 | Loss: 3.5336 | Perplexity: 34.2485
Batch 20130 | Loss: 3.5701 | Perplexity: 35.5212
Batch 20140 | Loss: 3.5891 | Perplexity: 36.2014
Batch 20150 | Loss: 3.6190 | Perplexity: 37.2995
Batch 20160 | Loss: 3.5310 | Perplexity: 34.1569
Batch 20170 | Loss: 3.6002 | Perplexity: 36.6058
Batch 20180 | Loss: 3.6158 | Perplexity: 37.1815
Batch 20190 | Loss: 3.5804 | Perplexity: 35.8895
Batch 20200 | Loss: 3.5818 | Perplexity: 35.9372
Batch 20210 | Loss: 3.5764 | Perplexity: 35.7457
Batch 20220 | Loss: 3.6602 | Perplexity: 38.8704
Batch 20230 | Loss: 3.5578 | Perplexity: 35.0876
Batch 20240 | Loss: 3.5353 | Perplexity: 34.3037
Batch 20250 | Loss: 3.5758 | Perplexity: 35.7232
Batch 20260 | Loss: 3.5887 | Perplexity: 36.1853
Batch 20270 | Loss: 3.5143 | Perplexity: 33.5911
Batch 20280 | Loss: 3.5562 | Perplexity: 35.0310
Batch 20290 | Loss: 3.5315 | Perplexity: 34.1765
Batch 20300 | Loss: 3.5404 | Perplexity: 34.4791
Batch 20310 | Loss: 3.5625 | Perplexity: 35.2501
Batch 20320 | Loss: 3.5145 | Perplexity: 33.5996
Batch 20330 | Loss: 3.5918 | Perplexity: 36.2985
Batch 20340 | Loss: 3.5959 | Perplexity: 36.4467
Batch 20350 | Loss: 3.6500 | Perplexity: 38.4758
Batch 20360 | Loss: 3.5832 | Perplexity: 35.9873
Batch 20370 | Loss: 3.5723 | Perplexity: 35.5980
Batch 20380 | Loss: 3.6100 | Perplexity: 36.9659
Batch 20390 | Loss: 3.5949 | Perplexity: 36.4135
Batch 20400 | Loss: 3.6018 | Perplexity: 36.6645
Batch 20410 | Loss: 3.5553 | Perplexity: 34.9967
Batch 20420 | Loss: 3.6129 | Perplexity: 37.0721
Batch 20430 | Loss: 3.4865 | Perplexity: 32.6707
Batch 20440 | Loss: 3.5454 | Perplexity: 34.6526
Batch 20450 | Loss: 3.5617 | Perplexity: 35.2226
Batch 20460 | Loss: 3.4997 | Perplexity: 33.1061
Batch 20470 | Loss: 3.6119 | Perplexity: 37.0351
Batch 20480 | Loss: 3.5992 | Perplexity: 36.5695
Batch 20490 | Loss: 3.5889 | Perplexity: 36.1926
Epoch 40 | Loss: 3.6191 | Perplexity: 37.3037
Succesfully saved parameters to path
Batch 20500 | Loss: 3.5755 | Perplexity: 35.7123
Batch 20510 | Loss: 3.5989 | Perplexity: 36.5568
Batch 20520 | Loss: 3.5714 | Perplexity: 35.5674
Batch 20530 | Loss: 3.5584 | Perplexity: 35.1061
Batch 20540 | Loss: 3.6063 | Perplexity: 36.8314
Batch 20550 | Loss: 3.6050 | Perplexity: 36.7824
Batch 20560 | Loss: 3.5534 | Perplexity: 34.9313
Batch 20570 | Loss: 3.6452 | Perplexity: 38.2916
Batch 20580 | Loss: 3.5530 | Perplexity: 34.9196
Batch 20590 | Loss: 3.5428 | Perplexity: 34.5625
Batch 20600 | Loss: 3.5275 | Perplexity: 34.0388
Batch 20610 | Loss: 3.5813 | Perplexity: 35.9219
Batch 20620 | Loss: 3.5632 | Perplexity: 35.2771
Batch 20630 | Loss: 3.5574 | Perplexity: 35.0715
Batch 20640 | Loss: 3.5648 | Perplexity: 35.3311
Batch 20650 | Loss: 3.6111 | Perplexity: 37.0065
Batch 20660 | Loss: 3.6674 | Perplexity: 39.1518
Batch 20670 | Loss: 3.5449 | Perplexity: 34.6374
Batch 20680 | Loss: 3.5859 | Perplexity: 36.0863
Batch 20690 | Loss: 3.6116 | Perplexity: 37.0262
Batch 20700 | Loss: 3.4608 | Perplexity: 31.8409
Batch 20710 | Loss: 3.5852 | Perplexity: 36.0623
Batch 20720 | Loss: 3.5174 | Perplexity: 33.6956
Batch 20730 | Loss: 3.5764 | Perplexity: 35.7456
Batch 20740 | Loss: 3.6010 | Perplexity: 36.6334
Batch 20750 | Loss: 3.5397 | Perplexity: 34.4582
Batch 20760 | Loss: 3.5673 | Perplexity: 35.4210
Batch 20770 | Loss: 3.5452 | Perplexity: 34.6481
Batch 20780 | Loss: 3.4818 | Perplexity: 32.5171
Batch 20790 | Loss: 3.5625 | Perplexity: 35.2524
Batch 20800 | Loss: 3.5276 | Perplexity: 34.0408
Batch 20810 | Loss: 3.6806 | Perplexity: 39.6720
Batch 20820 | Loss: 3.6073 | Perplexity: 36.8678
Batch 20830 | Loss: 3.6119 | Perplexity: 37.0356
Batch 20840 | Loss: 3.5882 | Perplexity: 36.1705
Batch 20850 | Loss: 3.5660 | Perplexity: 35.3738
Batch 20860 | Loss: 3.6169 | Perplexity: 37.2206
Batch 20870 | Loss: 3.5207 | Perplexity: 33.8077
Batch 20880 | Loss: 3.5585 | Perplexity: 35.1121
Batch 20890 | Loss: 3.6442 | Perplexity: 38.2525
Batch 20900 | Loss: 3.5682 | Perplexity: 35.4518
Batch 20910 | Loss: 3.5831 | Perplexity: 35.9854
Batch 20920 | Loss: 3.5364 | Perplexity: 34.3442
Batch 20930 | Loss: 3.5354 | Perplexity: 34.3085
Batch 20940 | Loss: 3.5852 | Perplexity: 36.0609
Batch 20950 | Loss: 3.5783 | Perplexity: 35.8114
Batch 20960 | Loss: 3.5443 | Perplexity: 34.6165
Batch 20970 | Loss: 3.5162 | Perplexity: 33.6573
Batch 20980 | Loss: 3.5097 | Perplexity: 33.4398
Batch 20990 | Loss: 3.5803 | Perplexity: 35.8853
Epoch 41 | Loss: 3.6149 | Perplexity: 37.1466
Batch 21000 | Loss: 3.5814 | Perplexity: 35.9228
Batch 21010 | Loss: 3.5810 | Perplexity: 35.9093
Batch 21020 | Loss: 3.5531 | Perplexity: 34.9217
Batch 21030 | Loss: 3.5140 | Perplexity: 33.5838
Batch 21040 | Loss: 3.5716 | Perplexity: 35.5731
Batch 21050 | Loss: 3.5594 | Perplexity: 35.1427
Batch 21060 | Loss: 3.5779 | Perplexity: 35.7973
Batch 21070 | Loss: 3.6113 | Perplexity: 37.0147
Batch 21080 | Loss: 3.6144 | Perplexity: 37.1301
Batch 21090 | Loss: 3.6298 | Perplexity: 37.7062
Batch 21100 | Loss: 3.5369 | Perplexity: 34.3605
Batch 21110 | Loss: 3.5306 | Perplexity: 34.1452
Batch 21120 | Loss: 3.5804 | Perplexity: 35.8894
Batch 21130 | Loss: 3.5649 | Perplexity: 35.3348
Batch 21140 | Loss: 3.5311 | Perplexity: 34.1612
Batch 21150 | Loss: 3.4674 | Perplexity: 32.0531
Batch 21160 | Loss: 3.5560 | Perplexity: 35.0221
Batch 21170 | Loss: 3.5202 | Perplexity: 33.7912
Batch 21180 | Loss: 3.5931 | Perplexity: 36.3470
Batch 21190 | Loss: 3.6474 | Perplexity: 38.3762
Batch 21200 | Loss: 3.6118 | Perplexity: 37.0338
Batch 21210 | Loss: 3.5970 | Perplexity: 36.4899
Batch 21220 | Loss: 3.5564 | Perplexity: 35.0376
Batch 21230 | Loss: 3.5695 | Perplexity: 35.4995
Batch 21240 | Loss: 3.4673 | Perplexity: 32.0503
Batch 21250 | Loss: 3.5720 | Perplexity: 35.5877
Batch 21260 | Loss: 3.5948 | Perplexity: 36.4092
Batch 21270 | Loss: 3.5503 | Perplexity: 34.8238
Batch 21280 | Loss: 3.5967 | Perplexity: 36.4776
Batch 21290 | Loss: 3.5947 | Perplexity: 36.4064
Batch 21300 | Loss: 3.5028 | Perplexity: 33.2072
Batch 21310 | Loss: 3.6184 | Perplexity: 37.2762
Batch 21320 | Loss: 3.5986 | Perplexity: 36.5469
Batch 21330 | Loss: 3.6532 | Perplexity: 38.5984
Batch 21340 | Loss: 3.5209 | Perplexity: 33.8155
Batch 21350 | Loss: 3.5300 | Perplexity: 34.1249
Batch 21360 | Loss: 3.5707 | Perplexity: 35.5428
Batch 21370 | Loss: 3.5562 | Perplexity: 35.0296
Batch 21380 | Loss: 3.5595 | Perplexity: 35.1441
Batch 21390 | Loss: 3.5854 | Perplexity: 36.0693
Batch 21400 | Loss: 3.5320 | Perplexity: 34.1918
Batch 21410 | Loss: 3.6068 | Perplexity: 36.8469
Batch 21420 | Loss: 3.5062 | Perplexity: 33.3211
Batch 21430 | Loss: 3.5918 | Perplexity: 36.3004
Batch 21440 | Loss: 3.5515 | Perplexity: 34.8648
Batch 21450 | Loss: 3.5806 | Perplexity: 35.8953
Batch 21460 | Loss: 3.5653 | Perplexity: 35.3510
Batch 21470 | Loss: 3.5463 | Perplexity: 34.6839
Batch 21480 | Loss: 3.6032 | Perplexity: 36.7148
Batch 21490 | Loss: 3.5576 | Perplexity: 35.0787
Epoch 42 | Loss: 3.6859 | Perplexity: 39.8828
Batch 21500 | Loss: 3.6039 | Perplexity: 36.7399
Batch 21510 | Loss: 3.6038 | Perplexity: 36.7389
Batch 21520 | Loss: 3.5405 | Perplexity: 34.4833
Batch 21530 | Loss: 3.5444 | Perplexity: 34.6182
Batch 21540 | Loss: 3.5727 | Perplexity: 35.6125
Batch 21550 | Loss: 3.5240 | Perplexity: 33.9210
Batch 21560 | Loss: 3.4890 | Perplexity: 32.7531
Batch 21570 | Loss: 3.5655 | Perplexity: 35.3582
Batch 21580 | Loss: 3.5509 | Perplexity: 34.8458
Batch 21590 | Loss: 3.5442 | Perplexity: 34.6136
Batch 21600 | Loss: 3.5772 | Perplexity: 35.7728
Batch 21610 | Loss: 3.5058 | Perplexity: 33.3094
Batch 21620 | Loss: 3.5758 | Perplexity: 35.7223
Batch 21630 | Loss: 3.5837 | Perplexity: 36.0075
Batch 21640 | Loss: 3.5201 | Perplexity: 33.7889
Batch 21650 | Loss: 3.5082 | Perplexity: 33.3880
Batch 21660 | Loss: 3.5292 | Perplexity: 34.0977
Batch 21670 | Loss: 3.6182 | Perplexity: 37.2708
Batch 21680 | Loss: 3.5564 | Perplexity: 35.0356
Batch 21690 | Loss: 3.5768 | Perplexity: 35.7593
Batch 21700 | Loss: 3.5216 | Perplexity: 33.8381
Batch 21710 | Loss: 3.5546 | Perplexity: 34.9744
Batch 21720 | Loss: 3.5537 | Perplexity: 34.9414
Batch 21730 | Loss: 3.4685 | Perplexity: 32.0879
Batch 21740 | Loss: 3.5494 | Perplexity: 34.7934
Batch 21750 | Loss: 3.5389 | Perplexity: 34.4279
Batch 21760 | Loss: 3.4872 | Perplexity: 32.6927
Batch 21770 | Loss: 3.6216 | Perplexity: 37.3975
Batch 21780 | Loss: 3.5831 | Perplexity: 35.9853
Batch 21790 | Loss: 3.5729 | Perplexity: 35.6193
Batch 21800 | Loss: 3.4996 | Perplexity: 33.1038
Batch 21810 | Loss: 3.5479 | Perplexity: 34.7386
Batch 21820 | Loss: 3.5908 | Perplexity: 36.2647
Batch 21830 | Loss: 3.5448 | Perplexity: 34.6329
Batch 21840 | Loss: 3.5547 | Perplexity: 34.9759
Batch 21850 | Loss: 3.6008 | Perplexity: 36.6279
Batch 21860 | Loss: 3.6007 | Perplexity: 36.6240
Batch 21870 | Loss: 3.5090 | Perplexity: 33.4162
Batch 21880 | Loss: 3.5590 | Perplexity: 35.1285
Batch 21890 | Loss: 3.5645 | Perplexity: 35.3208
Batch 21900 | Loss: 3.5735 | Perplexity: 35.6396
Batch 21910 | Loss: 3.5541 | Perplexity: 34.9581
Batch 21920 | Loss: 3.6340 | Perplexity: 37.8656
Batch 21930 | Loss: 3.5347 | Perplexity: 34.2833
Batch 21940 | Loss: 3.5962 | Perplexity: 36.4591
Batch 21950 | Loss: 3.5891 | Perplexity: 36.2031
Batch 21960 | Loss: 3.6026 | Perplexity: 36.6932
Batch 21970 | Loss: 3.5207 | Perplexity: 33.8085
Batch 21980 | Loss: 3.5938 | Perplexity: 36.3733
Batch 21990 | Loss: 3.5517 | Perplexity: 34.8730
Epoch 43 | Loss: 3.4561 | Perplexity: 31.6922
Batch 22000 | Loss: 3.6186 | Perplexity: 37.2850
Batch 22010 | Loss: 3.6160 | Perplexity: 37.1882
Batch 22020 | Loss: 3.6203 | Perplexity: 37.3479
Batch 22030 | Loss: 3.5433 | Perplexity: 34.5799
Batch 22040 | Loss: 3.5177 | Perplexity: 33.7075
Batch 22050 | Loss: 3.5722 | Perplexity: 35.5966
Batch 22060 | Loss: 3.5611 | Perplexity: 35.2021
Batch 22070 | Loss: 3.5240 | Perplexity: 33.9206
Batch 22080 | Loss: 3.6175 | Perplexity: 37.2461
Batch 22090 | Loss: 3.6241 | Perplexity: 37.4912
Batch 22100 | Loss: 3.5771 | Perplexity: 35.7709
Batch 22110 | Loss: 3.5942 | Perplexity: 36.3876
Batch 22120 | Loss: 3.5506 | Perplexity: 34.8338
Batch 22130 | Loss: 3.6094 | Perplexity: 36.9422
Batch 22140 | Loss: 3.4955 | Perplexity: 32.9666
Batch 22150 | Loss: 3.5549 | Perplexity: 34.9846
Batch 22160 | Loss: 3.5682 | Perplexity: 35.4519
Batch 22170 | Loss: 3.4916 | Perplexity: 32.8391
Batch 22180 | Loss: 3.4893 | Perplexity: 32.7616
Batch 22190 | Loss: 3.5295 | Perplexity: 34.1079
Batch 22200 | Loss: 3.5943 | Perplexity: 36.3886
Batch 22210 | Loss: 3.5302 | Perplexity: 34.1309
Batch 22220 | Loss: 3.5364 | Perplexity: 34.3416
Batch 22230 | Loss: 3.5190 | Perplexity: 33.7493
Batch 22240 | Loss: 3.5570 | Perplexity: 35.0573
Batch 22250 | Loss: 3.5008 | Perplexity: 33.1415
Batch 22260 | Loss: 3.5553 | Perplexity: 34.9996
Batch 22270 | Loss: 3.4954 | Perplexity: 32.9633
Batch 22280 | Loss: 3.6159 | Perplexity: 37.1837
Batch 22290 | Loss: 3.5705 | Perplexity: 35.5359
Batch 22300 | Loss: 3.4469 | Perplexity: 31.4019
Batch 22310 | Loss: 3.6069 | Perplexity: 36.8505
Batch 22320 | Loss: 3.5530 | Perplexity: 34.9196
Batch 22330 | Loss: 3.5761 | Perplexity: 35.7339
Batch 22340 | Loss: 3.5263 | Perplexity: 33.9968
Batch 22350 | Loss: 3.4931 | Perplexity: 32.8888
Batch 22360 | Loss: 3.5689 | Perplexity: 35.4791
Batch 22370 | Loss: 3.4975 | Perplexity: 33.0321
Batch 22380 | Loss: 3.6412 | Perplexity: 38.1394
Batch 22390 | Loss: 3.5370 | Perplexity: 34.3624
Batch 22400 | Loss: 3.5380 | Perplexity: 34.3990
Batch 22410 | Loss: 3.5388 | Perplexity: 34.4248
Batch 22420 | Loss: 3.5684 | Perplexity: 35.4592
Batch 22430 | Loss: 3.5607 | Perplexity: 35.1891
Batch 22440 | Loss: 3.5656 | Perplexity: 35.3606
Batch 22450 | Loss: 3.6507 | Perplexity: 38.5024
Batch 22460 | Loss: 3.5401 | Perplexity: 34.4701
Batch 22470 | Loss: 3.5453 | Perplexity: 34.6491
Batch 22480 | Loss: 3.5579 | Perplexity: 35.0895
Batch 22490 | Loss: 3.6036 | Perplexity: 36.7297
Epoch 44 | Loss: 3.4837 | Perplexity: 32.5800
Batch 22500 | Loss: 3.6161 | Perplexity: 37.1933
Batch 22510 | Loss: 3.5501 | Perplexity: 34.8176
Batch 22520 | Loss: 3.5948 | Perplexity: 36.4092
Batch 22530 | Loss: 3.5792 | Perplexity: 35.8456
Batch 22540 | Loss: 3.5507 | Perplexity: 34.8378
Batch 22550 | Loss: 3.5884 | Perplexity: 36.1770
Batch 22560 | Loss: 3.4899 | Perplexity: 32.7822
Batch 22570 | Loss: 3.4899 | Perplexity: 32.7835
Batch 22580 | Loss: 3.5531 | Perplexity: 34.9220
Batch 22590 | Loss: 3.5691 | Perplexity: 35.4841
Batch 22600 | Loss: 3.5039 | Perplexity: 33.2462
Batch 22610 | Loss: 3.5511 | Perplexity: 34.8503
Batch 22620 | Loss: 3.6511 | Perplexity: 38.5169
Batch 22630 | Loss: 3.5980 | Perplexity: 36.5246
Batch 22640 | Loss: 3.5538 | Perplexity: 34.9448
Batch 22650 | Loss: 3.5514 | Perplexity: 34.8630
Batch 22660 | Loss: 3.4647 | Perplexity: 31.9681
Batch 22670 | Loss: 3.5550 | Perplexity: 34.9865
Batch 22680 | Loss: 3.6185 | Perplexity: 37.2818
Batch 22690 | Loss: 3.5212 | Perplexity: 33.8257
Batch 22700 | Loss: 3.5032 | Perplexity: 33.2201
Batch 22710 | Loss: 3.4937 | Perplexity: 32.9087
Batch 22720 | Loss: 3.5328 | Perplexity: 34.2206
Batch 22730 | Loss: 3.5686 | Perplexity: 35.4668
Batch 22740 | Loss: 3.5552 | Perplexity: 34.9949
Batch 22750 | Loss: 3.6474 | Perplexity: 38.3763
Batch 22760 | Loss: 3.5774 | Perplexity: 35.7817
Batch 22770 | Loss: 3.5872 | Perplexity: 36.1338
Batch 22780 | Loss: 3.5968 | Perplexity: 36.4812
Batch 22790 | Loss: 3.5418 | Perplexity: 34.5280
Batch 22800 | Loss: 3.5749 | Perplexity: 35.6903
Batch 22810 | Loss: 3.5363 | Perplexity: 34.3381
Batch 22820 | Loss: 3.4649 | Perplexity: 31.9726
Batch 22830 | Loss: 3.5872 | Perplexity: 36.1344
Batch 22840 | Loss: 3.5477 | Perplexity: 34.7324
Batch 22850 | Loss: 3.4997 | Perplexity: 33.1046
Batch 22860 | Loss: 3.4979 | Perplexity: 33.0458
Batch 22870 | Loss: 3.5261 | Perplexity: 33.9909
Batch 22880 | Loss: 3.5124 | Perplexity: 33.5276
Batch 22890 | Loss: 3.5290 | Perplexity: 34.0893
Batch 22900 | Loss: 3.5458 | Perplexity: 34.6671
Batch 22910 | Loss: 3.5963 | Perplexity: 36.4639
Batch 22920 | Loss: 3.5579 | Perplexity: 35.0910
Batch 22930 | Loss: 3.5192 | Perplexity: 33.7582
Batch 22940 | Loss: 3.5925 | Perplexity: 36.3247
Batch 22950 | Loss: 3.5272 | Perplexity: 34.0295
Batch 22960 | Loss: 3.5717 | Perplexity: 35.5753
Batch 22970 | Loss: 3.5930 | Perplexity: 36.3420
Batch 22980 | Loss: 3.5031 | Perplexity: 33.2174
Batch 22990 | Loss: 3.5844 | Perplexity: 36.0322
Epoch 45 | Loss: 3.5101 | Perplexity: 33.4506
Succesfully saved parameters to path
Batch 23000 | Loss: 3.6121 | Perplexity: 37.0429
Batch 23010 | Loss: 3.5379 | Perplexity: 34.3932
Batch 23020 | Loss: 3.5142 | Perplexity: 33.5903
Batch 23030 | Loss: 3.5465 | Perplexity: 34.6905
Batch 23040 | Loss: 3.5938 | Perplexity: 36.3718
Batch 23050 | Loss: 3.5935 | Perplexity: 36.3613
Batch 23060 | Loss: 3.5744 | Perplexity: 35.6716
Batch 23070 | Loss: 3.4572 | Perplexity: 31.7279
Batch 23080 | Loss: 3.4922 | Perplexity: 32.8576
Batch 23090 | Loss: 3.4955 | Perplexity: 32.9671
Batch 23100 | Loss: 3.5691 | Perplexity: 35.4844
Batch 23110 | Loss: 3.5870 | Perplexity: 36.1267
Batch 23120 | Loss: 3.5628 | Perplexity: 35.2615
Batch 23130 | Loss: 3.5165 | Perplexity: 33.6648
Batch 23140 | Loss: 3.4935 | Perplexity: 32.9010
Batch 23150 | Loss: 3.5141 | Perplexity: 33.5869
Batch 23160 | Loss: 3.5071 | Perplexity: 33.3505
Batch 23170 | Loss: 3.5506 | Perplexity: 34.8337
Batch 23180 | Loss: 3.5053 | Perplexity: 33.2912
Batch 23190 | Loss: 3.5601 | Perplexity: 35.1652
Batch 23200 | Loss: 3.5877 | Perplexity: 36.1525
Batch 23210 | Loss: 3.5342 | Perplexity: 34.2683
Batch 23220 | Loss: 3.6414 | Perplexity: 38.1439
Batch 23230 | Loss: 3.4894 | Perplexity: 32.7650
Batch 23240 | Loss: 3.5546 | Perplexity: 34.9736
Batch 23250 | Loss: 3.5218 | Perplexity: 33.8453
Batch 23260 | Loss: 3.5034 | Perplexity: 33.2272
Batch 23270 | Loss: 3.5968 | Perplexity: 36.4807
Batch 23280 | Loss: 3.4900 | Perplexity: 32.7849
Batch 23290 | Loss: 3.5431 | Perplexity: 34.5748
Batch 23300 | Loss: 3.5242 | Perplexity: 33.9277
Batch 23310 | Loss: 3.5167 | Perplexity: 33.6737
Batch 23320 | Loss: 3.5980 | Perplexity: 36.5238
Batch 23330 | Loss: 3.5173 | Perplexity: 33.6920
Batch 23340 | Loss: 3.5898 | Perplexity: 36.2257
Batch 23350 | Loss: 3.5318 | Perplexity: 34.1841
Batch 23360 | Loss: 3.5903 | Perplexity: 36.2443
Batch 23370 | Loss: 3.5561 | Perplexity: 35.0271
Batch 23380 | Loss: 3.5370 | Perplexity: 34.3638
Batch 23390 | Loss: 3.5658 | Perplexity: 35.3686
Batch 23400 | Loss: 3.5622 | Perplexity: 35.2414
Batch 23410 | Loss: 3.4311 | Perplexity: 30.9113
Batch 23420 | Loss: 3.5024 | Perplexity: 33.1947
Batch 23430 | Loss: 3.5489 | Perplexity: 34.7764
Batch 23440 | Loss: 3.5624 | Perplexity: 35.2491
Batch 23450 | Loss: 3.5547 | Perplexity: 34.9762
Batch 23460 | Loss: 3.5388 | Perplexity: 34.4264
Batch 23470 | Loss: 3.5984 | Perplexity: 36.5407
Batch 23480 | Loss: 3.4850 | Perplexity: 32.6237
Batch 23490 | Loss: 3.5778 | Perplexity: 35.7950
Epoch 46 | Loss: 3.5121 | Perplexity: 33.5171
Batch 23500 | Loss: 3.5094 | Perplexity: 33.4268
Batch 23510 | Loss: 3.5721 | Perplexity: 35.5907
Batch 23520 | Loss: 3.4780 | Perplexity: 32.3944
Batch 23530 | Loss: 3.4806 | Perplexity: 32.4782
Batch 23540 | Loss: 3.5872 | Perplexity: 36.1310
Batch 23550 | Loss: 3.5146 | Perplexity: 33.6009
Batch 23560 | Loss: 3.4751 | Perplexity: 32.3020
Batch 23570 | Loss: 3.5178 | Perplexity: 33.7108
Batch 23580 | Loss: 3.5401 | Perplexity: 34.4692
Batch 23590 | Loss: 3.5088 | Perplexity: 33.4072
Batch 23600 | Loss: 3.5160 | Perplexity: 33.6507
Batch 23610 | Loss: 3.5988 | Perplexity: 36.5529
Batch 23620 | Loss: 3.5355 | Perplexity: 34.3112
Batch 23630 | Loss: 3.5864 | Perplexity: 36.1029
Batch 23640 | Loss: 3.5550 | Perplexity: 34.9863
Batch 23650 | Loss: 3.5017 | Perplexity: 33.1729
Batch 23660 | Loss: 3.5629 | Perplexity: 35.2649
Batch 23670 | Loss: 3.5272 | Perplexity: 34.0292
Batch 23680 | Loss: 3.5565 | Perplexity: 35.0387
Batch 23690 | Loss: 3.5266 | Perplexity: 34.0086
Batch 23700 | Loss: 3.5292 | Perplexity: 34.0957
Batch 23710 | Loss: 3.4726 | Perplexity: 32.2193
Batch 23720 | Loss: 3.5230 | Perplexity: 33.8860
Batch 23730 | Loss: 3.5764 | Perplexity: 35.7461
Batch 23740 | Loss: 3.5363 | Perplexity: 34.3412
Batch 23750 | Loss: 3.5430 | Perplexity: 34.5707
Batch 23760 | Loss: 3.5078 | Perplexity: 33.3762
Batch 23770 | Loss: 3.5234 | Perplexity: 33.8980
Batch 23780 | Loss: 3.5221 | Perplexity: 33.8553
Batch 23790 | Loss: 3.5367 | Perplexity: 34.3520
Batch 23800 | Loss: 3.5375 | Perplexity: 34.3799
Batch 23810 | Loss: 3.5217 | Perplexity: 33.8432
Batch 23820 | Loss: 3.5457 | Perplexity: 34.6644
Batch 23830 | Loss: 3.6265 | Perplexity: 37.5808
Batch 23840 | Loss: 3.5110 | Perplexity: 33.4829
Batch 23850 | Loss: 3.5482 | Perplexity: 34.7513
Batch 23860 | Loss: 3.6349 | Perplexity: 37.8971
Batch 23870 | Loss: 3.5056 | Perplexity: 33.3027
Batch 23880 | Loss: 3.6251 | Perplexity: 37.5275
Batch 23890 | Loss: 3.5436 | Perplexity: 34.5918
Batch 23900 | Loss: 3.5299 | Perplexity: 34.1217
Batch 23910 | Loss: 3.5571 | Perplexity: 35.0613
Batch 23920 | Loss: 3.5093 | Perplexity: 33.4251
Batch 23930 | Loss: 3.5890 | Perplexity: 36.1986
Batch 23940 | Loss: 3.5719 | Perplexity: 35.5828
Batch 23950 | Loss: 3.5459 | Perplexity: 34.6703
Batch 23960 | Loss: 3.5875 | Perplexity: 36.1445
Batch 23970 | Loss: 3.4936 | Perplexity: 32.9037
Batch 23980 | Loss: 3.5922 | Perplexity: 36.3143
Batch 23990 | Loss: 3.5025 | Perplexity: 33.1985
Epoch 47 | Loss: 3.6258 | Perplexity: 37.5550
Batch 24000 | Loss: 3.5415 | Perplexity: 34.5176
Batch 24010 | Loss: 3.5805 | Perplexity: 35.8926
Batch 24020 | Loss: 3.6025 | Perplexity: 36.6906
Batch 24030 | Loss: 3.5725 | Perplexity: 35.6069
Batch 24040 | Loss: 3.5421 | Perplexity: 34.5396
Batch 24050 | Loss: 3.5257 | Perplexity: 33.9767
Batch 24060 | Loss: 3.5251 | Perplexity: 33.9570
Batch 24070 | Loss: 3.4687 | Perplexity: 32.0947
Batch 24080 | Loss: 3.5529 | Perplexity: 34.9138
Batch 24090 | Loss: 3.6042 | Perplexity: 36.7517
Batch 24100 | Loss: 3.5610 | Perplexity: 35.1983
Batch 24110 | Loss: 3.4625 | Perplexity: 31.8966
Batch 24120 | Loss: 3.5497 | Perplexity: 34.8042
Batch 24130 | Loss: 3.6436 | Perplexity: 38.2299
Batch 24140 | Loss: 3.5183 | Perplexity: 33.7260
Batch 24150 | Loss: 3.5199 | Perplexity: 33.7815
Batch 24160 | Loss: 3.4833 | Perplexity: 32.5667
Batch 24170 | Loss: 3.5434 | Perplexity: 34.5842
Batch 24180 | Loss: 3.5379 | Perplexity: 34.3940
Batch 24190 | Loss: 3.5708 | Perplexity: 35.5457
Batch 24200 | Loss: 3.5243 | Perplexity: 33.9314
Batch 24210 | Loss: 3.4859 | Perplexity: 32.6507
Batch 24220 | Loss: 3.4789 | Perplexity: 32.4241
Batch 24230 | Loss: 3.4868 | Perplexity: 32.6808
Batch 24240 | Loss: 3.5357 | Perplexity: 34.3187
Batch 24250 | Loss: 3.5701 | Perplexity: 35.5216
Batch 24260 | Loss: 3.5643 | Perplexity: 35.3149
Batch 24270 | Loss: 3.4922 | Perplexity: 32.8587
Batch 24280 | Loss: 3.5837 | Perplexity: 36.0071
Batch 24290 | Loss: 3.5967 | Perplexity: 36.4760
Batch 24300 | Loss: 3.5330 | Perplexity: 34.2263
Batch 24310 | Loss: 3.5730 | Perplexity: 35.6245
Batch 24320 | Loss: 3.5669 | Perplexity: 35.4074
Batch 24330 | Loss: 3.5710 | Perplexity: 35.5516
Batch 24340 | Loss: 3.5210 | Perplexity: 33.8197
Batch 24350 | Loss: 3.5792 | Perplexity: 35.8455
Batch 24360 | Loss: 3.5136 | Perplexity: 33.5690
Batch 24370 | Loss: 3.5330 | Perplexity: 34.2282
Batch 24380 | Loss: 3.5214 | Perplexity: 33.8330
Batch 24390 | Loss: 3.4752 | Perplexity: 32.3054
Batch 24400 | Loss: 3.5667 | Perplexity: 35.4011
Batch 24410 | Loss: 3.5969 | Perplexity: 36.4836
Batch 24420 | Loss: 3.5532 | Perplexity: 34.9263
Batch 24430 | Loss: 3.5796 | Perplexity: 35.8605
Batch 24440 | Loss: 3.5186 | Perplexity: 33.7388
Batch 24450 | Loss: 3.5389 | Perplexity: 34.4298
Batch 24460 | Loss: 3.6003 | Perplexity: 36.6083
Batch 24470 | Loss: 3.5187 | Perplexity: 33.7393
Batch 24480 | Loss: 3.5061 | Perplexity: 33.3179
Batch 24490 | Loss: 3.5271 | Perplexity: 34.0248
Epoch 48 | Loss: 3.5438 | Perplexity: 34.5979
Batch 24500 | Loss: 3.5373 | Perplexity: 34.3752
Batch 24510 | Loss: 3.5232 | Perplexity: 33.8933
Batch 24520 | Loss: 3.5081 | Perplexity: 33.3859
Batch 24530 | Loss: 3.5570 | Perplexity: 35.0568
Batch 24540 | Loss: 3.5232 | Perplexity: 33.8942
Batch 24550 | Loss: 3.5506 | Perplexity: 34.8350
Batch 24560 | Loss: 3.5467 | Perplexity: 34.6995
Batch 24570 | Loss: 3.5116 | Perplexity: 33.5031
Batch 24580 | Loss: 3.5876 | Perplexity: 36.1483
Batch 24590 | Loss: 3.4755 | Perplexity: 32.3133
Batch 24600 | Loss: 3.5133 | Perplexity: 33.5586
Batch 24610 | Loss: 3.5118 | Perplexity: 33.5084
Batch 24620 | Loss: 3.4985 | Perplexity: 33.0666
Batch 24630 | Loss: 3.5479 | Perplexity: 34.7397
Batch 24640 | Loss: 3.5650 | Perplexity: 35.3383
Batch 24650 | Loss: 3.5074 | Perplexity: 33.3627
Batch 24660 | Loss: 3.4791 | Perplexity: 32.4300
Batch 24670 | Loss: 3.5601 | Perplexity: 35.1656
Batch 24680 | Loss: 3.5126 | Perplexity: 33.5347
Batch 24690 | Loss: 3.5015 | Perplexity: 33.1655
Batch 24700 | Loss: 3.4882 | Perplexity: 32.7256
Batch 24710 | Loss: 3.6564 | Perplexity: 38.7235
Batch 24720 | Loss: 3.4739 | Perplexity: 32.2614
Batch 24730 | Loss: 3.5576 | Perplexity: 35.0785
Batch 24740 | Loss: 3.5586 | Perplexity: 35.1150
Batch 24750 | Loss: 3.4988 | Perplexity: 33.0762
Batch 24760 | Loss: 3.5071 | Perplexity: 33.3517
Batch 24770 | Loss: 3.4719 | Perplexity: 32.1969
Batch 24780 | Loss: 3.5392 | Perplexity: 34.4384
Batch 24790 | Loss: 3.5317 | Perplexity: 34.1808
Batch 24800 | Loss: 3.5089 | Perplexity: 33.4116
Batch 24810 | Loss: 3.5323 | Perplexity: 34.2033
Batch 24820 | Loss: 3.5384 | Perplexity: 34.4106
Batch 24830 | Loss: 3.4789 | Perplexity: 32.4237
Batch 24840 | Loss: 3.5382 | Perplexity: 34.4056
Batch 24850 | Loss: 3.5522 | Perplexity: 34.8886
Batch 24860 | Loss: 3.5718 | Perplexity: 35.5820
Batch 24870 | Loss: 3.5018 | Perplexity: 33.1764
Batch 24880 | Loss: 3.5434 | Perplexity: 34.5848
Batch 24890 | Loss: 3.5751 | Perplexity: 35.6967
Batch 24900 | Loss: 3.5303 | Perplexity: 34.1349
Batch 24910 | Loss: 3.5044 | Perplexity: 33.2606
Batch 24920 | Loss: 3.5591 | Perplexity: 35.1318
Batch 24930 | Loss: 3.5608 | Perplexity: 35.1900
Batch 24940 | Loss: 3.5039 | Perplexity: 33.2433
Batch 24950 | Loss: 3.5114 | Perplexity: 33.4943
Batch 24960 | Loss: 3.5351 | Perplexity: 34.2968
Batch 24970 | Loss: 3.5211 | Perplexity: 33.8219
Batch 24980 | Loss: 3.4854 | Perplexity: 32.6357
Batch 24990 | Loss: 3.5783 | Perplexity: 35.8113
Epoch 49 | Loss: 3.5353 | Perplexity: 34.3067
Batch 25000 | Loss: 3.5832 | Perplexity: 35.9900
Batch 25010 | Loss: 3.5257 | Perplexity: 33.9785
Batch 25020 | Loss: 3.5787 | Perplexity: 35.8264
Batch 25030 | Loss: 3.5068 | Perplexity: 33.3405
Batch 25040 | Loss: 3.4698 | Perplexity: 32.1319
Batch 25050 | Loss: 3.5204 | Perplexity: 33.7967
Batch 25060 | Loss: 3.5260 | Perplexity: 33.9869
Batch 25070 | Loss: 3.4932 | Perplexity: 32.8899
Batch 25080 | Loss: 3.4853 | Perplexity: 32.6337
Batch 25090 | Loss: 3.5530 | Perplexity: 34.9183
Batch 25100 | Loss: 3.5327 | Perplexity: 34.2158
Batch 25110 | Loss: 3.6535 | Perplexity: 38.6109
Batch 25120 | Loss: 3.5221 | Perplexity: 33.8570
Batch 25130 | Loss: 3.5381 | Perplexity: 34.4032
Batch 25140 | Loss: 3.5095 | Perplexity: 33.4322
Batch 25150 | Loss: 3.5001 | Perplexity: 33.1178
Batch 25160 | Loss: 3.5443 | Perplexity: 34.6158
Batch 25170 | Loss: 3.5142 | Perplexity: 33.5896
Batch 25180 | Loss: 3.4924 | Perplexity: 32.8651
Batch 25190 | Loss: 3.5107 | Perplexity: 33.4731
Batch 25200 | Loss: 3.4539 | Perplexity: 31.6227
Batch 25210 | Loss: 3.5183 | Perplexity: 33.7277
Batch 25220 | Loss: 3.4692 | Perplexity: 32.1098
Batch 25230 | Loss: 3.5459 | Perplexity: 34.6699
Batch 25240 | Loss: 3.4632 | Perplexity: 31.9191
Batch 25250 | Loss: 3.5620 | Perplexity: 35.2352
Batch 25260 | Loss: 3.5175 | Perplexity: 33.7005
Batch 25270 | Loss: 3.5548 | Perplexity: 34.9820
Batch 25280 | Loss: 3.4862 | Perplexity: 32.6630
Batch 25290 | Loss: 3.5070 | Perplexity: 33.3470
Batch 25300 | Loss: 3.5366 | Perplexity: 34.3515
Batch 25310 | Loss: 3.5492 | Perplexity: 34.7862
Batch 25320 | Loss: 3.5651 | Perplexity: 35.3421
Batch 25330 | Loss: 3.5577 | Perplexity: 35.0825
Batch 25340 | Loss: 3.4741 | Perplexity: 32.2692
Batch 25350 | Loss: 3.5153 | Perplexity: 33.6248
Batch 25360 | Loss: 3.5258 | Perplexity: 33.9805
Batch 25370 | Loss: 3.5129 | Perplexity: 33.5439
Batch 25380 | Loss: 3.5162 | Perplexity: 33.6558
Batch 25390 | Loss: 3.5505 | Perplexity: 34.8313
Batch 25400 | Loss: 3.5515 | Perplexity: 34.8643
Batch 25410 | Loss: 3.5474 | Perplexity: 34.7224
Batch 25420 | Loss: 3.5517 | Perplexity: 34.8709
Batch 25430 | Loss: 3.5258 | Perplexity: 33.9806
Batch 25440 | Loss: 3.5872 | Perplexity: 36.1342
Batch 25450 | Loss: 3.4979 | Perplexity: 33.0447
Batch 25460 | Loss: 3.4814 | Perplexity: 32.5037
Batch 25470 | Loss: 3.5142 | Perplexity: 33.5889
Batch 25480 | Loss: 3.4887 | Perplexity: 32.7419
Batch 25490 | Loss: 3.5225 | Perplexity: 33.8684
Epoch 50 | Loss: 3.4736 | Perplexity: 32.2521
Succesfully saved parameters to path
Batch 25500 | Loss: 3.4690 | Perplexity: 32.1036
Batch 25510 | Loss: 3.5526 | Perplexity: 34.9040
Batch 25520 | Loss: 3.5324 | Perplexity: 34.2057
Batch 25530 | Loss: 3.4760 | Perplexity: 32.3317
Batch 25540 | Loss: 3.5954 | Perplexity: 36.4317
Batch 25550 | Loss: 3.5370 | Perplexity: 34.3629
Batch 25560 | Loss: 3.5805 | Perplexity: 35.8921
Batch 25570 | Loss: 3.4535 | Perplexity: 31.6100
Batch 25580 | Loss: 3.5703 | Perplexity: 35.5272
Batch 25590 | Loss: 3.5614 | Perplexity: 35.2134
Batch 25600 | Loss: 3.5904 | Perplexity: 36.2497
Batch 25610 | Loss: 3.5595 | Perplexity: 35.1459
Batch 25620 | Loss: 3.5493 | Perplexity: 34.7894
Batch 25630 | Loss: 3.5177 | Perplexity: 33.7061
Batch 25640 | Loss: 3.5509 | Perplexity: 34.8459
Batch 25650 | Loss: 3.4784 | Perplexity: 32.4089
Batch 25660 | Loss: 3.5664 | Perplexity: 35.3875
Batch 25670 | Loss: 3.5284 | Perplexity: 34.0694
Batch 25680 | Loss: 3.5412 | Perplexity: 34.5094
Batch 25690 | Loss: 3.5524 | Perplexity: 34.8953
Batch 25700 | Loss: 3.5249 | Perplexity: 33.9513
Batch 25710 | Loss: 3.5259 | Perplexity: 33.9833
Batch 25720 | Loss: 3.5089 | Perplexity: 33.4122
Batch 25730 | Loss: 3.5148 | Perplexity: 33.6092
Batch 25740 | Loss: 3.5139 | Perplexity: 33.5777
Batch 25750 | Loss: 3.5331 | Perplexity: 34.2300
Batch 25760 | Loss: 3.5159 | Perplexity: 33.6462
Batch 25770 | Loss: 3.5165 | Perplexity: 33.6664
Batch 25780 | Loss: 3.5576 | Perplexity: 35.0806
Batch 25790 | Loss: 3.5321 | Perplexity: 34.1952
Batch 25800 | Loss: 3.4849 | Perplexity: 32.6201
Batch 25810 | Loss: 3.4667 | Perplexity: 32.0312
Batch 25820 | Loss: 3.5384 | Perplexity: 34.4128
Batch 25830 | Loss: 3.4897 | Perplexity: 32.7748
Batch 25840 | Loss: 3.4648 | Perplexity: 31.9688
Batch 25850 | Loss: 3.4116 | Perplexity: 30.3127
Batch 25860 | Loss: 3.5568 | Perplexity: 35.0510
Batch 25870 | Loss: 3.5656 | Perplexity: 35.3597
Batch 25880 | Loss: 3.5084 | Perplexity: 33.3934
Batch 25890 | Loss: 3.5591 | Perplexity: 35.1307
Batch 25900 | Loss: 3.4753 | Perplexity: 32.3082
Batch 25910 | Loss: 3.5465 | Perplexity: 34.6926
Batch 25920 | Loss: 3.5336 | Perplexity: 34.2463
Batch 25930 | Loss: 3.5602 | Perplexity: 35.1713
Batch 25940 | Loss: 3.5071 | Perplexity: 33.3511
Batch 25950 | Loss: 3.4558 | Perplexity: 31.6829
Batch 25960 | Loss: 3.4853 | Perplexity: 32.6334
Batch 25970 | Loss: 3.5338 | Perplexity: 34.2542
Batch 25980 | Loss: 3.5570 | Perplexity: 35.0576
Batch 25990 | Loss: 3.5658 | Perplexity: 35.3673
Epoch 51 | Loss: 3.5316 | Perplexity: 34.1800
Batch 26000 | Loss: 3.5520 | Perplexity: 34.8814
Batch 26010 | Loss: 3.5421 | Perplexity: 34.5403
Batch 26020 | Loss: 3.5147 | Perplexity: 33.6074
Batch 26030 | Loss: 3.5276 | Perplexity: 34.0422
Batch 26040 | Loss: 3.5946 | Perplexity: 36.4015
Batch 26050 | Loss: 3.4326 | Perplexity: 30.9559
Batch 26060 | Loss: 3.4348 | Perplexity: 31.0250
Batch 26070 | Loss: 3.5492 | Perplexity: 34.7872
Batch 26080 | Loss: 3.5212 | Perplexity: 33.8265
Batch 26090 | Loss: 3.5061 | Perplexity: 33.3185
Batch 26100 | Loss: 3.4664 | Perplexity: 32.0225
Batch 26110 | Loss: 3.5546 | Perplexity: 34.9754
Batch 26120 | Loss: 3.4545 | Perplexity: 31.6409
Batch 26130 | Loss: 3.5139 | Perplexity: 33.5804
Batch 26140 | Loss: 3.4547 | Perplexity: 31.6475
Batch 26150 | Loss: 3.5284 | Perplexity: 34.0681
Batch 26160 | Loss: 3.4884 | Perplexity: 32.7342
Batch 26170 | Loss: 3.5015 | Perplexity: 33.1661
Batch 26180 | Loss: 3.5477 | Perplexity: 34.7340
Batch 26190 | Loss: 3.4769 | Perplexity: 32.3580
Batch 26200 | Loss: 3.5193 | Perplexity: 33.7622
Batch 26210 | Loss: 3.4808 | Perplexity: 32.4848
Batch 26220 | Loss: 3.5050 | Perplexity: 33.2813
Batch 26230 | Loss: 3.5598 | Perplexity: 35.1548
Batch 26240 | Loss: 3.5227 | Perplexity: 33.8750
Batch 26250 | Loss: 3.5561 | Perplexity: 35.0271
Batch 26260 | Loss: 3.5082 | Perplexity: 33.3884
Batch 26270 | Loss: 3.4622 | Perplexity: 31.8870
Batch 26280 | Loss: 3.5484 | Perplexity: 34.7584
Batch 26290 | Loss: 3.5096 | Perplexity: 33.4344
Batch 26300 | Loss: 3.5158 | Perplexity: 33.6440
Batch 26310 | Loss: 3.5513 | Perplexity: 34.8584
Batch 26320 | Loss: 3.5156 | Perplexity: 33.6361
Batch 26330 | Loss: 3.4518 | Perplexity: 31.5584
Batch 26340 | Loss: 3.4886 | Perplexity: 32.7404
Batch 26350 | Loss: 3.5403 | Perplexity: 34.4767
Batch 26360 | Loss: 3.5218 | Perplexity: 33.8444
Batch 26370 | Loss: 3.5530 | Perplexity: 34.9182
Batch 26380 | Loss: 3.5687 | Perplexity: 35.4707
Batch 26390 | Loss: 3.4503 | Perplexity: 31.5112
Batch 26400 | Loss: 3.5069 | Perplexity: 33.3457
Batch 26410 | Loss: 3.4805 | Perplexity: 32.4752
Batch 26420 | Loss: 3.5555 | Perplexity: 35.0051
Batch 26430 | Loss: 3.4396 | Perplexity: 31.1737
Batch 26440 | Loss: 3.5171 | Perplexity: 33.6872
Batch 26450 | Loss: 3.5820 | Perplexity: 35.9443
Batch 26460 | Loss: 3.4638 | Perplexity: 31.9373
Batch 26470 | Loss: 3.5819 | Perplexity: 35.9433
Batch 26480 | Loss: 3.5461 | Perplexity: 34.6786
Batch 26490 | Loss: 3.4376 | Perplexity: 31.1114
Epoch 52 | Loss: 3.5676 | Perplexity: 35.4311
Batch 26500 | Loss: 3.5213 | Perplexity: 33.8268
Batch 26510 | Loss: 3.4938 | Perplexity: 32.9106
Batch 26520 | Loss: 3.5584 | Perplexity: 35.1059
Batch 26530 | Loss: 3.5056 | Perplexity: 33.3010
Batch 26540 | Loss: 3.5171 | Perplexity: 33.6878
Batch 26550 | Loss: 3.5300 | Perplexity: 34.1250
Batch 26560 | Loss: 3.4986 | Perplexity: 33.0683
Batch 26570 | Loss: 3.5492 | Perplexity: 34.7839
Batch 26580 | Loss: 3.4891 | Perplexity: 32.7561
Batch 26590 | Loss: 3.5075 | Perplexity: 33.3635
Batch 26600 | Loss: 3.5381 | Perplexity: 34.4027
Batch 26610 | Loss: 3.5644 | Perplexity: 35.3199
Batch 26620 | Loss: 3.5241 | Perplexity: 33.9226
Batch 26630 | Loss: 3.5513 | Perplexity: 34.8588
Batch 26640 | Loss: 3.4666 | Perplexity: 32.0279
Batch 26650 | Loss: 3.5068 | Perplexity: 33.3414
Batch 26660 | Loss: 3.5448 | Perplexity: 34.6337
Batch 26670 | Loss: 3.5459 | Perplexity: 34.6706
Batch 26680 | Loss: 3.5406 | Perplexity: 34.4863
Batch 26690 | Loss: 3.5882 | Perplexity: 36.1703
Batch 26700 | Loss: 3.4396 | Perplexity: 31.1730
Batch 26710 | Loss: 3.5182 | Perplexity: 33.7242
Batch 26720 | Loss: 3.4686 | Perplexity: 32.0927
Batch 26730 | Loss: 3.5305 | Perplexity: 34.1422
Batch 26740 | Loss: 3.5377 | Perplexity: 34.3883
Batch 26750 | Loss: 3.5024 | Perplexity: 33.1954
Batch 26760 | Loss: 3.5589 | Perplexity: 35.1261
Batch 26770 | Loss: 3.5053 | Perplexity: 33.2920
Batch 26780 | Loss: 3.4642 | Perplexity: 31.9498
Batch 26790 | Loss: 3.4991 | Perplexity: 33.0872
Batch 26800 | Loss: 3.4871 | Perplexity: 32.6894
Batch 26810 | Loss: 3.5156 | Perplexity: 33.6374
Batch 26820 | Loss: 3.5368 | Perplexity: 34.3577
Batch 26830 | Loss: 3.4756 | Perplexity: 32.3163
Batch 26840 | Loss: 3.4672 | Perplexity: 32.0483
Batch 26850 | Loss: 3.5418 | Perplexity: 34.5278
Batch 26860 | Loss: 3.5237 | Perplexity: 33.9105
Batch 26870 | Loss: 3.4767 | Perplexity: 32.3533
Batch 26880 | Loss: 3.4481 | Perplexity: 31.4400
Batch 26890 | Loss: 3.5072 | Perplexity: 33.3554
Batch 26900 | Loss: 3.5375 | Perplexity: 34.3792
Batch 26910 | Loss: 3.5744 | Perplexity: 35.6728
Batch 26920 | Loss: 3.5490 | Perplexity: 34.7776
Batch 26930 | Loss: 3.5296 | Perplexity: 34.1113
Batch 26940 | Loss: 3.5279 | Perplexity: 34.0521
Batch 26950 | Loss: 3.4590 | Perplexity: 31.7861
Batch 26960 | Loss: 3.4695 | Perplexity: 32.1218
Batch 26970 | Loss: 3.4770 | Perplexity: 32.3627
Batch 26980 | Loss: 3.4576 | Perplexity: 31.7403
Batch 26990 | Loss: 3.4872 | Perplexity: 32.6937
Epoch 53 | Loss: 3.5464 | Perplexity: 34.6886
Batch 27000 | Loss: 3.5259 | Perplexity: 33.9832
Batch 27010 | Loss: 3.4550 | Perplexity: 31.6575
Batch 27020 | Loss: 3.4717 | Perplexity: 32.1903
Batch 27030 | Loss: 3.5478 | Perplexity: 34.7366
Batch 27040 | Loss: 3.5323 | Perplexity: 34.2035
Batch 27050 | Loss: 3.5234 | Perplexity: 33.8981
Batch 27060 | Loss: 3.5589 | Perplexity: 35.1260
Batch 27070 | Loss: 3.5307 | Perplexity: 34.1491
Batch 27080 | Loss: 3.4928 | Perplexity: 32.8775
Batch 27090 | Loss: 3.4626 | Perplexity: 31.8993
Batch 27100 | Loss: 3.5539 | Perplexity: 34.9493
Batch 27110 | Loss: 3.5695 | Perplexity: 35.4996
Batch 27120 | Loss: 3.5032 | Perplexity: 33.2214
Batch 27130 | Loss: 3.5453 | Perplexity: 34.6499
Batch 27140 | Loss: 3.4721 | Perplexity: 32.2033
Batch 27150 | Loss: 3.4734 | Perplexity: 32.2474
Batch 27160 | Loss: 3.5344 | Perplexity: 34.2761
Batch 27170 | Loss: 3.4819 | Perplexity: 32.5199
Batch 27180 | Loss: 3.5454 | Perplexity: 34.6545
Batch 27190 | Loss: 3.4546 | Perplexity: 31.6465
Batch 27200 | Loss: 3.4876 | Perplexity: 32.7072
Batch 27210 | Loss: 3.4480 | Perplexity: 31.4390
Batch 27220 | Loss: 3.5730 | Perplexity: 35.6240
Batch 27230 | Loss: 3.4782 | Perplexity: 32.4026
Batch 27240 | Loss: 3.4279 | Perplexity: 30.8113
Batch 27250 | Loss: 3.5168 | Perplexity: 33.6761
Batch 27260 | Loss: 3.5297 | Perplexity: 34.1152
Batch 27270 | Loss: 3.4813 | Perplexity: 32.5027
Batch 27280 | Loss: 3.5422 | Perplexity: 34.5431
Batch 27290 | Loss: 3.5011 | Perplexity: 33.1517
Batch 27300 | Loss: 3.5266 | Perplexity: 34.0089
Batch 27310 | Loss: 3.5362 | Perplexity: 34.3349
Batch 27320 | Loss: 3.5122 | Perplexity: 33.5217
Batch 27330 | Loss: 3.5615 | Perplexity: 35.2150
Batch 27340 | Loss: 3.5366 | Perplexity: 34.3507
Batch 27350 | Loss: 3.5243 | Perplexity: 33.9285
Batch 27360 | Loss: 3.4232 | Perplexity: 30.6676
Batch 27370 | Loss: 3.4517 | Perplexity: 31.5543
Batch 27380 | Loss: 3.5642 | Perplexity: 35.3111
Batch 27390 | Loss: 3.5096 | Perplexity: 33.4361
Batch 27400 | Loss: 3.4653 | Perplexity: 31.9852
Batch 27410 | Loss: 3.5042 | Perplexity: 33.2556
Batch 27420 | Loss: 3.4812 | Perplexity: 32.4992
Batch 27430 | Loss: 3.4063 | Perplexity: 30.1548
Batch 27440 | Loss: 3.4648 | Perplexity: 31.9690
Batch 27450 | Loss: 3.5312 | Perplexity: 34.1662
Batch 27460 | Loss: 3.5225 | Perplexity: 33.8675
Batch 27470 | Loss: 3.4772 | Perplexity: 32.3704
Batch 27480 | Loss: 3.5218 | Perplexity: 33.8457
Batch 27490 | Loss: 3.4949 | Perplexity: 32.9485
Epoch 54 | Loss: 3.3431 | Perplexity: 28.3057
Batch 27500 | Loss: 3.5666 | Perplexity: 35.3950
Batch 27510 | Loss: 3.4635 | Perplexity: 31.9291
Batch 27520 | Loss: 3.5446 | Perplexity: 34.6265
Batch 27530 | Loss: 3.4995 | Perplexity: 33.0973
Batch 27540 | Loss: 3.5771 | Perplexity: 35.7705
Batch 27550 | Loss: 3.5226 | Perplexity: 33.8730
Batch 27560 | Loss: 3.4337 | Perplexity: 30.9917
Batch 27570 | Loss: 3.5499 | Perplexity: 34.8111
Batch 27580 | Loss: 3.4731 | Perplexity: 32.2351
Batch 27590 | Loss: 3.4979 | Perplexity: 33.0469
Batch 27600 | Loss: 3.5168 | Perplexity: 33.6768
Batch 27610 | Loss: 3.5382 | Perplexity: 34.4042
Batch 27620 | Loss: 3.4791 | Perplexity: 32.4293
Batch 27630 | Loss: 3.5257 | Perplexity: 33.9772
Batch 27640 | Loss: 3.4754 | Perplexity: 32.3092
Batch 27650 | Loss: 3.4763 | Perplexity: 32.3414
Batch 27660 | Loss: 3.5410 | Perplexity: 34.5004
Batch 27670 | Loss: 3.4831 | Perplexity: 32.5594
Batch 27680 | Loss: 3.4956 | Perplexity: 32.9711
Batch 27690 | Loss: 3.5408 | Perplexity: 34.4955
Batch 27700 | Loss: 3.5283 | Perplexity: 34.0666
Batch 27710 | Loss: 3.5103 | Perplexity: 33.4593
Batch 27720 | Loss: 3.5005 | Perplexity: 33.1306
Batch 27730 | Loss: 3.4219 | Perplexity: 30.6269
Batch 27740 | Loss: 3.5627 | Perplexity: 35.2577
Batch 27750 | Loss: 3.5164 | Perplexity: 33.6631
Batch 27760 | Loss: 3.4816 | Perplexity: 32.5133
Batch 27770 | Loss: 3.5059 | Perplexity: 33.3111
Batch 27780 | Loss: 3.4889 | Perplexity: 32.7505
Batch 27790 | Loss: 3.5442 | Perplexity: 34.6125
Batch 27800 | Loss: 3.4651 | Perplexity: 31.9787
Batch 27810 | Loss: 3.4949 | Perplexity: 32.9456
Batch 27820 | Loss: 3.4179 | Perplexity: 30.5054
Batch 27830 | Loss: 3.5178 | Perplexity: 33.7101
Batch 27840 | Loss: 3.4565 | Perplexity: 31.7051
Batch 27850 | Loss: 3.5978 | Perplexity: 36.5168
Batch 27860 | Loss: 3.4822 | Perplexity: 32.5302
Batch 27870 | Loss: 3.5228 | Perplexity: 33.8804
Batch 27880 | Loss: 3.5835 | Perplexity: 35.9989
Batch 27890 | Loss: 3.4946 | Perplexity: 32.9383
Batch 27900 | Loss: 3.4082 | Perplexity: 30.2114
Batch 27910 | Loss: 3.4589 | Perplexity: 31.7810
Batch 27920 | Loss: 3.4824 | Perplexity: 32.5386
Batch 27930 | Loss: 3.5574 | Perplexity: 35.0711
Batch 27940 | Loss: 3.5149 | Perplexity: 33.6133
Batch 27950 | Loss: 3.5522 | Perplexity: 34.8916
Batch 27960 | Loss: 3.4902 | Perplexity: 32.7936
Batch 27970 | Loss: 3.4739 | Perplexity: 32.2620
Batch 27980 | Loss: 3.4915 | Perplexity: 32.8342
Batch 27990 | Loss: 3.5218 | Perplexity: 33.8437
Epoch 55 | Loss: 3.7222 | Perplexity: 41.3555
Succesfully saved parameters to path
Batch 28000 | Loss: 3.5635 | Perplexity: 35.2861
Batch 28010 | Loss: 3.5339 | Perplexity: 34.2578
Batch 28020 | Loss: 3.4821 | Perplexity: 32.5287
Batch 28030 | Loss: 3.5037 | Perplexity: 33.2369
Batch 28040 | Loss: 3.5063 | Perplexity: 33.3261
Batch 28050 | Loss: 3.4486 | Perplexity: 31.4568
Batch 28060 | Loss: 3.5245 | Perplexity: 33.9355
Batch 28070 | Loss: 3.5181 | Perplexity: 33.7209
Batch 28080 | Loss: 3.4834 | Perplexity: 32.5711
Batch 28090 | Loss: 3.5141 | Perplexity: 33.5858
Batch 28100 | Loss: 3.5180 | Perplexity: 33.7166
Batch 28110 | Loss: 3.5720 | Perplexity: 35.5863
Batch 28120 | Loss: 3.4837 | Perplexity: 32.5812
Batch 28130 | Loss: 3.4953 | Perplexity: 32.9605
Batch 28140 | Loss: 3.4765 | Perplexity: 32.3470
Batch 28150 | Loss: 3.5091 | Perplexity: 33.4181
Batch 28160 | Loss: 3.4426 | Perplexity: 31.2681
Batch 28170 | Loss: 3.5210 | Perplexity: 33.8168
Batch 28180 | Loss: 3.5092 | Perplexity: 33.4226
Batch 28190 | Loss: 3.5360 | Perplexity: 34.3276
Batch 28200 | Loss: 3.4594 | Perplexity: 31.7977
Batch 28210 | Loss: 3.5136 | Perplexity: 33.5702
Batch 28220 | Loss: 3.4245 | Perplexity: 30.7075
Batch 28230 | Loss: 3.4303 | Perplexity: 30.8864
Batch 28240 | Loss: 3.5198 | Perplexity: 33.7770
Batch 28250 | Loss: 3.5048 | Perplexity: 33.2734
Batch 28260 | Loss: 3.4717 | Perplexity: 32.1928
Batch 28270 | Loss: 3.5294 | Perplexity: 34.1048
Batch 28280 | Loss: 3.5228 | Perplexity: 33.8786
Batch 28290 | Loss: 3.4521 | Perplexity: 31.5682
Batch 28300 | Loss: 3.4954 | Perplexity: 32.9636
Batch 28310 | Loss: 3.5063 | Perplexity: 33.3263
Batch 28320 | Loss: 3.5689 | Perplexity: 35.4772
Batch 28330 | Loss: 3.5339 | Perplexity: 34.2559
Batch 28340 | Loss: 3.5919 | Perplexity: 36.3039
Batch 28350 | Loss: 3.5968 | Perplexity: 36.4806
Batch 28360 | Loss: 3.5135 | Perplexity: 33.5659
Batch 28370 | Loss: 3.4973 | Perplexity: 33.0246
Batch 28380 | Loss: 3.5339 | Perplexity: 34.2581
Batch 28390 | Loss: 3.5116 | Perplexity: 33.5004
Batch 28400 | Loss: 3.5384 | Perplexity: 34.4111
Batch 28410 | Loss: 3.5408 | Perplexity: 34.4958
Batch 28420 | Loss: 3.5193 | Perplexity: 33.7610
Batch 28430 | Loss: 3.4842 | Perplexity: 32.5949
Batch 28440 | Loss: 3.5644 | Perplexity: 35.3188
Batch 28450 | Loss: 3.4579 | Perplexity: 31.7489
Batch 28460 | Loss: 3.5070 | Perplexity: 33.3495
Batch 28470 | Loss: 3.5104 | Perplexity: 33.4611
Batch 28480 | Loss: 3.5352 | Perplexity: 34.3032
Batch 28490 | Loss: 3.4750 | Perplexity: 32.2982
Epoch 56 | Loss: 3.4841 | Perplexity: 32.5926
Batch 28500 | Loss: 3.4863 | Perplexity: 32.6647
Batch 28510 | Loss: 3.4647 | Perplexity: 31.9656
Batch 28520 | Loss: 3.5356 | Perplexity: 34.3150
Batch 28530 | Loss: 3.5254 | Perplexity: 33.9664
Batch 28540 | Loss: 3.5222 | Perplexity: 33.8593
Batch 28550 | Loss: 3.4539 | Perplexity: 31.6234
Batch 28560 | Loss: 3.5077 | Perplexity: 33.3704
Batch 28570 | Loss: 3.5024 | Perplexity: 33.1953
Batch 28580 | Loss: 3.4658 | Perplexity: 32.0026
Batch 28590 | Loss: 3.4738 | Perplexity: 32.2594
Batch 28600 | Loss: 3.5213 | Perplexity: 33.8286
Batch 28610 | Loss: 3.4948 | Perplexity: 32.9428
Batch 28620 | Loss: 3.4833 | Perplexity: 32.5686
Batch 28630 | Loss: 3.4886 | Perplexity: 32.7394
Batch 28640 | Loss: 3.5540 | Perplexity: 34.9536
Batch 28650 | Loss: 3.4539 | Perplexity: 31.6221
Batch 28660 | Loss: 3.5104 | Perplexity: 33.4601
Batch 28670 | Loss: 3.5003 | Perplexity: 33.1242
Batch 28680 | Loss: 3.5085 | Perplexity: 33.3979
Batch 28690 | Loss: 3.4858 | Perplexity: 32.6483
Batch 28700 | Loss: 3.4380 | Perplexity: 31.1237
Batch 28710 | Loss: 3.4663 | Perplexity: 32.0176
Batch 28720 | Loss: 3.5444 | Perplexity: 34.6194
Batch 28730 | Loss: 3.4834 | Perplexity: 32.5705
Batch 28740 | Loss: 3.4733 | Perplexity: 32.2430
Batch 28750 | Loss: 3.4789 | Perplexity: 32.4238
Batch 28760 | Loss: 3.4814 | Perplexity: 32.5052
Batch 28770 | Loss: 3.4549 | Perplexity: 31.6539
Batch 28780 | Loss: 3.5412 | Perplexity: 34.5093
Batch 28790 | Loss: 3.5387 | Perplexity: 34.4219
Batch 28800 | Loss: 3.5347 | Perplexity: 34.2834
Batch 28810 | Loss: 3.4511 | Perplexity: 31.5337
Batch 28820 | Loss: 3.4723 | Perplexity: 32.2110
Batch 28830 | Loss: 3.4895 | Perplexity: 32.7706
Batch 28840 | Loss: 3.5153 | Perplexity: 33.6276
Batch 28850 | Loss: 3.4614 | Perplexity: 31.8611
Batch 28860 | Loss: 3.5293 | Perplexity: 34.0992
Batch 28870 | Loss: 3.5002 | Perplexity: 33.1224
Batch 28880 | Loss: 3.5313 | Perplexity: 34.1684
Batch 28890 | Loss: 3.5358 | Perplexity: 34.3227
Batch 28900 | Loss: 3.4866 | Perplexity: 32.6734
Batch 28910 | Loss: 3.5681 | Perplexity: 35.4477
Batch 28920 | Loss: 3.4819 | Perplexity: 32.5224
Batch 28930 | Loss: 3.5457 | Perplexity: 34.6623
Batch 28940 | Loss: 3.4921 | Perplexity: 32.8549
Batch 28950 | Loss: 3.5391 | Perplexity: 34.4360
Batch 28960 | Loss: 3.5718 | Perplexity: 35.5795
Batch 28970 | Loss: 3.5340 | Perplexity: 34.2616
Batch 28980 | Loss: 3.4424 | Perplexity: 31.2620
Batch 28990 | Loss: 3.4664 | Perplexity: 32.0200
Epoch 57 | Loss: 3.4513 | Perplexity: 31.5419
Batch 29000 | Loss: 3.4979 | Perplexity: 33.0452
Batch 29010 | Loss: 3.4591 | Perplexity: 31.7877
Batch 29020 | Loss: 3.5729 | Perplexity: 35.6199
Batch 29030 | Loss: 3.5127 | Perplexity: 33.5382
Batch 29040 | Loss: 3.5001 | Perplexity: 33.1201
Batch 29050 | Loss: 3.5744 | Perplexity: 35.6750
Batch 29060 | Loss: 3.5348 | Perplexity: 34.2871
Batch 29070 | Loss: 3.4919 | Perplexity: 32.8491
Batch 29080 | Loss: 3.5220 | Perplexity: 33.8529
Batch 29090 | Loss: 3.4150 | Perplexity: 30.4180
Batch 29100 | Loss: 3.5168 | Perplexity: 33.6774
Batch 29110 | Loss: 3.4006 | Perplexity: 29.9813
Batch 29120 | Loss: 3.5014 | Perplexity: 33.1614
Batch 29130 | Loss: 3.5243 | Perplexity: 33.9313
Batch 29140 | Loss: 3.5152 | Perplexity: 33.6234
Batch 29150 | Loss: 3.4776 | Perplexity: 32.3810
Batch 29160 | Loss: 3.5287 | Perplexity: 34.0789
Batch 29170 | Loss: 3.4980 | Perplexity: 33.0501
Batch 29180 | Loss: 3.5065 | Perplexity: 33.3329
Batch 29190 | Loss: 3.4679 | Perplexity: 32.0702
Batch 29200 | Loss: 3.5189 | Perplexity: 33.7473
Batch 29210 | Loss: 3.4157 | Perplexity: 30.4384
Batch 29220 | Loss: 3.5399 | Perplexity: 34.4620
Batch 29230 | Loss: 3.5105 | Perplexity: 33.4640
Batch 29240 | Loss: 3.4664 | Perplexity: 32.0199
Batch 29250 | Loss: 3.4894 | Perplexity: 32.7662
Batch 29260 | Loss: 3.4871 | Perplexity: 32.6922
Batch 29270 | Loss: 3.4916 | Perplexity: 32.8384
Batch 29280 | Loss: 3.5047 | Perplexity: 33.2703
Batch 29290 | Loss: 3.5162 | Perplexity: 33.6572
Batch 29300 | Loss: 3.5334 | Perplexity: 34.2408
Batch 29310 | Loss: 3.5002 | Perplexity: 33.1226
Batch 29320 | Loss: 3.5327 | Perplexity: 34.2155
Batch 29330 | Loss: 3.4327 | Perplexity: 30.9596
Batch 29340 | Loss: 3.5335 | Perplexity: 34.2435
Batch 29350 | Loss: 3.5059 | Perplexity: 33.3121
Batch 29360 | Loss: 3.5025 | Perplexity: 33.1980
Batch 29370 | Loss: 3.4586 | Perplexity: 31.7740
Batch 29380 | Loss: 3.4618 | Perplexity: 31.8745
Batch 29390 | Loss: 3.4756 | Perplexity: 32.3172
Batch 29400 | Loss: 3.5291 | Perplexity: 34.0926
Batch 29410 | Loss: 3.5151 | Perplexity: 33.6194
Batch 29420 | Loss: 3.4733 | Perplexity: 32.2424
Batch 29430 | Loss: 3.4897 | Perplexity: 32.7764
Batch 29440 | Loss: 3.4656 | Perplexity: 31.9972
Batch 29450 | Loss: 3.4586 | Perplexity: 31.7727
Batch 29460 | Loss: 3.5298 | Perplexity: 34.1170
Batch 29470 | Loss: 3.4999 | Perplexity: 33.1130
Batch 29480 | Loss: 3.4976 | Perplexity: 33.0361
Batch 29490 | Loss: 3.5033 | Perplexity: 33.2257
Epoch 58 | Loss: 3.4127 | Perplexity: 30.3458
Batch 29500 | Loss: 3.4368 | Perplexity: 31.0875
Batch 29510 | Loss: 3.4939 | Perplexity: 32.9134
Batch 29520 | Loss: 3.4510 | Perplexity: 31.5308
Batch 29530 | Loss: 3.4821 | Perplexity: 32.5294
Batch 29540 | Loss: 3.5594 | Perplexity: 35.1410
Batch 29550 | Loss: 3.5470 | Perplexity: 34.7079
Batch 29560 | Loss: 3.4772 | Perplexity: 32.3688
Batch 29570 | Loss: 3.5917 | Perplexity: 36.2957
Batch 29580 | Loss: 3.5402 | Perplexity: 34.4741
Batch 29590 | Loss: 3.5011 | Perplexity: 33.1503
Batch 29600 | Loss: 3.4936 | Perplexity: 32.9029
Batch 29610 | Loss: 3.4713 | Perplexity: 32.1790
Batch 29620 | Loss: 3.4929 | Perplexity: 32.8815
Batch 29630 | Loss: 3.4527 | Perplexity: 31.5851
Batch 29640 | Loss: 3.4386 | Perplexity: 31.1432
Batch 29650 | Loss: 3.4975 | Perplexity: 33.0339
Batch 29660 | Loss: 3.5213 | Perplexity: 33.8294
Batch 29670 | Loss: 3.4748 | Perplexity: 32.2914
Batch 29680 | Loss: 3.5146 | Perplexity: 33.6015
Batch 29690 | Loss: 3.5166 | Perplexity: 33.6698
Batch 29700 | Loss: 3.4995 | Perplexity: 33.0978
Batch 29710 | Loss: 3.5176 | Perplexity: 33.7036
Batch 29720 | Loss: 3.4966 | Perplexity: 33.0036
Batch 29730 | Loss: 3.4510 | Perplexity: 31.5305
Batch 29740 | Loss: 3.5217 | Perplexity: 33.8421
Batch 29750 | Loss: 3.5369 | Perplexity: 34.3615
Batch 29760 | Loss: 3.4877 | Perplexity: 32.7108
Batch 29770 | Loss: 3.5461 | Perplexity: 34.6776
Batch 29780 | Loss: 3.4188 | Perplexity: 30.5329
Batch 29790 | Loss: 3.5499 | Perplexity: 34.8108
Batch 29800 | Loss: 3.5409 | Perplexity: 34.4995
Batch 29810 | Loss: 3.4623 | Perplexity: 31.8892
Batch 29820 | Loss: 3.4969 | Perplexity: 33.0144
Batch 29830 | Loss: 3.5111 | Perplexity: 33.4850
Batch 29840 | Loss: 3.5711 | Perplexity: 35.5556
Batch 29850 | Loss: 3.4258 | Perplexity: 30.7462
Batch 29860 | Loss: 3.4881 | Perplexity: 32.7221
Batch 29870 | Loss: 3.5235 | Perplexity: 33.9027
Batch 29880 | Loss: 3.5212 | Perplexity: 33.8235
Batch 29890 | Loss: 3.4847 | Perplexity: 32.6140
Batch 29900 | Loss: 3.5275 | Perplexity: 34.0380
Batch 29910 | Loss: 3.5935 | Perplexity: 36.3622
Batch 29920 | Loss: 3.4436 | Perplexity: 31.2992
Batch 29930 | Loss: 3.4970 | Perplexity: 33.0174
Batch 29940 | Loss: 3.4862 | Perplexity: 32.6615
Batch 29950 | Loss: 3.4517 | Perplexity: 31.5531
Batch 29960 | Loss: 3.5511 | Perplexity: 34.8523
Batch 29970 | Loss: 3.4733 | Perplexity: 32.2436
Batch 29980 | Loss: 3.4839 | Perplexity: 32.5857
Batch 29990 | Loss: 3.4591 | Perplexity: 31.7872
Epoch 59 | Loss: 3.5562 | Perplexity: 35.0311
Batch 30000 | Loss: 3.5146 | Perplexity: 33.6031
Batch 30010 | Loss: 3.4787 | Perplexity: 32.4162
Batch 30020 | Loss: 3.5074 | Perplexity: 33.3614
Batch 30030 | Loss: 3.5601 | Perplexity: 35.1666
Batch 30040 | Loss: 3.4247 | Perplexity: 30.7148
Batch 30050 | Loss: 3.4728 | Perplexity: 32.2270
Batch 30060 | Loss: 3.4931 | Perplexity: 32.8877
Batch 30070 | Loss: 3.5167 | Perplexity: 33.6734
Batch 30080 | Loss: 3.4756 | Perplexity: 32.3180
Batch 30090 | Loss: 3.5071 | Perplexity: 33.3520
Batch 30100 | Loss: 3.5134 | Perplexity: 33.5617
Batch 30110 | Loss: 3.5199 | Perplexity: 33.7825
Batch 30120 | Loss: 3.4590 | Perplexity: 31.7843
Batch 30130 | Loss: 3.5841 | Perplexity: 36.0196
Batch 30140 | Loss: 3.4432 | Perplexity: 31.2880
Batch 30150 | Loss: 3.4881 | Perplexity: 32.7246
Batch 30160 | Loss: 3.5421 | Perplexity: 34.5383
Batch 30170 | Loss: 3.4854 | Perplexity: 32.6369
Batch 30180 | Loss: 3.4562 | Perplexity: 31.6962
Batch 30190 | Loss: 3.4888 | Perplexity: 32.7481
Batch 30200 | Loss: 3.5046 | Perplexity: 33.2682
Batch 30210 | Loss: 3.4869 | Perplexity: 32.6854
Batch 30220 | Loss: 3.4139 | Perplexity: 30.3849
Batch 30230 | Loss: 3.4677 | Perplexity: 32.0645
Batch 30240 | Loss: 3.4111 | Perplexity: 30.2983
Batch 30250 | Loss: 3.5465 | Perplexity: 34.6929
Batch 30260 | Loss: 3.4621 | Perplexity: 31.8838
Batch 30270 | Loss: 3.5257 | Perplexity: 33.9780
Batch 30280 | Loss: 3.4455 | Perplexity: 31.3589
Batch 30290 | Loss: 3.4560 | Perplexity: 31.6885
Batch 30300 | Loss: 3.4799 | Perplexity: 32.4576
Batch 30310 | Loss: 3.5226 | Perplexity: 33.8723
Batch 30320 | Loss: 3.5012 | Perplexity: 33.1554
Batch 30330 | Loss: 3.5049 | Perplexity: 33.2787
Batch 30340 | Loss: 3.5247 | Perplexity: 33.9441
Batch 30350 | Loss: 3.4654 | Perplexity: 31.9905
Batch 30360 | Loss: 3.4967 | Perplexity: 33.0051
Batch 30370 | Loss: 3.4622 | Perplexity: 31.8865
Batch 30380 | Loss: 3.4820 | Perplexity: 32.5257
Batch 30390 | Loss: 3.4984 | Perplexity: 33.0635
Batch 30400 | Loss: 3.4806 | Perplexity: 32.4786
Batch 30410 | Loss: 3.4738 | Perplexity: 32.2585
Batch 30420 | Loss: 3.4519 | Perplexity: 31.5612
Batch 30430 | Loss: 3.4946 | Perplexity: 32.9365
Batch 30440 | Loss: 3.4653 | Perplexity: 31.9865
Batch 30450 | Loss: 3.4654 | Perplexity: 31.9882
Batch 30460 | Loss: 3.4860 | Perplexity: 32.6563
Batch 30470 | Loss: 3.5227 | Perplexity: 33.8774
Batch 30480 | Loss: 3.4800 | Perplexity: 32.4589
Batch 30490 | Loss: 3.5501 | Perplexity: 34.8175
Epoch 60 | Loss: 3.4848 | Perplexity: 32.6175
Succesfully saved parameters to path
Batch 30500 | Loss: 3.4894 | Perplexity: 32.7668
Batch 30510 | Loss: 3.5049 | Perplexity: 33.2766
Batch 30520 | Loss: 3.4564 | Perplexity: 31.7034
Batch 30530 | Loss: 3.4655 | Perplexity: 31.9940
Batch 30540 | Loss: 3.4987 | Perplexity: 33.0719
Batch 30550 | Loss: 3.4693 | Perplexity: 32.1157
Batch 30560 | Loss: 3.4835 | Perplexity: 32.5735
Batch 30570 | Loss: 3.4665 | Perplexity: 32.0234
Batch 30580 | Loss: 3.4301 | Perplexity: 30.8804
Batch 30590 | Loss: 3.5244 | Perplexity: 33.9318
Batch 30600 | Loss: 3.4815 | Perplexity: 32.5072
Batch 30610 | Loss: 3.4544 | Perplexity: 31.6407
Batch 30620 | Loss: 3.4582 | Perplexity: 31.7597
Batch 30630 | Loss: 3.4802 | Perplexity: 32.4672
Batch 30640 | Loss: 3.4760 | Perplexity: 32.3295
Batch 30650 | Loss: 3.5144 | Perplexity: 33.5963
Batch 30660 | Loss: 3.4522 | Perplexity: 31.5707
Batch 30670 | Loss: 3.4997 | Perplexity: 33.1045
Batch 30680 | Loss: 3.4963 | Perplexity: 32.9916
Batch 30690 | Loss: 3.4916 | Perplexity: 32.8383
Batch 30700 | Loss: 3.5191 | Perplexity: 33.7532
Batch 30710 | Loss: 3.4743 | Perplexity: 32.2740
Batch 30720 | Loss: 3.4672 | Perplexity: 32.0482
Batch 30730 | Loss: 3.4561 | Perplexity: 31.6917
Batch 30740 | Loss: 3.5293 | Perplexity: 34.0990
Batch 30750 | Loss: 3.4724 | Perplexity: 32.2145
Batch 30760 | Loss: 3.4989 | Perplexity: 33.0788
Batch 30770 | Loss: 3.5367 | Perplexity: 34.3532
Batch 30780 | Loss: 3.4644 | Perplexity: 31.9571
Batch 30790 | Loss: 3.4777 | Perplexity: 32.3855
Batch 30800 | Loss: 3.4709 | Perplexity: 32.1660
Batch 30810 | Loss: 3.4958 | Perplexity: 32.9753
Batch 30820 | Loss: 3.4665 | Perplexity: 32.0243
Batch 30830 | Loss: 3.5048 | Perplexity: 33.2747
Batch 30840 | Loss: 3.5141 | Perplexity: 33.5873
Batch 30850 | Loss: 3.4504 | Perplexity: 31.5122
Batch 30860 | Loss: 3.4815 | Perplexity: 32.5088
Batch 30870 | Loss: 3.4979 | Perplexity: 33.0453
Batch 30880 | Loss: 3.4602 | Perplexity: 31.8244
Batch 30890 | Loss: 3.4821 | Perplexity: 32.5290
Batch 30900 | Loss: 3.4689 | Perplexity: 32.1024
Batch 30910 | Loss: 3.4640 | Perplexity: 31.9455
Batch 30920 | Loss: 3.4965 | Perplexity: 32.9988
Batch 30930 | Loss: 3.4540 | Perplexity: 31.6258
Batch 30940 | Loss: 3.5035 | Perplexity: 33.2310
Batch 30950 | Loss: 3.4954 | Perplexity: 32.9623
Batch 30960 | Loss: 3.4427 | Perplexity: 31.2724
Batch 30970 | Loss: 3.5371 | Perplexity: 34.3659
Batch 30980 | Loss: 3.4138 | Perplexity: 30.3818
Batch 30990 | Loss: 3.4464 | Perplexity: 31.3858
Epoch 61 | Loss: 3.5534 | Perplexity: 34.9302
Batch 31000 | Loss: 3.5011 | Perplexity: 33.1520
Batch 31010 | Loss: 3.4636 | Perplexity: 31.9330
Batch 31020 | Loss: 3.4901 | Perplexity: 32.7895
Batch 31030 | Loss: 3.4752 | Perplexity: 32.3052
Batch 31040 | Loss: 3.5049 | Perplexity: 33.2793
Batch 31050 | Loss: 3.5801 | Perplexity: 35.8760
Batch 31060 | Loss: 3.4697 | Perplexity: 32.1275
Batch 31070 | Loss: 3.4122 | Perplexity: 30.3320
Batch 31080 | Loss: 3.4831 | Perplexity: 32.5603
Batch 31090 | Loss: 3.4768 | Perplexity: 32.3552
Batch 31100 | Loss: 3.5556 | Perplexity: 35.0087
Batch 31110 | Loss: 3.5329 | Perplexity: 34.2235
Batch 31120 | Loss: 3.4431 | Perplexity: 31.2833
Batch 31130 | Loss: 3.5123 | Perplexity: 33.5256
Batch 31140 | Loss: 3.5097 | Perplexity: 33.4369
Batch 31150 | Loss: 3.4724 | Perplexity: 32.2141
Batch 31160 | Loss: 3.4179 | Perplexity: 30.5063
Batch 31170 | Loss: 3.4824 | Perplexity: 32.5368
Batch 31180 | Loss: 3.5681 | Perplexity: 35.4500
Batch 31190 | Loss: 3.5125 | Perplexity: 33.5335
Batch 31200 | Loss: 3.4797 | Perplexity: 32.4500
Batch 31210 | Loss: 3.5441 | Perplexity: 34.6088
Batch 31220 | Loss: 3.4182 | Perplexity: 30.5159
Batch 31230 | Loss: 3.4421 | Perplexity: 31.2538
Batch 31240 | Loss: 3.4535 | Perplexity: 31.6118
Batch 31250 | Loss: 3.5000 | Perplexity: 33.1166
Batch 31260 | Loss: 3.4517 | Perplexity: 31.5551
Batch 31270 | Loss: 3.4826 | Perplexity: 32.5446
Batch 31280 | Loss: 3.5128 | Perplexity: 33.5429
Batch 31290 | Loss: 3.4823 | Perplexity: 32.5329
Batch 31300 | Loss: 3.4548 | Perplexity: 31.6523
Batch 31310 | Loss: 3.4748 | Perplexity: 32.2905
Batch 31320 | Loss: 3.4856 | Perplexity: 32.6430
Batch 31330 | Loss: 3.5008 | Perplexity: 33.1421
Batch 31340 | Loss: 3.4584 | Perplexity: 31.7658
Batch 31350 | Loss: 3.5271 | Perplexity: 34.0240
Batch 31360 | Loss: 3.5094 | Perplexity: 33.4274
Batch 31370 | Loss: 3.5324 | Perplexity: 34.2060
Batch 31380 | Loss: 3.5012 | Perplexity: 33.1542
Batch 31390 | Loss: 3.5144 | Perplexity: 33.5972
Batch 31400 | Loss: 3.4696 | Perplexity: 32.1237
Batch 31410 | Loss: 3.4974 | Perplexity: 33.0306
Batch 31420 | Loss: 3.4776 | Perplexity: 32.3814
Batch 31430 | Loss: 3.5086 | Perplexity: 33.4007
Batch 31440 | Loss: 3.4485 | Perplexity: 31.4530
Batch 31450 | Loss: 3.4931 | Perplexity: 32.8878
Batch 31460 | Loss: 3.4642 | Perplexity: 31.9495
Batch 31470 | Loss: 3.4886 | Perplexity: 32.7414
Batch 31480 | Loss: 3.5216 | Perplexity: 33.8395
Batch 31490 | Loss: 3.4981 | Perplexity: 33.0519
Epoch 62 | Loss: 3.4190 | Perplexity: 30.5394
Batch 31500 | Loss: 3.4886 | Perplexity: 32.7390
Batch 31510 | Loss: 3.4627 | Perplexity: 31.9032
Batch 31520 | Loss: 3.4314 | Perplexity: 30.9198
Batch 31530 | Loss: 3.5057 | Perplexity: 33.3054
Batch 31540 | Loss: 3.4994 | Perplexity: 33.0958
Batch 31550 | Loss: 3.4071 | Perplexity: 30.1762
Batch 31560 | Loss: 3.4400 | Perplexity: 31.1882
Batch 31570 | Loss: 3.5390 | Perplexity: 34.4324
Batch 31580 | Loss: 3.4347 | Perplexity: 31.0206
Batch 31590 | Loss: 3.4883 | Perplexity: 32.7291
Batch 31600 | Loss: 3.4198 | Perplexity: 30.5647
Batch 31610 | Loss: 3.4365 | Perplexity: 31.0769
Batch 31620 | Loss: 3.3859 | Perplexity: 29.5436
Batch 31630 | Loss: 3.4501 | Perplexity: 31.5040
Batch 31640 | Loss: 3.4779 | Perplexity: 32.3923
Batch 31650 | Loss: 3.4594 | Perplexity: 31.7968
Batch 31660 | Loss: 3.4470 | Perplexity: 31.4064
Batch 31670 | Loss: 3.4402 | Perplexity: 31.1943
Batch 31680 | Loss: 3.5886 | Perplexity: 36.1836
Batch 31690 | Loss: 3.5061 | Perplexity: 33.3183
Batch 31700 | Loss: 3.4907 | Perplexity: 32.8086
Batch 31710 | Loss: 3.5208 | Perplexity: 33.8121
Batch 31720 | Loss: 3.4588 | Perplexity: 31.7779
Batch 31730 | Loss: 3.5086 | Perplexity: 33.4018
Batch 31740 | Loss: 3.4429 | Perplexity: 31.2764
Batch 31750 | Loss: 3.4440 | Perplexity: 31.3133
Batch 31760 | Loss: 3.4597 | Perplexity: 31.8084
Batch 31770 | Loss: 3.4245 | Perplexity: 30.7073
Batch 31780 | Loss: 3.4446 | Perplexity: 31.3308
Batch 31790 | Loss: 3.4267 | Perplexity: 30.7742
Batch 31800 | Loss: 3.5129 | Perplexity: 33.5449
Batch 31810 | Loss: 3.3922 | Perplexity: 29.7317
Batch 31820 | Loss: 3.5361 | Perplexity: 34.3320
Batch 31830 | Loss: 3.4238 | Perplexity: 30.6857
Batch 31840 | Loss: 3.5113 | Perplexity: 33.4934
Batch 31850 | Loss: 3.5029 | Perplexity: 33.2107
Batch 31860 | Loss: 3.4411 | Perplexity: 31.2210
Batch 31870 | Loss: 3.4254 | Perplexity: 30.7358
Batch 31880 | Loss: 3.5033 | Perplexity: 33.2242
Batch 31890 | Loss: 3.4312 | Perplexity: 30.9143
Batch 31900 | Loss: 3.3952 | Perplexity: 29.8220
Batch 31910 | Loss: 3.4905 | Perplexity: 32.8027
Batch 31920 | Loss: 3.4445 | Perplexity: 31.3285
Batch 31930 | Loss: 3.4875 | Perplexity: 32.7029
Batch 31940 | Loss: 3.4353 | Perplexity: 31.0409
Batch 31950 | Loss: 3.4301 | Perplexity: 30.8808
Batch 31960 | Loss: 3.4919 | Perplexity: 32.8470
Batch 31970 | Loss: 3.4369 | Perplexity: 31.0902
Batch 31980 | Loss: 3.4864 | Perplexity: 32.6667
Batch 31990 | Loss: 3.5017 | Perplexity: 33.1729
Epoch 63 | Loss: 3.2989 | Perplexity: 27.0833
Batch 32000 | Loss: 3.4961 | Perplexity: 32.9870
Batch 32010 | Loss: 3.4979 | Perplexity: 33.0456
Batch 32020 | Loss: 3.4958 | Perplexity: 32.9781
Batch 32030 | Loss: 3.4663 | Perplexity: 32.0177
Batch 32040 | Loss: 3.5083 | Perplexity: 33.3908
Batch 32050 | Loss: 3.4238 | Perplexity: 30.6851
Batch 32060 | Loss: 3.5215 | Perplexity: 33.8355
Batch 32070 | Loss: 3.4334 | Perplexity: 30.9810
Batch 32080 | Loss: 3.4217 | Perplexity: 30.6221
Batch 32090 | Loss: 3.4318 | Perplexity: 30.9321
Batch 32100 | Loss: 3.4821 | Perplexity: 32.5271
Batch 32110 | Loss: 3.4451 | Perplexity: 31.3466
Batch 32120 | Loss: 3.4664 | Perplexity: 32.0202
Batch 32130 | Loss: 3.3717 | Perplexity: 29.1274
Batch 32140 | Loss: 3.5179 | Perplexity: 33.7129
Batch 32150 | Loss: 3.4486 | Perplexity: 31.4563
Batch 32160 | Loss: 3.5033 | Perplexity: 33.2258
Batch 32170 | Loss: 3.4838 | Perplexity: 32.5842
Batch 32180 | Loss: 3.4943 | Perplexity: 32.9281
Batch 32190 | Loss: 3.4921 | Perplexity: 32.8558
Batch 32200 | Loss: 3.4982 | Perplexity: 33.0574
Batch 32210 | Loss: 3.4872 | Perplexity: 32.6929
Batch 32220 | Loss: 3.5476 | Perplexity: 34.7311
Batch 32230 | Loss: 3.4549 | Perplexity: 31.6561
Batch 32240 | Loss: 3.5004 | Perplexity: 33.1283
Batch 32250 | Loss: 3.5451 | Perplexity: 34.6433
Batch 32260 | Loss: 3.3801 | Perplexity: 29.3728
Batch 32270 | Loss: 3.4776 | Perplexity: 32.3808
Batch 32280 | Loss: 3.5241 | Perplexity: 33.9249
Batch 32290 | Loss: 3.4660 | Perplexity: 32.0072
Batch 32300 | Loss: 3.4539 | Perplexity: 31.6242
Batch 32310 | Loss: 3.4635 | Perplexity: 31.9286
Batch 32320 | Loss: 3.5325 | Perplexity: 34.2096
Batch 32330 | Loss: 3.5124 | Perplexity: 33.5278
Batch 32340 | Loss: 3.5246 | Perplexity: 33.9405
Batch 32350 | Loss: 3.4773 | Perplexity: 32.3736
Batch 32360 | Loss: 3.4158 | Perplexity: 30.4413
Batch 32370 | Loss: 3.4526 | Perplexity: 31.5827
Batch 32380 | Loss: 3.4780 | Perplexity: 32.3963
Batch 32390 | Loss: 3.4301 | Perplexity: 30.8801
Batch 32400 | Loss: 3.4859 | Perplexity: 32.6534
Batch 32410 | Loss: 3.4599 | Perplexity: 31.8129
Batch 32420 | Loss: 3.5062 | Perplexity: 33.3214
Batch 32430 | Loss: 3.4841 | Perplexity: 32.5920
Batch 32440 | Loss: 3.5470 | Perplexity: 34.7081
Batch 32450 | Loss: 3.4657 | Perplexity: 32.0002
Batch 32460 | Loss: 3.4825 | Perplexity: 32.5415
Batch 32470 | Loss: 3.5084 | Perplexity: 33.3952
Batch 32480 | Loss: 3.4616 | Perplexity: 31.8686
Batch 32490 | Loss: 3.4802 | Perplexity: 32.4666
Epoch 64 | Loss: 3.2327 | Perplexity: 25.3472
Batch 32500 | Loss: 3.4882 | Perplexity: 32.7270
Batch 32510 | Loss: 3.4673 | Perplexity: 32.0496
Batch 32520 | Loss: 3.5089 | Perplexity: 33.4120
Batch 32530 | Loss: 3.4863 | Perplexity: 32.6633
Batch 32540 | Loss: 3.4551 | Perplexity: 31.6604
Batch 32550 | Loss: 3.4874 | Perplexity: 32.7013
Batch 32560 | Loss: 3.4345 | Perplexity: 31.0151
Batch 32570 | Loss: 3.4591 | Perplexity: 31.7897
Batch 32580 | Loss: 3.4099 | Perplexity: 30.2613
Batch 32590 | Loss: 3.4751 | Perplexity: 32.3011
Batch 32600 | Loss: 3.4989 | Perplexity: 33.0790
Batch 32610 | Loss: 3.4168 | Perplexity: 30.4718
Batch 32620 | Loss: 3.4138 | Perplexity: 30.3808
Batch 32630 | Loss: 3.5506 | Perplexity: 34.8342
Batch 32640 | Loss: 3.4683 | Perplexity: 32.0829
Batch 32650 | Loss: 3.5119 | Perplexity: 33.5126
Batch 32660 | Loss: 3.4920 | Perplexity: 32.8528
Batch 32670 | Loss: 3.5000 | Perplexity: 33.1160
Batch 32680 | Loss: 3.4813 | Perplexity: 32.5018
Batch 32690 | Loss: 3.4773 | Perplexity: 32.3708
Batch 32700 | Loss: 3.4628 | Perplexity: 31.9058
Batch 32710 | Loss: 3.5324 | Perplexity: 34.2070
Batch 32720 | Loss: 3.4999 | Perplexity: 33.1119
Batch 32730 | Loss: 3.5141 | Perplexity: 33.5872
Batch 32740 | Loss: 3.5181 | Perplexity: 33.7218
Batch 32750 | Loss: 3.4984 | Perplexity: 33.0630
Batch 32760 | Loss: 3.3895 | Perplexity: 29.6519
Batch 32770 | Loss: 3.4750 | Perplexity: 32.2984
Batch 32780 | Loss: 3.4546 | Perplexity: 31.6465
Batch 32790 | Loss: 3.4977 | Perplexity: 33.0389
Batch 32800 | Loss: 3.4745 | Perplexity: 32.2832
Batch 32810 | Loss: 3.4821 | Perplexity: 32.5289
Batch 32820 | Loss: 3.4193 | Perplexity: 30.5495
Batch 32830 | Loss: 3.4659 | Perplexity: 32.0063
Batch 32840 | Loss: 3.5484 | Perplexity: 34.7570
Batch 32850 | Loss: 3.4854 | Perplexity: 32.6363
Batch 32860 | Loss: 3.4419 | Perplexity: 31.2473
Batch 32870 | Loss: 3.4681 | Perplexity: 32.0759
Batch 32880 | Loss: 3.4363 | Perplexity: 31.0719
Batch 32890 | Loss: 3.4737 | Perplexity: 32.2565
Batch 32900 | Loss: 3.4984 | Perplexity: 33.0634
Batch 32910 | Loss: 3.5406 | Perplexity: 34.4870
Batch 32920 | Loss: 3.5003 | Perplexity: 33.1260
Batch 32930 | Loss: 3.4680 | Perplexity: 32.0728
Batch 32940 | Loss: 3.4900 | Perplexity: 32.7867
Batch 32950 | Loss: 3.5116 | Perplexity: 33.5033
Batch 32960 | Loss: 3.4598 | Perplexity: 31.8119
Batch 32970 | Loss: 3.4773 | Perplexity: 32.3723
Batch 32980 | Loss: 3.5416 | Perplexity: 34.5236
Batch 32990 | Loss: 3.4638 | Perplexity: 31.9385
Epoch 65 | Loss: 3.4244 | Perplexity: 30.7047
Succesfully saved parameters to path
Batch 33000 | Loss: 3.5246 | Perplexity: 33.9414
Batch 33010 | Loss: 3.4347 | Perplexity: 31.0227
Batch 33020 | Loss: 3.4284 | Perplexity: 30.8278
Batch 33030 | Loss: 3.4466 | Perplexity: 31.3938
Batch 33040 | Loss: 3.4859 | Perplexity: 32.6534
Batch 33050 | Loss: 3.4268 | Perplexity: 30.7787
Batch 33060 | Loss: 3.4901 | Perplexity: 32.7900
Batch 33070 | Loss: 3.4840 | Perplexity: 32.5905
Batch 33080 | Loss: 3.5071 | Perplexity: 33.3514
Batch 33090 | Loss: 3.4341 | Perplexity: 31.0029
Batch 33100 | Loss: 3.4661 | Perplexity: 32.0124
Batch 33110 | Loss: 3.5258 | Perplexity: 33.9793
Batch 33120 | Loss: 3.4697 | Perplexity: 32.1273
Batch 33130 | Loss: 3.4563 | Perplexity: 31.6979
Batch 33140 | Loss: 3.4433 | Perplexity: 31.2906
Batch 33150 | Loss: 3.4578 | Perplexity: 31.7485
Batch 33160 | Loss: 3.5113 | Perplexity: 33.4925
Batch 33170 | Loss: 3.4960 | Perplexity: 32.9839
Batch 33180 | Loss: 3.4903 | Perplexity: 32.7959
Batch 33190 | Loss: 3.4183 | Perplexity: 30.5189
Batch 33200 | Loss: 3.4939 | Perplexity: 32.9149
Batch 33210 | Loss: 3.4160 | Perplexity: 30.4465
Batch 33220 | Loss: 3.4750 | Perplexity: 32.2993
Batch 33230 | Loss: 3.4938 | Perplexity: 32.9093
Batch 33240 | Loss: 3.4756 | Perplexity: 32.3183
Batch 33250 | Loss: 3.4998 | Perplexity: 33.1093
Batch 33260 | Loss: 3.5028 | Perplexity: 33.2096
Batch 33270 | Loss: 3.4459 | Perplexity: 31.3731
Batch 33280 | Loss: 3.4560 | Perplexity: 31.6890
Batch 33290 | Loss: 3.5501 | Perplexity: 34.8165
Batch 33300 | Loss: 3.4959 | Perplexity: 32.9802
Batch 33310 | Loss: 3.5300 | Perplexity: 34.1225
Batch 33320 | Loss: 3.4563 | Perplexity: 31.7010
Batch 33330 | Loss: 3.4809 | Perplexity: 32.4881
Batch 33340 | Loss: 3.4186 | Perplexity: 30.5271
Batch 33350 | Loss: 3.4378 | Perplexity: 31.1172
Batch 33360 | Loss: 3.5139 | Perplexity: 33.5794
Batch 33370 | Loss: 3.5150 | Perplexity: 33.6144
Batch 33380 | Loss: 3.4640 | Perplexity: 31.9443
Batch 33390 | Loss: 3.4552 | Perplexity: 31.6640
Batch 33400 | Loss: 3.4913 | Perplexity: 32.8282
Batch 33410 | Loss: 3.4734 | Perplexity: 32.2461
Batch 33420 | Loss: 3.4779 | Perplexity: 32.3919
Batch 33430 | Loss: 3.5161 | Perplexity: 33.6531
Batch 33440 | Loss: 3.5426 | Perplexity: 34.5556
Batch 33450 | Loss: 3.4734 | Perplexity: 32.2467
Batch 33460 | Loss: 3.4613 | Perplexity: 31.8574
Batch 33470 | Loss: 3.4537 | Perplexity: 31.6156
Batch 33480 | Loss: 3.5521 | Perplexity: 34.8871
Batch 33490 | Loss: 3.3995 | Perplexity: 29.9491
Epoch 66 | Loss: 3.3579 | Perplexity: 28.7275
Batch 33500 | Loss: 3.5319 | Perplexity: 34.1899
Batch 33510 | Loss: 3.4278 | Perplexity: 30.8079
Batch 33520 | Loss: 3.4263 | Perplexity: 30.7617
Batch 33530 | Loss: 3.5473 | Perplexity: 34.7188
Batch 33540 | Loss: 3.4606 | Perplexity: 31.8364
Batch 33550 | Loss: 3.5468 | Perplexity: 34.7024
Batch 33560 | Loss: 3.4077 | Perplexity: 30.1959
Batch 33570 | Loss: 3.4372 | Perplexity: 31.1002
Batch 33580 | Loss: 3.4697 | Perplexity: 32.1265
Batch 33590 | Loss: 3.4592 | Perplexity: 31.7930
Batch 33600 | Loss: 3.4667 | Perplexity: 32.0307
Batch 33610 | Loss: 3.4497 | Perplexity: 31.4903
Batch 33620 | Loss: 3.4883 | Perplexity: 32.7298
Batch 33630 | Loss: 3.4509 | Perplexity: 31.5298
Batch 33640 | Loss: 3.4255 | Perplexity: 30.7382
Batch 33650 | Loss: 3.5051 | Perplexity: 33.2833
Batch 33660 | Loss: 3.4500 | Perplexity: 31.5007
Batch 33670 | Loss: 3.5379 | Perplexity: 34.3930
Batch 33680 | Loss: 3.5260 | Perplexity: 33.9876
Batch 33690 | Loss: 3.4693 | Perplexity: 32.1138
Batch 33700 | Loss: 3.5040 | Perplexity: 33.2487
Batch 33710 | Loss: 3.4359 | Perplexity: 31.0604
Batch 33720 | Loss: 3.4475 | Perplexity: 31.4218
Batch 33730 | Loss: 3.4791 | Perplexity: 32.4299
Batch 33740 | Loss: 3.3917 | Perplexity: 29.7174
Batch 33750 | Loss: 3.4473 | Perplexity: 31.4162
Batch 33760 | Loss: 3.4250 | Perplexity: 30.7239
Batch 33770 | Loss: 3.4055 | Perplexity: 30.1282
Batch 33780 | Loss: 3.4520 | Perplexity: 31.5621
Batch 33790 | Loss: 3.4513 | Perplexity: 31.5422
Batch 33800 | Loss: 3.4966 | Perplexity: 33.0036
Batch 33810 | Loss: 3.4797 | Perplexity: 32.4499
Batch 33820 | Loss: 3.5059 | Perplexity: 33.3098
Batch 33830 | Loss: 3.4755 | Perplexity: 32.3135
Batch 33840 | Loss: 3.4199 | Perplexity: 30.5650
Batch 33850 | Loss: 3.5089 | Perplexity: 33.4101
Batch 33860 | Loss: 3.3789 | Perplexity: 29.3381
Batch 33870 | Loss: 3.4959 | Perplexity: 32.9804
Batch 33880 | Loss: 3.4965 | Perplexity: 32.9998
Batch 33890 | Loss: 3.4952 | Perplexity: 32.9563
Batch 33900 | Loss: 3.4654 | Perplexity: 31.9896
Batch 33910 | Loss: 3.5091 | Perplexity: 33.4183
Batch 33920 | Loss: 3.4965 | Perplexity: 33.0003
Batch 33930 | Loss: 3.4362 | Perplexity: 31.0673
Batch 33940 | Loss: 3.4751 | Perplexity: 32.3014
Batch 33950 | Loss: 3.4001 | Perplexity: 29.9656
Batch 33960 | Loss: 3.4467 | Perplexity: 31.3963
Batch 33970 | Loss: 3.4033 | Perplexity: 30.0636
Batch 33980 | Loss: 3.4502 | Perplexity: 31.5061
Batch 33990 | Loss: 3.5092 | Perplexity: 33.4222
Epoch 67 | Loss: 3.3827 | Perplexity: 29.4497
Batch 34000 | Loss: 3.4555 | Perplexity: 31.6728
Batch 34010 | Loss: 3.4521 | Perplexity: 31.5678
Batch 34020 | Loss: 3.5079 | Perplexity: 33.3786
Batch 34030 | Loss: 3.4308 | Perplexity: 30.9023
Batch 34040 | Loss: 3.3897 | Perplexity: 29.6559
Batch 34050 | Loss: 3.4461 | Perplexity: 31.3787
Batch 34060 | Loss: 3.4251 | Perplexity: 30.7267
Batch 34070 | Loss: 3.4821 | Perplexity: 32.5292
Batch 34080 | Loss: 3.4923 | Perplexity: 32.8605
Batch 34090 | Loss: 3.4731 | Perplexity: 32.2358
Batch 34100 | Loss: 3.4471 | Perplexity: 31.4084
Batch 34110 | Loss: 3.4849 | Perplexity: 32.6196
Batch 34120 | Loss: 3.4776 | Perplexity: 32.3816
Batch 34130 | Loss: 3.4628 | Perplexity: 31.9076
Batch 34140 | Loss: 3.4503 | Perplexity: 31.5097
Batch 34150 | Loss: 3.5040 | Perplexity: 33.2489
Batch 34160 | Loss: 3.4454 | Perplexity: 31.3571
Batch 34170 | Loss: 3.5022 | Perplexity: 33.1870
Batch 34180 | Loss: 3.4236 | Perplexity: 30.6785
Batch 34190 | Loss: 3.4718 | Perplexity: 32.1945
Batch 34200 | Loss: 3.5136 | Perplexity: 33.5694
Batch 34210 | Loss: 3.5048 | Perplexity: 33.2738
Batch 34220 | Loss: 3.5441 | Perplexity: 34.6098
Batch 34230 | Loss: 3.4210 | Perplexity: 30.6013
Batch 34240 | Loss: 3.5074 | Perplexity: 33.3622
Batch 34250 | Loss: 3.4707 | Perplexity: 32.1595
Batch 34260 | Loss: 3.5032 | Perplexity: 33.2214
Batch 34270 | Loss: 3.4040 | Perplexity: 30.0838
Batch 34280 | Loss: 3.4849 | Perplexity: 32.6179
Batch 34290 | Loss: 3.4557 | Perplexity: 31.6804
Batch 34300 | Loss: 3.5044 | Perplexity: 33.2628
Batch 34310 | Loss: 3.3968 | Perplexity: 29.8695
Batch 34320 | Loss: 3.4860 | Perplexity: 32.6562
Batch 34330 | Loss: 3.4259 | Perplexity: 30.7488
Batch 34340 | Loss: 3.4589 | Perplexity: 31.7811
Batch 34350 | Loss: 3.4411 | Perplexity: 31.2228
Batch 34360 | Loss: 3.4615 | Perplexity: 31.8634
Batch 34370 | Loss: 3.3962 | Perplexity: 29.8507
Batch 34380 | Loss: 3.4339 | Perplexity: 30.9975
Batch 34390 | Loss: 3.4463 | Perplexity: 31.3835
Batch 34400 | Loss: 3.4118 | Perplexity: 30.3188
Batch 34410 | Loss: 3.4162 | Perplexity: 30.4545
Batch 34420 | Loss: 3.5324 | Perplexity: 34.2057
Batch 34430 | Loss: 3.3974 | Perplexity: 29.8864
Batch 34440 | Loss: 3.4699 | Perplexity: 32.1322
Batch 34450 | Loss: 3.5576 | Perplexity: 35.0789
Batch 34460 | Loss: 3.4865 | Perplexity: 32.6709
Batch 34470 | Loss: 3.4663 | Perplexity: 32.0166
Batch 34480 | Loss: 3.5125 | Perplexity: 33.5327
Batch 34490 | Loss: 3.4446 | Perplexity: 31.3314
Epoch 68 | Loss: 3.5753 | Perplexity: 35.7054
Batch 34500 | Loss: 3.4248 | Perplexity: 30.7180
Batch 34510 | Loss: 3.4806 | Perplexity: 32.4786
Batch 34520 | Loss: 3.4714 | Perplexity: 32.1803
Batch 34530 | Loss: 3.4533 | Perplexity: 31.6055
Batch 34540 | Loss: 3.4451 | Perplexity: 31.3480
Batch 34550 | Loss: 3.4785 | Perplexity: 32.4123
Batch 34560 | Loss: 3.5061 | Perplexity: 33.3194
Batch 34570 | Loss: 3.4664 | Perplexity: 32.0200
Batch 34580 | Loss: 3.4100 | Perplexity: 30.2655
Batch 34590 | Loss: 3.4988 | Perplexity: 33.0742
Batch 34600 | Loss: 3.5209 | Perplexity: 33.8142
Batch 34610 | Loss: 3.4259 | Perplexity: 30.7518
Batch 34620 | Loss: 3.4905 | Perplexity: 32.8029
Batch 34630 | Loss: 3.4665 | Perplexity: 32.0235
Batch 34640 | Loss: 3.4140 | Perplexity: 30.3855
Batch 34650 | Loss: 3.4753 | Perplexity: 32.3088
Batch 34660 | Loss: 3.4927 | Perplexity: 32.8736
Batch 34670 | Loss: 3.4318 | Perplexity: 30.9320
Batch 34680 | Loss: 3.5053 | Perplexity: 33.2903
Batch 34690 | Loss: 3.5124 | Perplexity: 33.5271
Batch 34700 | Loss: 3.4528 | Perplexity: 31.5877
Batch 34710 | Loss: 3.4499 | Perplexity: 31.4988
Batch 34720 | Loss: 3.4787 | Perplexity: 32.4187
Batch 34730 | Loss: 3.3770 | Perplexity: 29.2825
Batch 34740 | Loss: 3.4402 | Perplexity: 31.1925
Batch 34750 | Loss: 3.4499 | Perplexity: 31.4980
Batch 34760 | Loss: 3.4199 | Perplexity: 30.5659
Batch 34770 | Loss: 3.4810 | Perplexity: 32.4932
Batch 34780 | Loss: 3.4753 | Perplexity: 32.3071
Batch 34790 | Loss: 3.4353 | Perplexity: 31.0411
Batch 34800 | Loss: 3.4925 | Perplexity: 32.8688
Batch 34810 | Loss: 3.4452 | Perplexity: 31.3487
Batch 34820 | Loss: 3.4573 | Perplexity: 31.7325
Batch 34830 | Loss: 3.4285 | Perplexity: 30.8301
Batch 34840 | Loss: 3.4243 | Perplexity: 30.6999
Batch 34850 | Loss: 3.4725 | Perplexity: 32.2185
Batch 34860 | Loss: 3.3919 | Perplexity: 29.7226
Batch 34870 | Loss: 3.4468 | Perplexity: 31.4010
Batch 34880 | Loss: 3.4886 | Perplexity: 32.7402
Batch 34890 | Loss: 3.4540 | Perplexity: 31.6265
Batch 34900 | Loss: 3.4918 | Perplexity: 32.8462
Batch 34910 | Loss: 3.4566 | Perplexity: 31.7096
Batch 34920 | Loss: 3.4879 | Perplexity: 32.7161
Batch 34930 | Loss: 3.4487 | Perplexity: 31.4597
Batch 34940 | Loss: 3.4435 | Perplexity: 31.2960
Batch 34950 | Loss: 3.4351 | Perplexity: 31.0344
Batch 34960 | Loss: 3.4703 | Perplexity: 32.1458
Batch 34970 | Loss: 3.4355 | Perplexity: 31.0461
Batch 34980 | Loss: 3.4883 | Perplexity: 32.7307
Batch 34990 | Loss: 3.4547 | Perplexity: 31.6501
Epoch 69 | Loss: 3.3632 | Perplexity: 28.8806
Batch 35000 | Loss: 3.4328 | Perplexity: 30.9617
Batch 35010 | Loss: 3.4270 | Perplexity: 30.7828
Batch 35020 | Loss: 3.3996 | Perplexity: 29.9525
Batch 35030 | Loss: 3.4920 | Perplexity: 32.8527
Batch 35040 | Loss: 3.4798 | Perplexity: 32.4522
Batch 35050 | Loss: 3.4778 | Perplexity: 32.3876
Batch 35060 | Loss: 3.4726 | Perplexity: 32.2200
Batch 35070 | Loss: 3.4261 | Perplexity: 30.7562
Batch 35080 | Loss: 3.4567 | Perplexity: 31.7132
Batch 35090 | Loss: 3.4592 | Perplexity: 31.7930
Batch 35100 | Loss: 3.3845 | Perplexity: 29.5033
Batch 35110 | Loss: 3.4378 | Perplexity: 31.1178
Batch 35120 | Loss: 3.5036 | Perplexity: 33.2349
Batch 35130 | Loss: 3.3774 | Perplexity: 29.2939
Batch 35140 | Loss: 3.4224 | Perplexity: 30.6434
Batch 35150 | Loss: 3.4195 | Perplexity: 30.5527
Batch 35160 | Loss: 3.4820 | Perplexity: 32.5253
Batch 35170 | Loss: 3.5261 | Perplexity: 33.9903
Batch 35180 | Loss: 3.4744 | Perplexity: 32.2789
Batch 35190 | Loss: 3.4790 | Perplexity: 32.4263
Batch 35200 | Loss: 3.4574 | Perplexity: 31.7337
Batch 35210 | Loss: 3.4029 | Perplexity: 30.0522
Batch 35220 | Loss: 3.4860 | Perplexity: 32.6553
Batch 35230 | Loss: 3.4634 | Perplexity: 31.9260
Batch 35240 | Loss: 3.4082 | Perplexity: 30.2115
Batch 35250 | Loss: 3.4723 | Perplexity: 32.2113
Batch 35260 | Loss: 3.4766 | Perplexity: 32.3497
Batch 35270 | Loss: 3.4140 | Perplexity: 30.3854
Batch 35280 | Loss: 3.4829 | Perplexity: 32.5546
Batch 35290 | Loss: 3.4791 | Perplexity: 32.4312
Batch 35300 | Loss: 3.4092 | Perplexity: 30.2414
Batch 35310 | Loss: 3.4581 | Perplexity: 31.7569
Batch 35320 | Loss: 3.4544 | Perplexity: 31.6391
Batch 35330 | Loss: 3.4224 | Perplexity: 30.6442
Batch 35340 | Loss: 3.4467 | Perplexity: 31.3964
Batch 35350 | Loss: 3.3967 | Perplexity: 29.8657
Batch 35360 | Loss: 3.4729 | Perplexity: 32.2305
Batch 35370 | Loss: 3.5216 | Perplexity: 33.8389
Batch 35380 | Loss: 3.5257 | Perplexity: 33.9768
Batch 35390 | Loss: 3.4926 | Perplexity: 32.8720
Batch 35400 | Loss: 3.4321 | Perplexity: 30.9421
Batch 35410 | Loss: 3.3986 | Perplexity: 29.9229
Batch 35420 | Loss: 3.4550 | Perplexity: 31.6583
Batch 35430 | Loss: 3.4351 | Perplexity: 31.0334
Batch 35440 | Loss: 3.4675 | Perplexity: 32.0557
Batch 35450 | Loss: 3.3859 | Perplexity: 29.5459
Batch 35460 | Loss: 3.5206 | Perplexity: 33.8046
Batch 35470 | Loss: 3.4642 | Perplexity: 31.9515
Batch 35480 | Loss: 3.4502 | Perplexity: 31.5073
Batch 35490 | Loss: 3.4486 | Perplexity: 31.4563
Epoch 70 | Loss: 3.3201 | Perplexity: 27.6624
Succesfully saved parameters to path
Batch 35500 | Loss: 3.4381 | Perplexity: 31.1284
Batch 35510 | Loss: 3.4300 | Perplexity: 30.8768
Batch 35520 | Loss: 3.4797 | Perplexity: 32.4503
Batch 35530 | Loss: 3.4153 | Perplexity: 30.4261
Batch 35540 | Loss: 3.4387 | Perplexity: 31.1449
Batch 35550 | Loss: 3.4476 | Perplexity: 31.4241
Batch 35560 | Loss: 3.4569 | Perplexity: 31.7172
Batch 35570 | Loss: 3.4989 | Perplexity: 33.0796
Batch 35580 | Loss: 3.5087 | Perplexity: 33.4044
Batch 35590 | Loss: 3.5153 | Perplexity: 33.6266
Batch 35600 | Loss: 3.4754 | Perplexity: 32.3111
Batch 35610 | Loss: 3.3771 | Perplexity: 29.2854
Batch 35620 | Loss: 3.3987 | Perplexity: 29.9245
Batch 35630 | Loss: 3.4946 | Perplexity: 32.9368
Batch 35640 | Loss: 3.4367 | Perplexity: 31.0854
Batch 35650 | Loss: 3.5038 | Perplexity: 33.2411
Batch 35660 | Loss: 3.5065 | Perplexity: 33.3301
Batch 35670 | Loss: 3.4643 | Perplexity: 31.9539
Batch 35680 | Loss: 3.4904 | Perplexity: 32.7985
Batch 35690 | Loss: 3.4108 | Perplexity: 30.2884
Batch 35700 | Loss: 3.5142 | Perplexity: 33.5879
Batch 35710 | Loss: 3.4590 | Perplexity: 31.7856
Batch 35720 | Loss: 3.4281 | Perplexity: 30.8193
Batch 35730 | Loss: 3.4507 | Perplexity: 31.5224
Batch 35740 | Loss: 3.4327 | Perplexity: 30.9609
Batch 35750 | Loss: 3.4380 | Perplexity: 31.1240
Batch 35760 | Loss: 3.4216 | Perplexity: 30.6190
Batch 35770 | Loss: 3.5407 | Perplexity: 34.4903
Batch 35780 | Loss: 3.4167 | Perplexity: 30.4691
Batch 35790 | Loss: 3.4553 | Perplexity: 31.6671
Batch 35800 | Loss: 3.3877 | Perplexity: 29.5989
Batch 35810 | Loss: 3.4780 | Perplexity: 32.3943
Batch 35820 | Loss: 3.4137 | Perplexity: 30.3770
Batch 35830 | Loss: 3.4953 | Perplexity: 32.9615
Batch 35840 | Loss: 3.4372 | Perplexity: 31.0984
Batch 35850 | Loss: 3.4910 | Perplexity: 32.8181
Batch 35860 | Loss: 3.4173 | Perplexity: 30.4866
Batch 35870 | Loss: 3.4174 | Perplexity: 30.4886
Batch 35880 | Loss: 3.4073 | Perplexity: 30.1841
Batch 35890 | Loss: 3.4294 | Perplexity: 30.8578
Batch 35900 | Loss: 3.4310 | Perplexity: 30.9069
Batch 35910 | Loss: 3.4677 | Perplexity: 32.0620
Batch 35920 | Loss: 3.4854 | Perplexity: 32.6362
Batch 35930 | Loss: 3.4777 | Perplexity: 32.3844
Batch 35940 | Loss: 3.4527 | Perplexity: 31.5852
Batch 35950 | Loss: 3.5285 | Perplexity: 34.0722
Batch 35960 | Loss: 3.4682 | Perplexity: 32.0775
Batch 35970 | Loss: 3.4328 | Perplexity: 30.9619
Batch 35980 | Loss: 3.3888 | Perplexity: 29.6307
Batch 35990 | Loss: 3.4879 | Perplexity: 32.7166
Epoch 71 | Loss: 3.4837 | Perplexity: 32.5808
Batch 36000 | Loss: 3.3985 | Perplexity: 29.9206
Batch 36010 | Loss: 3.4425 | Perplexity: 31.2637
Batch 36020 | Loss: 3.4912 | Perplexity: 32.8237
Batch 36030 | Loss: 3.4663 | Perplexity: 32.0179
Batch 36040 | Loss: 3.4469 | Perplexity: 31.4016
Batch 36050 | Loss: 3.4434 | Perplexity: 31.2940
Batch 36060 | Loss: 3.4287 | Perplexity: 30.8351
Batch 36070 | Loss: 3.4758 | Perplexity: 32.3245
Batch 36080 | Loss: 3.4432 | Perplexity: 31.2882
Batch 36090 | Loss: 3.4439 | Perplexity: 31.3084
Batch 36100 | Loss: 3.4889 | Perplexity: 32.7492
Batch 36110 | Loss: 3.4265 | Perplexity: 30.7677
Batch 36120 | Loss: 3.4047 | Perplexity: 30.1048
Batch 36130 | Loss: 3.4557 | Perplexity: 31.6803
Batch 36140 | Loss: 3.4631 | Perplexity: 31.9155
Batch 36150 | Loss: 3.4504 | Perplexity: 31.5128
Batch 36160 | Loss: 3.4107 | Perplexity: 30.2873
Batch 36170 | Loss: 3.3907 | Perplexity: 29.6862
Batch 36180 | Loss: 3.4036 | Perplexity: 30.0735
Batch 36190 | Loss: 3.4676 | Perplexity: 32.0596
Batch 36200 | Loss: 3.4397 | Perplexity: 31.1764
Batch 36210 | Loss: 3.4310 | Perplexity: 30.9080
Batch 36220 | Loss: 3.4309 | Perplexity: 30.9057
Batch 36230 | Loss: 3.3700 | Perplexity: 29.0798
Batch 36240 | Loss: 3.4416 | Perplexity: 31.2355
Batch 36250 | Loss: 3.4995 | Perplexity: 33.0975
Batch 36260 | Loss: 3.3974 | Perplexity: 29.8858
Batch 36270 | Loss: 3.4319 | Perplexity: 30.9358
Batch 36280 | Loss: 3.4437 | Perplexity: 31.3032
Batch 36290 | Loss: 3.4873 | Perplexity: 32.6974
Batch 36300 | Loss: 3.4329 | Perplexity: 30.9663
Batch 36310 | Loss: 3.4315 | Perplexity: 30.9242
Batch 36320 | Loss: 3.4766 | Perplexity: 32.3503
Batch 36330 | Loss: 3.4365 | Perplexity: 31.0786
Batch 36340 | Loss: 3.4538 | Perplexity: 31.6194
Batch 36350 | Loss: 3.4619 | Perplexity: 31.8777
Batch 36360 | Loss: 3.3803 | Perplexity: 29.3802
Batch 36370 | Loss: 3.4689 | Perplexity: 32.1007
Batch 36380 | Loss: 3.4829 | Perplexity: 32.5542
Batch 36390 | Loss: 3.5113 | Perplexity: 33.4904
Batch 36400 | Loss: 3.4543 | Perplexity: 31.6375
Batch 36410 | Loss: 3.4685 | Perplexity: 32.0875
Batch 36420 | Loss: 3.5055 | Perplexity: 33.2986
Batch 36430 | Loss: 3.4273 | Perplexity: 30.7921
Batch 36440 | Loss: 3.4657 | Perplexity: 31.9977
Batch 36450 | Loss: 3.4257 | Perplexity: 30.7426
Batch 36460 | Loss: 3.4909 | Perplexity: 32.8159
Batch 36470 | Loss: 3.3212 | Perplexity: 27.6946
Batch 36480 | Loss: 3.4529 | Perplexity: 31.5904
Batch 36490 | Loss: 3.3955 | Perplexity: 29.8292
Epoch 72 | Loss: 3.2882 | Perplexity: 26.7952
Batch 36500 | Loss: 3.4408 | Perplexity: 31.2118
Batch 36510 | Loss: 3.4737 | Perplexity: 32.2572
Batch 36520 | Loss: 3.4561 | Perplexity: 31.6931
Batch 36530 | Loss: 3.3607 | Perplexity: 28.8090
Batch 36540 | Loss: 3.4262 | Perplexity: 30.7581
Batch 36550 | Loss: 3.4387 | Perplexity: 31.1464
Batch 36560 | Loss: 3.4518 | Perplexity: 31.5584
Batch 36570 | Loss: 3.4512 | Perplexity: 31.5380
Batch 36580 | Loss: 3.4403 | Perplexity: 31.1951
Batch 36590 | Loss: 3.4438 | Perplexity: 31.3045
Batch 36600 | Loss: 3.4321 | Perplexity: 30.9429
Batch 36610 | Loss: 3.5048 | Perplexity: 33.2738
Batch 36620 | Loss: 3.3803 | Perplexity: 29.3789
Batch 36630 | Loss: 3.4037 | Perplexity: 30.0740
Batch 36640 | Loss: 3.4358 | Perplexity: 31.0550
Batch 36650 | Loss: 3.4688 | Perplexity: 32.0974
Batch 36660 | Loss: 3.4164 | Perplexity: 30.4598
Batch 36670 | Loss: 3.4594 | Perplexity: 31.7984
Batch 36680 | Loss: 3.3933 | Perplexity: 29.7648
Batch 36690 | Loss: 3.4501 | Perplexity: 31.5048
Batch 36700 | Loss: 3.4640 | Perplexity: 31.9450
Batch 36710 | Loss: 3.4071 | Perplexity: 30.1769
Batch 36720 | Loss: 3.4261 | Perplexity: 30.7568
Batch 36730 | Loss: 3.4554 | Perplexity: 31.6700
Batch 36740 | Loss: 3.3905 | Perplexity: 29.6817
Batch 36750 | Loss: 3.4795 | Perplexity: 32.4426
Batch 36760 | Loss: 3.4912 | Perplexity: 32.8256
Batch 36770 | Loss: 3.4177 | Perplexity: 30.4983
Batch 36780 | Loss: 3.5420 | Perplexity: 34.5355
Batch 36790 | Loss: 3.4502 | Perplexity: 31.5079
Batch 36800 | Loss: 3.4510 | Perplexity: 31.5310
Batch 36810 | Loss: 3.4316 | Perplexity: 30.9250
Batch 36820 | Loss: 3.4675 | Perplexity: 32.0552
Batch 36830 | Loss: 3.4099 | Perplexity: 30.2633
Batch 36840 | Loss: 3.4254 | Perplexity: 30.7350
Batch 36850 | Loss: 3.3997 | Perplexity: 29.9546
Batch 36860 | Loss: 3.4233 | Perplexity: 30.6699
Batch 36870 | Loss: 3.4587 | Perplexity: 31.7744
Batch 36880 | Loss: 3.4733 | Perplexity: 32.2444
Batch 36890 | Loss: 3.4682 | Perplexity: 32.0804
Batch 36900 | Loss: 3.5009 | Perplexity: 33.1462
Batch 36910 | Loss: 3.4385 | Perplexity: 31.1391
Batch 36920 | Loss: 3.4583 | Perplexity: 31.7641
Batch 36930 | Loss: 3.4476 | Perplexity: 31.4247
Batch 36940 | Loss: 3.4226 | Perplexity: 30.6477
Batch 36950 | Loss: 3.4668 | Perplexity: 32.0325
Batch 36960 | Loss: 3.4830 | Perplexity: 32.5568
Batch 36970 | Loss: 3.4055 | Perplexity: 30.1282
Batch 36980 | Loss: 3.3979 | Perplexity: 29.8999
Batch 36990 | Loss: 3.4168 | Perplexity: 30.4728
Epoch 73 | Loss: 3.6272 | Perplexity: 37.6071
Batch 37000 | Loss: 3.4276 | Perplexity: 30.8027
Batch 37010 | Loss: 3.4279 | Perplexity: 30.8109
Batch 37020 | Loss: 3.4517 | Perplexity: 31.5544
Batch 37030 | Loss: 3.4984 | Perplexity: 33.0639
Batch 37040 | Loss: 3.4529 | Perplexity: 31.5904
Batch 37050 | Loss: 3.4315 | Perplexity: 30.9242
Batch 37060 | Loss: 3.4087 | Perplexity: 30.2252
Batch 37070 | Loss: 3.4223 | Perplexity: 30.6403
Batch 37080 | Loss: 3.4130 | Perplexity: 30.3557
Batch 37090 | Loss: 3.3999 | Perplexity: 29.9604
Batch 37100 | Loss: 3.4249 | Perplexity: 30.7202
Batch 37110 | Loss: 3.4920 | Perplexity: 32.8509
Batch 37120 | Loss: 3.4743 | Perplexity: 32.2748
Batch 37130 | Loss: 3.4665 | Perplexity: 32.0258
Batch 37140 | Loss: 3.5132 | Perplexity: 33.5568
Batch 37150 | Loss: 3.4479 | Perplexity: 31.4353
Batch 37160 | Loss: 3.4129 | Perplexity: 30.3529
Batch 37170 | Loss: 3.4840 | Perplexity: 32.5892
Batch 37180 | Loss: 3.3831 | Perplexity: 29.4615
Batch 37190 | Loss: 3.4087 | Perplexity: 30.2256
Batch 37200 | Loss: 3.4040 | Perplexity: 30.0838
Batch 37210 | Loss: 3.3900 | Perplexity: 29.6648
Batch 37220 | Loss: 3.4508 | Perplexity: 31.5264
Batch 37230 | Loss: 3.4782 | Perplexity: 32.4012
Batch 37240 | Loss: 3.4125 | Perplexity: 30.3413
Batch 37250 | Loss: 3.4195 | Perplexity: 30.5532
Batch 37260 | Loss: 3.4175 | Perplexity: 30.4925
Batch 37270 | Loss: 3.4499 | Perplexity: 31.4986
Batch 37280 | Loss: 3.4465 | Perplexity: 31.3894
Batch 37290 | Loss: 3.3662 | Perplexity: 28.9683
Batch 37300 | Loss: 3.4293 | Perplexity: 30.8559
Batch 37310 | Loss: 3.3976 | Perplexity: 29.8909
Batch 37320 | Loss: 3.3903 | Perplexity: 29.6752
Batch 37330 | Loss: 3.4472 | Perplexity: 31.4116
Batch 37340 | Loss: 3.4283 | Perplexity: 30.8250
Batch 37350 | Loss: 3.3897 | Perplexity: 29.6562
Batch 37360 | Loss: 3.4313 | Perplexity: 30.9154
Batch 37370 | Loss: 3.3981 | Perplexity: 29.9069
Batch 37380 | Loss: 3.3779 | Perplexity: 29.3101
Batch 37390 | Loss: 3.4274 | Perplexity: 30.7953
Batch 37400 | Loss: 3.4639 | Perplexity: 31.9418
Batch 37410 | Loss: 3.4045 | Perplexity: 30.0994
Batch 37420 | Loss: 3.4766 | Perplexity: 32.3487
Batch 37430 | Loss: 3.5052 | Perplexity: 33.2876
Batch 37440 | Loss: 3.4518 | Perplexity: 31.5570
Batch 37450 | Loss: 3.4784 | Perplexity: 32.4092
Batch 37460 | Loss: 3.4321 | Perplexity: 30.9407
Batch 37470 | Loss: 3.4936 | Perplexity: 32.9043
Batch 37480 | Loss: 3.4159 | Perplexity: 30.4455
Batch 37490 | Loss: 3.4316 | Perplexity: 30.9266
Epoch 74 | Loss: 3.2288 | Perplexity: 25.2487
Batch 37500 | Loss: 3.4174 | Perplexity: 30.4891
Batch 37510 | Loss: 3.4073 | Perplexity: 30.1838
Batch 37520 | Loss: 3.4680 | Perplexity: 32.0737
Batch 37530 | Loss: 3.4553 | Perplexity: 31.6683
Batch 37540 | Loss: 3.4012 | Perplexity: 30.0010
Batch 37550 | Loss: 3.4559 | Perplexity: 31.6862
Batch 37560 | Loss: 3.3885 | Perplexity: 29.6223
Batch 37570 | Loss: 3.3728 | Perplexity: 29.1605
Batch 37580 | Loss: 3.4626 | Perplexity: 31.8995
Batch 37590 | Loss: 3.5012 | Perplexity: 33.1544
Batch 37600 | Loss: 3.3741 | Perplexity: 29.1990
Batch 37610 | Loss: 3.3897 | Perplexity: 29.6563
Batch 37620 | Loss: 3.4512 | Perplexity: 31.5391
Batch 37630 | Loss: 3.5003 | Perplexity: 33.1267
Batch 37640 | Loss: 3.4796 | Perplexity: 32.4457
Batch 37650 | Loss: 3.4317 | Perplexity: 30.9302
Batch 37660 | Loss: 3.4487 | Perplexity: 31.4581
Batch 37670 | Loss: 3.5010 | Perplexity: 33.1492
Batch 37680 | Loss: 3.4716 | Perplexity: 32.1869
Batch 37690 | Loss: 3.4113 | Perplexity: 30.3061
Batch 37700 | Loss: 3.4024 | Perplexity: 30.0371
Batch 37710 | Loss: 3.4950 | Perplexity: 32.9510
Batch 37720 | Loss: 3.4528 | Perplexity: 31.5895
Batch 37730 | Loss: 3.4868 | Perplexity: 32.6820
Batch 37740 | Loss: 3.3802 | Perplexity: 29.3767
Batch 37750 | Loss: 3.4953 | Perplexity: 32.9593
Batch 37760 | Loss: 3.4740 | Perplexity: 32.2651
Batch 37770 | Loss: 3.4796 | Perplexity: 32.4469
Batch 37780 | Loss: 3.4009 | Perplexity: 29.9915
Batch 37790 | Loss: 3.4450 | Perplexity: 31.3430
Batch 37800 | Loss: 3.4711 | Perplexity: 32.1709
Batch 37810 | Loss: 3.4814 | Perplexity: 32.5055
Batch 37820 | Loss: 3.4700 | Perplexity: 32.1365
Batch 37830 | Loss: 3.4283 | Perplexity: 30.8250
Batch 37840 | Loss: 3.4343 | Perplexity: 31.0084
Batch 37850 | Loss: 3.4138 | Perplexity: 30.3802
Batch 37860 | Loss: 3.4920 | Perplexity: 32.8531
Batch 37870 | Loss: 3.4945 | Perplexity: 32.9352
Batch 37880 | Loss: 3.4136 | Perplexity: 30.3741
Batch 37890 | Loss: 3.4014 | Perplexity: 30.0055
Batch 37900 | Loss: 3.5229 | Perplexity: 33.8834
Batch 37910 | Loss: 3.4107 | Perplexity: 30.2870
Batch 37920 | Loss: 3.4753 | Perplexity: 32.3073
Batch 37930 | Loss: 3.4556 | Perplexity: 31.6767
Batch 37940 | Loss: 3.4396 | Perplexity: 31.1740
Batch 37950 | Loss: 3.4627 | Perplexity: 31.9036
Batch 37960 | Loss: 3.4596 | Perplexity: 31.8044
Batch 37970 | Loss: 3.4881 | Perplexity: 32.7229
Batch 37980 | Loss: 3.4628 | Perplexity: 31.9063
Batch 37990 | Loss: 3.4685 | Perplexity: 32.0871
Epoch 75 | Loss: 3.4951 | Perplexity: 32.9520
Succesfully saved parameters to path
Batch 38000 | Loss: 3.4331 | Perplexity: 30.9734
Batch 38010 | Loss: 3.4081 | Perplexity: 30.2085
Batch 38020 | Loss: 3.4492 | Perplexity: 31.4749
Batch 38030 | Loss: 3.4052 | Perplexity: 30.1214
Batch 38040 | Loss: 3.4186 | Perplexity: 30.5276
Batch 38050 | Loss: 3.4407 | Perplexity: 31.2087
Batch 38060 | Loss: 3.4605 | Perplexity: 31.8342
Batch 38070 | Loss: 3.3955 | Perplexity: 29.8302
Batch 38080 | Loss: 3.4555 | Perplexity: 31.6731
Batch 38090 | Loss: 3.4027 | Perplexity: 30.0437
Batch 38100 | Loss: 3.4733 | Perplexity: 32.2440
Batch 38110 | Loss: 3.4988 | Perplexity: 33.0767
Batch 38120 | Loss: 3.4143 | Perplexity: 30.3942
Batch 38130 | Loss: 3.4874 | Perplexity: 32.7001
Batch 38140 | Loss: 3.4613 | Perplexity: 31.8593
Batch 38150 | Loss: 3.5350 | Perplexity: 34.2967
Batch 38160 | Loss: 3.4337 | Perplexity: 30.9910
Batch 38170 | Loss: 3.4369 | Perplexity: 31.0916
Batch 38180 | Loss: 3.4692 | Perplexity: 32.1123
Batch 38190 | Loss: 3.4299 | Perplexity: 30.8722
Batch 38200 | Loss: 3.4359 | Perplexity: 31.0584
Batch 38210 | Loss: 3.4442 | Perplexity: 31.3174
Batch 38220 | Loss: 3.4286 | Perplexity: 30.8322
Batch 38230 | Loss: 3.3957 | Perplexity: 29.8370
Batch 38240 | Loss: 3.3993 | Perplexity: 29.9420
Batch 38250 | Loss: 3.3896 | Perplexity: 29.6537
Batch 38260 | Loss: 3.5148 | Perplexity: 33.6091
Batch 38270 | Loss: 3.4489 | Perplexity: 31.4654
Batch 38280 | Loss: 3.4200 | Perplexity: 30.5705
Batch 38290 | Loss: 3.4137 | Perplexity: 30.3766
Batch 38300 | Loss: 3.3506 | Perplexity: 28.5197
Batch 38310 | Loss: 3.4726 | Perplexity: 32.2203
Batch 38320 | Loss: 3.3968 | Perplexity: 29.8671
Batch 38330 | Loss: 3.3988 | Perplexity: 29.9279
Batch 38340 | Loss: 3.4747 | Perplexity: 32.2897
Batch 38350 | Loss: 3.4400 | Perplexity: 31.1866
Batch 38360 | Loss: 3.5299 | Perplexity: 34.1191
Batch 38370 | Loss: 3.4747 | Perplexity: 32.2892
Batch 38380 | Loss: 3.4618 | Perplexity: 31.8753
Batch 38390 | Loss: 3.4219 | Perplexity: 30.6277
Batch 38400 | Loss: 3.4263 | Perplexity: 30.7635
Batch 38410 | Loss: 3.4676 | Perplexity: 32.0593
Batch 38420 | Loss: 3.4477 | Perplexity: 31.4273
Batch 38430 | Loss: 3.4606 | Perplexity: 31.8373
Batch 38440 | Loss: 3.4434 | Perplexity: 31.2936
Batch 38450 | Loss: 3.4650 | Perplexity: 31.9765
Batch 38460 | Loss: 3.3988 | Perplexity: 29.9268
Batch 38470 | Loss: 3.3788 | Perplexity: 29.3354
Batch 38480 | Loss: 3.4790 | Perplexity: 32.4268
Batch 38490 | Loss: 3.4084 | Perplexity: 30.2163
Epoch 76 | Loss: 3.4238 | Perplexity: 30.6852
Batch 38500 | Loss: 3.4073 | Perplexity: 30.1842
Batch 38510 | Loss: 3.3957 | Perplexity: 29.8368
Batch 38520 | Loss: 3.4669 | Perplexity: 32.0358
Batch 38530 | Loss: 3.4385 | Perplexity: 31.1406
Batch 38540 | Loss: 3.4672 | Perplexity: 32.0464
Batch 38550 | Loss: 3.4239 | Perplexity: 30.6890
Batch 38560 | Loss: 3.4485 | Perplexity: 31.4541
Batch 38570 | Loss: 3.4388 | Perplexity: 31.1499
Batch 38580 | Loss: 3.3581 | Perplexity: 28.7347
Batch 38590 | Loss: 3.4462 | Perplexity: 31.3817
Batch 38600 | Loss: 3.4699 | Perplexity: 32.1324
Batch 38610 | Loss: 3.4947 | Perplexity: 32.9405
Batch 38620 | Loss: 3.4236 | Perplexity: 30.6784
Batch 38630 | Loss: 3.4611 | Perplexity: 31.8512
Batch 38640 | Loss: 3.4534 | Perplexity: 31.6062
Batch 38650 | Loss: 3.4329 | Perplexity: 30.9649
Batch 38660 | Loss: 3.4571 | Perplexity: 31.7244
Batch 38670 | Loss: 3.4156 | Perplexity: 30.4361
Batch 38680 | Loss: 3.3964 | Perplexity: 29.8565
Batch 38690 | Loss: 3.4477 | Perplexity: 31.4270
Batch 38700 | Loss: 3.4034 | Perplexity: 30.0652
Batch 38710 | Loss: 3.4494 | Perplexity: 31.4814
Batch 38720 | Loss: 3.4204 | Perplexity: 30.5815
Batch 38730 | Loss: 3.4817 | Perplexity: 32.5150
Batch 38740 | Loss: 3.3595 | Perplexity: 28.7746
Batch 38750 | Loss: 3.5114 | Perplexity: 33.4960
Batch 38760 | Loss: 3.4196 | Perplexity: 30.5570
Batch 38770 | Loss: 3.4570 | Perplexity: 31.7224
Batch 38780 | Loss: 3.4173 | Perplexity: 30.4880
Batch 38790 | Loss: 3.4560 | Perplexity: 31.6915
Batch 38800 | Loss: 3.4316 | Perplexity: 30.9276
Batch 38810 | Loss: 3.4010 | Perplexity: 29.9933
Batch 38820 | Loss: 3.3662 | Perplexity: 28.9683
Batch 38830 | Loss: 3.4145 | Perplexity: 30.4017
Batch 38840 | Loss: 3.3653 | Perplexity: 28.9422
Batch 38850 | Loss: 3.3333 | Perplexity: 28.0297
Batch 38860 | Loss: 3.4033 | Perplexity: 30.0644
Batch 38870 | Loss: 3.4529 | Perplexity: 31.5918
Batch 38880 | Loss: 3.4268 | Perplexity: 30.7770
Batch 38890 | Loss: 3.4381 | Perplexity: 31.1262
Batch 38900 | Loss: 3.4159 | Perplexity: 30.4448
Batch 38910 | Loss: 3.4674 | Perplexity: 32.0519
Batch 38920 | Loss: 3.4081 | Perplexity: 30.2092
Batch 38930 | Loss: 3.4582 | Perplexity: 31.7595
Batch 38940 | Loss: 3.4542 | Perplexity: 31.6344
Batch 38950 | Loss: 3.4491 | Perplexity: 31.4711
Batch 38960 | Loss: 3.4331 | Perplexity: 30.9718
Batch 38970 | Loss: 3.4300 | Perplexity: 30.8767
Batch 38980 | Loss: 3.5113 | Perplexity: 33.4918
Batch 38990 | Loss: 3.3942 | Perplexity: 29.7903
Epoch 77 | Loss: 3.3959 | Perplexity: 29.8408
Batch 39000 | Loss: 3.3783 | Perplexity: 29.3223
Batch 39010 | Loss: 3.4339 | Perplexity: 30.9979
Batch 39020 | Loss: 3.4078 | Perplexity: 30.1992
Batch 39030 | Loss: 3.4239 | Perplexity: 30.6896
Batch 39040 | Loss: 3.4519 | Perplexity: 31.5598
Batch 39050 | Loss: 3.4122 | Perplexity: 30.3333
Batch 39060 | Loss: 3.4329 | Perplexity: 30.9652
Batch 39070 | Loss: 3.4528 | Perplexity: 31.5886
Batch 39080 | Loss: 3.4615 | Perplexity: 31.8655
Batch 39090 | Loss: 3.4546 | Perplexity: 31.6466
Batch 39100 | Loss: 3.4344 | Perplexity: 31.0131
Batch 39110 | Loss: 3.4276 | Perplexity: 30.8023
Batch 39120 | Loss: 3.4214 | Perplexity: 30.6124
Batch 39130 | Loss: 3.4539 | Perplexity: 31.6234
Batch 39140 | Loss: 3.4137 | Perplexity: 30.3770
Batch 39150 | Loss: 3.4056 | Perplexity: 30.1318
Batch 39160 | Loss: 3.4007 | Perplexity: 29.9856
Batch 39170 | Loss: 3.3557 | Perplexity: 28.6650
Batch 39180 | Loss: 3.3723 | Perplexity: 29.1452
Batch 39190 | Loss: 3.4026 | Perplexity: 30.0415
Batch 39200 | Loss: 3.4368 | Perplexity: 31.0877
Batch 39210 | Loss: 3.4724 | Perplexity: 32.2150
Batch 39220 | Loss: 3.4576 | Perplexity: 31.7411
Batch 39230 | Loss: 3.5161 | Perplexity: 33.6545
Batch 39240 | Loss: 3.3857 | Perplexity: 29.5385
Batch 39250 | Loss: 3.4790 | Perplexity: 32.4275
Batch 39260 | Loss: 3.4275 | Perplexity: 30.7998
Batch 39270 | Loss: 3.4432 | Perplexity: 31.2855
Batch 39280 | Loss: 3.5008 | Perplexity: 33.1428
Batch 39290 | Loss: 3.4113 | Perplexity: 30.3059
Batch 39300 | Loss: 3.4825 | Perplexity: 32.5415
Batch 39310 | Loss: 3.4101 | Perplexity: 30.2684
Batch 39320 | Loss: 3.5085 | Perplexity: 33.3978
Batch 39330 | Loss: 3.4572 | Perplexity: 31.7286
Batch 39340 | Loss: 3.4310 | Perplexity: 30.9084
Batch 39350 | Loss: 3.4338 | Perplexity: 30.9957
Batch 39360 | Loss: 3.4050 | Perplexity: 30.1151
Batch 39370 | Loss: 3.4329 | Perplexity: 30.9665
Batch 39380 | Loss: 3.4176 | Perplexity: 30.4957
Batch 39390 | Loss: 3.4608 | Perplexity: 31.8412
Batch 39400 | Loss: 3.4584 | Perplexity: 31.7645
Batch 39410 | Loss: 3.4414 | Perplexity: 31.2312
Batch 39420 | Loss: 3.4642 | Perplexity: 31.9498
Batch 39430 | Loss: 3.4643 | Perplexity: 31.9542
Batch 39440 | Loss: 3.4229 | Perplexity: 30.6582
Batch 39450 | Loss: 3.4759 | Perplexity: 32.3254
Batch 39460 | Loss: 3.3852 | Perplexity: 29.5247
Batch 39470 | Loss: 3.4698 | Perplexity: 32.1296
Batch 39480 | Loss: 3.3972 | Perplexity: 29.8792
Batch 39490 | Loss: 3.4194 | Perplexity: 30.5511
Epoch 78 | Loss: 3.4527 | Perplexity: 31.5850
Batch 39500 | Loss: 3.4404 | Perplexity: 31.1996
Batch 39510 | Loss: 3.4460 | Perplexity: 31.3736
Batch 39520 | Loss: 3.4465 | Perplexity: 31.3918
Batch 39530 | Loss: 3.4862 | Perplexity: 32.6607
Batch 39540 | Loss: 3.4837 | Perplexity: 32.5789
Batch 39550 | Loss: 3.3926 | Perplexity: 29.7435
Batch 39560 | Loss: 3.4191 | Perplexity: 30.5409
Batch 39570 | Loss: 3.4443 | Perplexity: 31.3219
Batch 39580 | Loss: 3.4283 | Perplexity: 30.8249
Batch 39590 | Loss: 3.3997 | Perplexity: 29.9563
Batch 39600 | Loss: 3.5165 | Perplexity: 33.6677
Batch 39610 | Loss: 3.4531 | Perplexity: 31.5976
Batch 39620 | Loss: 3.4707 | Perplexity: 32.1587
Batch 39630 | Loss: 3.4988 | Perplexity: 33.0770
Batch 39640 | Loss: 3.4469 | Perplexity: 31.4026
Batch 39650 | Loss: 3.4462 | Perplexity: 31.3818
Batch 39660 | Loss: 3.4875 | Perplexity: 32.7037
Batch 39670 | Loss: 3.4267 | Perplexity: 30.7748
Batch 39680 | Loss: 3.4583 | Perplexity: 31.7625
Batch 39690 | Loss: 3.4660 | Perplexity: 32.0100
Batch 39700 | Loss: 3.4152 | Perplexity: 30.4221
Batch 39710 | Loss: 3.4522 | Perplexity: 31.5687
Batch 39720 | Loss: 3.4306 | Perplexity: 30.8951
Batch 39730 | Loss: 3.4752 | Perplexity: 32.3045
Batch 39740 | Loss: 3.4356 | Perplexity: 31.0496
Batch 39750 | Loss: 3.3956 | Perplexity: 29.8315
Batch 39760 | Loss: 3.3446 | Perplexity: 28.3504
Batch 39770 | Loss: 3.4439 | Perplexity: 31.3090
Batch 39780 | Loss: 3.4340 | Perplexity: 31.0003
Batch 39790 | Loss: 3.4890 | Perplexity: 32.7523
Batch 39800 | Loss: 3.3448 | Perplexity: 28.3551
Batch 39810 | Loss: 3.3986 | Perplexity: 29.9222
Batch 39820 | Loss: 3.4475 | Perplexity: 31.4222
Batch 39830 | Loss: 3.4960 | Perplexity: 32.9844
Batch 39840 | Loss: 3.5025 | Perplexity: 33.1983
Batch 39850 | Loss: 3.4449 | Perplexity: 31.3403
Batch 39860 | Loss: 3.4524 | Perplexity: 31.5757
Batch 39870 | Loss: 3.4057 | Perplexity: 30.1362
Batch 39880 | Loss: 3.5018 | Perplexity: 33.1735
Batch 39890 | Loss: 3.4750 | Perplexity: 32.2968
Batch 39900 | Loss: 3.3640 | Perplexity: 28.9037
Batch 39910 | Loss: 3.4358 | Perplexity: 31.0574
Batch 39920 | Loss: 3.4473 | Perplexity: 31.4168
Batch 39930 | Loss: 3.4155 | Perplexity: 30.4328
Batch 39940 | Loss: 3.3938 | Perplexity: 29.7791
Batch 39950 | Loss: 3.4056 | Perplexity: 30.1310
Batch 39960 | Loss: 3.3918 | Perplexity: 29.7192
Batch 39970 | Loss: 3.4674 | Perplexity: 32.0548
Batch 39980 | Loss: 3.4044 | Perplexity: 30.0956
Batch 39990 | Loss: 3.3783 | Perplexity: 29.3213
Epoch 79 | Loss: 3.5687 | Perplexity: 35.4694
Batch 40000 | Loss: 3.4492 | Perplexity: 31.4750
Batch 40010 | Loss: 3.4654 | Perplexity: 31.9902
Batch 40020 | Loss: 3.4529 | Perplexity: 31.5930
Batch 40030 | Loss: 3.4100 | Perplexity: 30.2650
Batch 40040 | Loss: 3.4538 | Perplexity: 31.6197
Batch 40050 | Loss: 3.4844 | Perplexity: 32.6019
Batch 40060 | Loss: 3.4145 | Perplexity: 30.4005
Batch 40070 | Loss: 3.4127 | Perplexity: 30.3456
Batch 40080 | Loss: 3.5195 | Perplexity: 33.7662
Batch 40090 | Loss: 3.4184 | Perplexity: 30.5199
Batch 40100 | Loss: 3.4948 | Perplexity: 32.9443
Batch 40110 | Loss: 3.4352 | Perplexity: 31.0383
Batch 40120 | Loss: 3.3837 | Perplexity: 29.4795
Batch 40130 | Loss: 3.5144 | Perplexity: 33.5966
Batch 40140 | Loss: 3.4243 | Perplexity: 30.7010
Batch 40150 | Loss: 3.4088 | Perplexity: 30.2300
Batch 40160 | Loss: 3.4153 | Perplexity: 30.4266
Batch 40170 | Loss: 3.3934 | Perplexity: 29.7682
Batch 40180 | Loss: 3.4244 | Perplexity: 30.7050
Batch 40190 | Loss: 3.4496 | Perplexity: 31.4866
Batch 40200 | Loss: 3.3908 | Perplexity: 29.6890
Batch 40210 | Loss: 3.4525 | Perplexity: 31.5782
Batch 40220 | Loss: 3.3811 | Perplexity: 29.4037
Batch 40230 | Loss: 3.4111 | Perplexity: 30.2998
Batch 40240 | Loss: 3.4099 | Perplexity: 30.2633
Batch 40250 | Loss: 3.4295 | Perplexity: 30.8619
Batch 40260 | Loss: 3.4126 | Perplexity: 30.3447
Batch 40270 | Loss: 3.4600 | Perplexity: 31.8165
Batch 40280 | Loss: 3.4660 | Perplexity: 32.0094
Batch 40290 | Loss: 3.4400 | Perplexity: 31.1873
Batch 40300 | Loss: 3.4729 | Perplexity: 32.2297
Batch 40310 | Loss: 3.4326 | Perplexity: 30.9569
Batch 40320 | Loss: 3.5274 | Perplexity: 34.0357
Batch 40330 | Loss: 3.4318 | Perplexity: 30.9324
Batch 40340 | Loss: 3.3915 | Perplexity: 29.7106
Batch 40350 | Loss: 3.4941 | Perplexity: 32.9221
Batch 40360 | Loss: 3.3853 | Perplexity: 29.5260
Batch 40370 | Loss: 3.4528 | Perplexity: 31.5874
Batch 40380 | Loss: 3.4507 | Perplexity: 31.5210
Batch 40390 | Loss: 3.4721 | Perplexity: 32.2054
Batch 40400 | Loss: 3.3722 | Perplexity: 29.1416
Batch 40410 | Loss: 3.4135 | Perplexity: 30.3706
Batch 40420 | Loss: 3.3960 | Perplexity: 29.8449
Batch 40430 | Loss: 3.4282 | Perplexity: 30.8202
Batch 40440 | Loss: 3.3665 | Perplexity: 28.9771
Batch 40450 | Loss: 3.4040 | Perplexity: 30.0829
Batch 40460 | Loss: 3.4206 | Perplexity: 30.5887
Batch 40470 | Loss: 3.4702 | Perplexity: 32.1433
Batch 40480 | Loss: 3.3433 | Perplexity: 28.3120
Batch 40490 | Loss: 3.4451 | Perplexity: 31.3454
Epoch 80 | Loss: 3.4879 | Perplexity: 32.7181
Succesfully saved parameters to path
Batch 40500 | Loss: 3.4289 | Perplexity: 30.8439
Batch 40510 | Loss: 3.4127 | Perplexity: 30.3483
Batch 40520 | Loss: 3.3843 | Perplexity: 29.4986
Batch 40530 | Loss: 3.4363 | Perplexity: 31.0712
Batch 40540 | Loss: 3.3863 | Perplexity: 29.5576
Batch 40550 | Loss: 3.4311 | Perplexity: 30.9114
Batch 40560 | Loss: 3.4182 | Perplexity: 30.5153
Batch 40570 | Loss: 3.3812 | Perplexity: 29.4068
Batch 40580 | Loss: 3.4395 | Perplexity: 31.1706
Batch 40590 | Loss: 3.4199 | Perplexity: 30.5664
Batch 40600 | Loss: 3.4152 | Perplexity: 30.4236
Batch 40610 | Loss: 3.4483 | Perplexity: 31.4466
Batch 40620 | Loss: 3.4104 | Perplexity: 30.2785
Batch 40630 | Loss: 3.4925 | Perplexity: 32.8696
Batch 40640 | Loss: 3.3987 | Perplexity: 29.9242
Batch 40650 | Loss: 3.4375 | Perplexity: 31.1082
Batch 40660 | Loss: 3.4434 | Perplexity: 31.2918
Batch 40670 | Loss: 3.4712 | Perplexity: 32.1742
Batch 40680 | Loss: 3.4553 | Perplexity: 31.6685
Batch 40690 | Loss: 3.4287 | Perplexity: 30.8369
Batch 40700 | Loss: 3.4102 | Perplexity: 30.2715
Batch 40710 | Loss: 3.4935 | Perplexity: 32.9024
Batch 40720 | Loss: 3.4722 | Perplexity: 32.2083
Batch 40730 | Loss: 3.4328 | Perplexity: 30.9641
Batch 40740 | Loss: 3.4209 | Perplexity: 30.5957
Batch 40750 | Loss: 3.4084 | Perplexity: 30.2183
Batch 40760 | Loss: 3.3825 | Perplexity: 29.4456
Batch 40770 | Loss: 3.3722 | Perplexity: 29.1428
Batch 40780 | Loss: 3.4297 | Perplexity: 30.8685
Batch 40790 | Loss: 3.4324 | Perplexity: 30.9510
Batch 40800 | Loss: 3.4091 | Perplexity: 30.2392
Batch 40810 | Loss: 3.4128 | Perplexity: 30.3487
Batch 40820 | Loss: 3.4654 | Perplexity: 31.9880
Batch 40830 | Loss: 3.4195 | Perplexity: 30.5530
Batch 40840 | Loss: 3.4570 | Perplexity: 31.7211
Batch 40850 | Loss: 3.4292 | Perplexity: 30.8535
Batch 40860 | Loss: 3.4122 | Perplexity: 30.3328
Batch 40870 | Loss: 3.4528 | Perplexity: 31.5891
Batch 40880 | Loss: 3.3925 | Perplexity: 29.7399
Batch 40890 | Loss: 3.3959 | Perplexity: 29.8409
Batch 40900 | Loss: 3.4471 | Perplexity: 31.4102
Batch 40910 | Loss: 3.3898 | Perplexity: 29.6597
Batch 40920 | Loss: 3.4527 | Perplexity: 31.5859
Batch 40930 | Loss: 3.3922 | Perplexity: 29.7306
Batch 40940 | Loss: 3.4114 | Perplexity: 30.3063
Batch 40950 | Loss: 3.4038 | Perplexity: 30.0781
Batch 40960 | Loss: 3.3821 | Perplexity: 29.4320
Batch 40970 | Loss: 3.4147 | Perplexity: 30.4083
Batch 40980 | Loss: 3.3737 | Perplexity: 29.1851
Batch 40990 | Loss: 3.4398 | Perplexity: 31.1796
Epoch 81 | Loss: 3.4322 | Perplexity: 30.9446
Batch 41000 | Loss: 3.4177 | Perplexity: 30.4980
Batch 41010 | Loss: 3.3904 | Perplexity: 29.6787
Batch 41020 | Loss: 3.4566 | Perplexity: 31.7103
Batch 41030 | Loss: 3.4486 | Perplexity: 31.4569
Batch 41040 | Loss: 3.4496 | Perplexity: 31.4885
Batch 41050 | Loss: 3.4043 | Perplexity: 30.0929
Batch 41060 | Loss: 3.4283 | Perplexity: 30.8233
Batch 41070 | Loss: 3.4396 | Perplexity: 31.1734
Batch 41080 | Loss: 3.5058 | Perplexity: 33.3096
Batch 41090 | Loss: 3.4705 | Perplexity: 32.1518
Batch 41100 | Loss: 3.4370 | Perplexity: 31.0947
Batch 41110 | Loss: 3.4133 | Perplexity: 30.3657
Batch 41120 | Loss: 3.4020 | Perplexity: 30.0241
Batch 41130 | Loss: 3.4438 | Perplexity: 31.3058
Batch 41140 | Loss: 3.4103 | Perplexity: 30.2732
Batch 41150 | Loss: 3.4098 | Perplexity: 30.2593
Batch 41160 | Loss: 3.4821 | Perplexity: 32.5269
Batch 41170 | Loss: 3.3795 | Perplexity: 29.3565
Batch 41180 | Loss: 3.4646 | Perplexity: 31.9639
Batch 41190 | Loss: 3.4234 | Perplexity: 30.6745
Batch 41200 | Loss: 3.4385 | Perplexity: 31.1415
Batch 41210 | Loss: 3.4432 | Perplexity: 31.2861
Batch 41220 | Loss: 3.4896 | Perplexity: 32.7735
Batch 41230 | Loss: 3.4114 | Perplexity: 30.3065
Batch 41240 | Loss: 3.3883 | Perplexity: 29.6142
Batch 41250 | Loss: 3.4584 | Perplexity: 31.7666
Batch 41260 | Loss: 3.3923 | Perplexity: 29.7344
Batch 41270 | Loss: 3.4211 | Perplexity: 30.6021
Batch 41280 | Loss: 3.3639 | Perplexity: 28.9006
Batch 41290 | Loss: 3.4481 | Perplexity: 31.4396
Batch 41300 | Loss: 3.4135 | Perplexity: 30.3711
Batch 41310 | Loss: 3.4449 | Perplexity: 31.3393
Batch 41320 | Loss: 3.3606 | Perplexity: 28.8053
Batch 41330 | Loss: 3.4856 | Perplexity: 32.6427
Batch 41340 | Loss: 3.4320 | Perplexity: 30.9399
Batch 41350 | Loss: 3.3674 | Perplexity: 29.0021
Batch 41360 | Loss: 3.4139 | Perplexity: 30.3824
Batch 41370 | Loss: 3.4346 | Perplexity: 31.0175
Batch 41380 | Loss: 3.4713 | Perplexity: 32.1774
Batch 41390 | Loss: 3.5103 | Perplexity: 33.4580
Batch 41400 | Loss: 3.3991 | Perplexity: 29.9378
Batch 41410 | Loss: 3.4243 | Perplexity: 30.7009
Batch 41420 | Loss: 3.4264 | Perplexity: 30.7670
Batch 41430 | Loss: 3.4239 | Perplexity: 30.6885
Batch 41440 | Loss: 3.4269 | Perplexity: 30.7818
Batch 41450 | Loss: 3.4043 | Perplexity: 30.0945
Batch 41460 | Loss: 3.5055 | Perplexity: 33.2991
Batch 41470 | Loss: 3.4128 | Perplexity: 30.3514
Batch 41480 | Loss: 3.4513 | Perplexity: 31.5419
Batch 41490 | Loss: 3.4172 | Perplexity: 30.4843
Epoch 82 | Loss: 3.3594 | Perplexity: 28.7708
Batch 41500 | Loss: 3.4186 | Perplexity: 30.5254
Batch 41510 | Loss: 3.3767 | Perplexity: 29.2727
Batch 41520 | Loss: 3.4319 | Perplexity: 30.9358
Batch 41530 | Loss: 3.4273 | Perplexity: 30.7923
Batch 41540 | Loss: 3.4116 | Perplexity: 30.3124
Batch 41550 | Loss: 3.4958 | Perplexity: 32.9766
Batch 41560 | Loss: 3.4060 | Perplexity: 30.1458
Batch 41570 | Loss: 3.3998 | Perplexity: 29.9569
Batch 41580 | Loss: 3.4314 | Perplexity: 30.9204
Batch 41590 | Loss: 3.4173 | Perplexity: 30.4875
Batch 41600 | Loss: 3.3662 | Perplexity: 28.9675
Batch 41610 | Loss: 3.3859 | Perplexity: 29.5444
Batch 41620 | Loss: 3.4013 | Perplexity: 30.0039
Batch 41630 | Loss: 3.4346 | Perplexity: 31.0204
Batch 41640 | Loss: 3.4357 | Perplexity: 31.0526
Batch 41650 | Loss: 3.4417 | Perplexity: 31.2413
Batch 41660 | Loss: 3.4337 | Perplexity: 30.9908
Batch 41670 | Loss: 3.4123 | Perplexity: 30.3335
Batch 41680 | Loss: 3.4776 | Perplexity: 32.3817
Batch 41690 | Loss: 3.4950 | Perplexity: 32.9501
Batch 41700 | Loss: 3.4551 | Perplexity: 31.6629
Batch 41710 | Loss: 3.3998 | Perplexity: 29.9588
Batch 41720 | Loss: 3.4242 | Perplexity: 30.6986
Batch 41730 | Loss: 3.5401 | Perplexity: 34.4698
Batch 41740 | Loss: 3.4173 | Perplexity: 30.4874
Batch 41750 | Loss: 3.3558 | Perplexity: 28.6696
Batch 41760 | Loss: 3.4362 | Perplexity: 31.0694
Batch 41770 | Loss: 3.4170 | Perplexity: 30.4777
Batch 41780 | Loss: 3.4258 | Perplexity: 30.7460
Batch 41790 | Loss: 3.3628 | Perplexity: 28.8703
Batch 41800 | Loss: 3.4254 | Perplexity: 30.7354
Batch 41810 | Loss: 3.4357 | Perplexity: 31.0518
Batch 41820 | Loss: 3.4230 | Perplexity: 30.6610
Batch 41830 | Loss: 3.4666 | Perplexity: 32.0282
Batch 41840 | Loss: 3.3850 | Perplexity: 29.5176
Batch 41850 | Loss: 3.4077 | Perplexity: 30.1947
Batch 41860 | Loss: 3.4521 | Perplexity: 31.5655
Batch 41870 | Loss: 3.3967 | Perplexity: 29.8664
Batch 41880 | Loss: 3.3510 | Perplexity: 28.5314
Batch 41890 | Loss: 3.4022 | Perplexity: 30.0312
Batch 41900 | Loss: 3.4309 | Perplexity: 30.9044
Batch 41910 | Loss: 3.5148 | Perplexity: 33.6091
Batch 41920 | Loss: 3.4103 | Perplexity: 30.2736
Batch 41930 | Loss: 3.4383 | Perplexity: 31.1353
Batch 41940 | Loss: 3.3958 | Perplexity: 29.8373
Batch 41950 | Loss: 3.3896 | Perplexity: 29.6539
Batch 41960 | Loss: 3.4044 | Perplexity: 30.0959
Batch 41970 | Loss: 3.3986 | Perplexity: 29.9219
Batch 41980 | Loss: 3.4347 | Perplexity: 31.0210
Batch 41990 | Loss: 3.4500 | Perplexity: 31.4988
Epoch 83 | Loss: 3.4579 | Perplexity: 31.7488
Batch 42000 | Loss: 3.4539 | Perplexity: 31.6221
Batch 42010 | Loss: 3.4449 | Perplexity: 31.3408
Batch 42020 | Loss: 3.4280 | Perplexity: 30.8137
Batch 42030 | Loss: 3.4441 | Perplexity: 31.3156
Batch 42040 | Loss: 3.4034 | Perplexity: 30.0653
Batch 42050 | Loss: 3.3615 | Perplexity: 28.8338
Batch 42060 | Loss: 3.4124 | Perplexity: 30.3390
Batch 42070 | Loss: 3.4217 | Perplexity: 30.6215
Batch 42080 | Loss: 3.4646 | Perplexity: 31.9626
Batch 42090 | Loss: 3.4387 | Perplexity: 31.1453
Batch 42100 | Loss: 3.4240 | Perplexity: 30.6910
Batch 42110 | Loss: 3.4466 | Perplexity: 31.3920
Batch 42120 | Loss: 3.3956 | Perplexity: 29.8312
Batch 42130 | Loss: 3.3487 | Perplexity: 28.4649
Batch 42140 | Loss: 3.3929 | Perplexity: 29.7533
Batch 42150 | Loss: 3.4337 | Perplexity: 30.9922
Batch 42160 | Loss: 3.4655 | Perplexity: 31.9930
Batch 42170 | Loss: 3.4705 | Perplexity: 32.1519
Batch 42180 | Loss: 3.4670 | Perplexity: 32.0419
Batch 42190 | Loss: 3.4573 | Perplexity: 31.7323
Batch 42200 | Loss: 3.4512 | Perplexity: 31.5397
Batch 42210 | Loss: 3.4067 | Perplexity: 30.1661
Batch 42220 | Loss: 3.4432 | Perplexity: 31.2859
Batch 42230 | Loss: 3.4203 | Perplexity: 30.5795
Batch 42240 | Loss: 3.4417 | Perplexity: 31.2398
Batch 42250 | Loss: 3.4359 | Perplexity: 31.0597
Batch 42260 | Loss: 3.4442 | Perplexity: 31.3181
Batch 42270 | Loss: 3.3949 | Perplexity: 29.8121
Batch 42280 | Loss: 3.4695 | Perplexity: 32.1220
Batch 42290 | Loss: 3.4324 | Perplexity: 30.9509
Batch 42300 | Loss: 3.3508 | Perplexity: 28.5254
Batch 42310 | Loss: 3.3974 | Perplexity: 29.8865
Batch 42320 | Loss: 3.3866 | Perplexity: 29.5650
Batch 42330 | Loss: 3.4259 | Perplexity: 30.7496
Batch 42340 | Loss: 3.4235 | Perplexity: 30.6753
Batch 42350 | Loss: 3.4479 | Perplexity: 31.4330
Batch 42360 | Loss: 3.4194 | Perplexity: 30.5518
Batch 42370 | Loss: 3.4062 | Perplexity: 30.1490
Batch 42380 | Loss: 3.4000 | Perplexity: 29.9637
Batch 42390 | Loss: 3.3974 | Perplexity: 29.8877
Batch 42400 | Loss: 3.3830 | Perplexity: 29.4588
Batch 42410 | Loss: 3.3836 | Perplexity: 29.4757
Batch 42420 | Loss: 3.4449 | Perplexity: 31.3390
Batch 42430 | Loss: 3.3985 | Perplexity: 29.9192
Batch 42440 | Loss: 3.4029 | Perplexity: 30.0520
Batch 42450 | Loss: 3.3854 | Perplexity: 29.5286
Batch 42460 | Loss: 3.3976 | Perplexity: 29.8921
Batch 42470 | Loss: 3.4222 | Perplexity: 30.6366
Batch 42480 | Loss: 3.4994 | Perplexity: 33.0964
Batch 42490 | Loss: 3.4127 | Perplexity: 30.3469
Epoch 84 | Loss: 3.3621 | Perplexity: 28.8498
Batch 42500 | Loss: 3.3915 | Perplexity: 29.7100
Batch 42510 | Loss: 3.4389 | Perplexity: 31.1530
Batch 42520 | Loss: 3.4221 | Perplexity: 30.6351
Batch 42530 | Loss: 3.4304 | Perplexity: 30.8890
Batch 42540 | Loss: 3.4526 | Perplexity: 31.5824
Batch 42550 | Loss: 3.4193 | Perplexity: 30.5478
Batch 42560 | Loss: 3.3994 | Perplexity: 29.9452
Batch 42570 | Loss: 3.3824 | Perplexity: 29.4409
Batch 42580 | Loss: 3.4450 | Perplexity: 31.3429
Batch 42590 | Loss: 3.4439 | Perplexity: 31.3096
Batch 42600 | Loss: 3.3992 | Perplexity: 29.9404
Batch 42610 | Loss: 3.4420 | Perplexity: 31.2500
Batch 42620 | Loss: 3.4282 | Perplexity: 30.8199
Batch 42630 | Loss: 3.4104 | Perplexity: 30.2786
Batch 42640 | Loss: 3.4233 | Perplexity: 30.6707
Batch 42650 | Loss: 3.4422 | Perplexity: 31.2559
Batch 42660 | Loss: 3.4619 | Perplexity: 31.8768
Batch 42670 | Loss: 3.4269 | Perplexity: 30.7797
Batch 42680 | Loss: 3.3984 | Perplexity: 29.9162
Batch 42690 | Loss: 3.3423 | Perplexity: 28.2850
Batch 42700 | Loss: 3.4551 | Perplexity: 31.6605
Batch 42710 | Loss: 3.4896 | Perplexity: 32.7742
Batch 42720 | Loss: 3.4439 | Perplexity: 31.3075
Batch 42730 | Loss: 3.4330 | Perplexity: 30.9686
Batch 42740 | Loss: 3.4564 | Perplexity: 31.7036
Batch 42750 | Loss: 3.4760 | Perplexity: 32.3308
Batch 42760 | Loss: 3.3845 | Perplexity: 29.5040
Batch 42770 | Loss: 3.4165 | Perplexity: 30.4628
Batch 42780 | Loss: 3.4238 | Perplexity: 30.6873
Batch 42790 | Loss: 3.4761 | Perplexity: 32.3345
Batch 42800 | Loss: 3.5188 | Perplexity: 33.7443
Batch 42810 | Loss: 3.4280 | Perplexity: 30.8156
Batch 42820 | Loss: 3.3842 | Perplexity: 29.4950
Batch 42830 | Loss: 3.4120 | Perplexity: 30.3268
Batch 42840 | Loss: 3.4689 | Perplexity: 32.1001
Batch 42850 | Loss: 3.3887 | Perplexity: 29.6261
Batch 42860 | Loss: 3.4807 | Perplexity: 32.4818
Batch 42870 | Loss: 3.4452 | Perplexity: 31.3486
Batch 42880 | Loss: 3.4260 | Perplexity: 30.7540
Batch 42890 | Loss: 3.3840 | Perplexity: 29.4892
Batch 42900 | Loss: 3.4473 | Perplexity: 31.4163
Batch 42910 | Loss: 3.3925 | Perplexity: 29.7413
Batch 42920 | Loss: 3.4322 | Perplexity: 30.9442
Batch 42930 | Loss: 3.4783 | Perplexity: 32.4043
Batch 42940 | Loss: 3.5292 | Perplexity: 34.0956
Batch 42950 | Loss: 3.3682 | Perplexity: 29.0270
Batch 42960 | Loss: 3.3801 | Perplexity: 29.3724
Batch 42970 | Loss: 3.5003 | Perplexity: 33.1251
Batch 42980 | Loss: 3.4708 | Perplexity: 32.1609
Batch 42990 | Loss: 3.4351 | Perplexity: 31.0331
Epoch 85 | Loss: 3.5141 | Perplexity: 33.5851
Succesfully saved parameters to path
Batch 43000 | Loss: 3.4470 | Perplexity: 31.4074
Batch 43010 | Loss: 3.4206 | Perplexity: 30.5886
Batch 43020 | Loss: 3.4219 | Perplexity: 30.6281
Batch 43030 | Loss: 3.3742 | Perplexity: 29.2006
Batch 43040 | Loss: 3.4023 | Perplexity: 30.0325
Batch 43050 | Loss: 3.3997 | Perplexity: 29.9551
Batch 43060 | Loss: 3.3554 | Perplexity: 28.6568
Batch 43070 | Loss: 3.4168 | Perplexity: 30.4722
Batch 43080 | Loss: 3.3854 | Perplexity: 29.5297
Batch 43090 | Loss: 3.4058 | Perplexity: 30.1371
Batch 43100 | Loss: 3.4344 | Perplexity: 31.0129
Batch 43110 | Loss: 3.3911 | Perplexity: 29.7000
Batch 43120 | Loss: 3.4346 | Perplexity: 31.0185
Batch 43130 | Loss: 3.4471 | Perplexity: 31.4105
Batch 43140 | Loss: 3.4242 | Perplexity: 30.6982
Batch 43150 | Loss: 3.4625 | Perplexity: 31.8954
Batch 43160 | Loss: 3.4600 | Perplexity: 31.8155
Batch 43170 | Loss: 3.4534 | Perplexity: 31.6071
Batch 43180 | Loss: 3.4311 | Perplexity: 30.9105
Batch 43190 | Loss: 3.4311 | Perplexity: 30.9092
Batch 43200 | Loss: 3.3992 | Perplexity: 29.9392
Batch 43210 | Loss: 3.3676 | Perplexity: 29.0078
Batch 43220 | Loss: 3.4233 | Perplexity: 30.6706
Batch 43230 | Loss: 3.3894 | Perplexity: 29.6482
Batch 43240 | Loss: 3.4714 | Perplexity: 32.1813
Batch 43250 | Loss: 3.4540 | Perplexity: 31.6267
Batch 43260 | Loss: 3.4419 | Perplexity: 31.2472
Batch 43270 | Loss: 3.3844 | Perplexity: 29.4999
Batch 43280 | Loss: 3.4449 | Perplexity: 31.3395
Batch 43290 | Loss: 3.4087 | Perplexity: 30.2261
Batch 43300 | Loss: 3.3803 | Perplexity: 29.3804
Batch 43310 | Loss: 3.4259 | Perplexity: 30.7501
Batch 43320 | Loss: 3.4416 | Perplexity: 31.2383
Batch 43330 | Loss: 3.4790 | Perplexity: 32.4275
Batch 43340 | Loss: 3.4083 | Perplexity: 30.2142
Batch 43350 | Loss: 3.4169 | Perplexity: 30.4750
Batch 43360 | Loss: 3.4454 | Perplexity: 31.3573
Batch 43370 | Loss: 3.4015 | Perplexity: 30.0105
Batch 43380 | Loss: 3.4279 | Perplexity: 30.8117
Batch 43390 | Loss: 3.4097 | Perplexity: 30.2562
Batch 43400 | Loss: 3.4241 | Perplexity: 30.6952
Batch 43410 | Loss: 3.4262 | Perplexity: 30.7604
Batch 43420 | Loss: 3.4902 | Perplexity: 32.7936
Batch 43430 | Loss: 3.4288 | Perplexity: 30.8405
Batch 43440 | Loss: 3.4769 | Perplexity: 32.3603
Batch 43450 | Loss: 3.3963 | Perplexity: 29.8547
Batch 43460 | Loss: 3.4354 | Perplexity: 31.0450
Batch 43470 | Loss: 3.3930 | Perplexity: 29.7540
Batch 43480 | Loss: 3.4672 | Perplexity: 32.0465
Batch 43490 | Loss: 3.4427 | Perplexity: 31.2727
Epoch 86 | Loss: 3.5529 | Perplexity: 34.9130
Batch 43500 | Loss: 3.4508 | Perplexity: 31.5259
Batch 43510 | Loss: 3.4460 | Perplexity: 31.3733
Batch 43520 | Loss: 3.4143 | Perplexity: 30.3970
Batch 43530 | Loss: 3.3740 | Perplexity: 29.1952
Batch 43540 | Loss: 3.4382 | Perplexity: 31.1308
Batch 43550 | Loss: 3.4300 | Perplexity: 30.8769
Batch 43560 | Loss: 3.4116 | Perplexity: 30.3124
Batch 43570 | Loss: 3.3905 | Perplexity: 29.6802
Batch 43580 | Loss: 3.4408 | Perplexity: 31.2127
Batch 43590 | Loss: 3.4563 | Perplexity: 31.6991
Batch 43600 | Loss: 3.4308 | Perplexity: 30.9005
Batch 43610 | Loss: 3.4032 | Perplexity: 30.0597
Batch 43620 | Loss: 3.3892 | Perplexity: 29.6430
Batch 43630 | Loss: 3.3857 | Perplexity: 29.5387
Batch 43640 | Loss: 3.4263 | Perplexity: 30.7617
Batch 43650 | Loss: 3.3547 | Perplexity: 28.6375
Batch 43660 | Loss: 3.4092 | Perplexity: 30.2409
Batch 43670 | Loss: 3.3445 | Perplexity: 28.3474
Batch 43680 | Loss: 3.3838 | Perplexity: 29.4825
Batch 43690 | Loss: 3.4202 | Perplexity: 30.5765
Batch 43700 | Loss: 3.3656 | Perplexity: 28.9501
Batch 43710 | Loss: 3.4284 | Perplexity: 30.8259
Batch 43720 | Loss: 3.4207 | Perplexity: 30.5920
Batch 43730 | Loss: 3.4838 | Perplexity: 32.5842
Batch 43740 | Loss: 3.4847 | Perplexity: 32.6111
Batch 43750 | Loss: 3.4321 | Perplexity: 30.9406
Batch 43760 | Loss: 3.4662 | Perplexity: 32.0162
Batch 43770 | Loss: 3.4865 | Perplexity: 32.6724
Batch 43780 | Loss: 3.4404 | Perplexity: 31.1990
Batch 43790 | Loss: 3.4205 | Perplexity: 30.5860
Batch 43800 | Loss: 3.4679 | Perplexity: 32.0682
Batch 43810 | Loss: 3.4356 | Perplexity: 31.0511
Batch 43820 | Loss: 3.4040 | Perplexity: 30.0839
Batch 43830 | Loss: 3.3786 | Perplexity: 29.3286
Batch 43840 | Loss: 3.3896 | Perplexity: 29.6536
Batch 43850 | Loss: 3.4419 | Perplexity: 31.2464
Batch 43860 | Loss: 3.5179 | Perplexity: 33.7120
Batch 43870 | Loss: 3.4521 | Perplexity: 31.5658
Batch 43880 | Loss: 3.4258 | Perplexity: 30.7463
Batch 43890 | Loss: 3.4163 | Perplexity: 30.4576
Batch 43900 | Loss: 3.4042 | Perplexity: 30.0895
Batch 43910 | Loss: 3.4068 | Perplexity: 30.1700
Batch 43920 | Loss: 3.4035 | Perplexity: 30.0704
Batch 43930 | Loss: 3.4822 | Perplexity: 32.5304
Batch 43940 | Loss: 3.3744 | Perplexity: 29.2069
Batch 43950 | Loss: 3.4427 | Perplexity: 31.2713
Batch 43960 | Loss: 3.4432 | Perplexity: 31.2860
Batch 43970 | Loss: 3.5680 | Perplexity: 35.4464
Batch 43980 | Loss: 3.4257 | Perplexity: 30.7438
Batch 43990 | Loss: 3.4336 | Perplexity: 30.9881
Epoch 87 | Loss: 3.4237 | Perplexity: 30.6830
Batch 44000 | Loss: 3.3940 | Perplexity: 29.7852
Batch 44010 | Loss: 3.3094 | Perplexity: 27.3696
Batch 44020 | Loss: 3.4078 | Perplexity: 30.1993
Batch 44030 | Loss: 3.4001 | Perplexity: 29.9685
Batch 44040 | Loss: 3.3806 | Perplexity: 29.3881
Batch 44050 | Loss: 3.3833 | Perplexity: 29.4673
Batch 44060 | Loss: 3.4465 | Perplexity: 31.3892
Batch 44070 | Loss: 3.3560 | Perplexity: 28.6738
Batch 44080 | Loss: 3.3697 | Perplexity: 29.0693
Batch 44090 | Loss: 3.3875 | Perplexity: 29.5918
Batch 44100 | Loss: 3.4903 | Perplexity: 32.7962
Batch 44110 | Loss: 3.4640 | Perplexity: 31.9437
Batch 44120 | Loss: 3.3994 | Perplexity: 29.9461
Batch 44130 | Loss: 3.4246 | Perplexity: 30.7100
Batch 44140 | Loss: 3.4085 | Perplexity: 30.2187
Batch 44150 | Loss: 3.4245 | Perplexity: 30.7083
Batch 44160 | Loss: 3.4244 | Perplexity: 30.7054
Batch 44170 | Loss: 3.3422 | Perplexity: 28.2807
Batch 44180 | Loss: 3.3559 | Perplexity: 28.6717
Batch 44190 | Loss: 3.3985 | Perplexity: 29.9178
Batch 44200 | Loss: 3.3519 | Perplexity: 28.5560
Batch 44210 | Loss: 3.3931 | Perplexity: 29.7580
Batch 44220 | Loss: 3.4798 | Perplexity: 32.4543
Batch 44230 | Loss: 3.4011 | Perplexity: 29.9959
Batch 44240 | Loss: 3.4786 | Perplexity: 32.4136
Batch 44250 | Loss: 3.4372 | Perplexity: 31.1005
Batch 44260 | Loss: 3.4352 | Perplexity: 31.0368
Batch 44270 | Loss: 3.3279 | Perplexity: 27.8784
Batch 44280 | Loss: 3.4111 | Perplexity: 30.2983
Batch 44290 | Loss: 3.3695 | Perplexity: 29.0630
Batch 44300 | Loss: 3.3960 | Perplexity: 29.8433
Batch 44310 | Loss: 3.4484 | Perplexity: 31.4490
Batch 44320 | Loss: 3.4856 | Perplexity: 32.6426
Batch 44330 | Loss: 3.3322 | Perplexity: 28.0005
Batch 44340 | Loss: 3.3823 | Perplexity: 29.4375
Batch 44350 | Loss: 3.4611 | Perplexity: 31.8528
Batch 44360 | Loss: 3.3920 | Perplexity: 29.7258
Batch 44370 | Loss: 3.4117 | Perplexity: 30.3154
Batch 44380 | Loss: 3.3873 | Perplexity: 29.5848
Batch 44390 | Loss: 3.4084 | Perplexity: 30.2163
Batch 44400 | Loss: 3.4129 | Perplexity: 30.3524
Batch 44410 | Loss: 3.4557 | Perplexity: 31.6817
Batch 44420 | Loss: 3.4220 | Perplexity: 30.6311
Batch 44430 | Loss: 3.4463 | Perplexity: 31.3832
Batch 44440 | Loss: 3.3597 | Perplexity: 28.7799
Batch 44450 | Loss: 3.4556 | Perplexity: 31.6761
Batch 44460 | Loss: 3.4497 | Perplexity: 31.4919
Batch 44470 | Loss: 3.3915 | Perplexity: 29.7095
Batch 44480 | Loss: 3.4375 | Perplexity: 31.1099
Batch 44490 | Loss: 3.4642 | Perplexity: 31.9513
Epoch 88 | Loss: 3.3507 | Perplexity: 28.5218
Batch 44500 | Loss: 3.3844 | Perplexity: 29.4999
Batch 44510 | Loss: 3.3859 | Perplexity: 29.5432
Batch 44520 | Loss: 3.4561 | Perplexity: 31.6925
Batch 44530 | Loss: 3.4256 | Perplexity: 30.7412
Batch 44540 | Loss: 3.5163 | Perplexity: 33.6610
Batch 44550 | Loss: 3.4098 | Perplexity: 30.2581
Batch 44560 | Loss: 3.4025 | Perplexity: 30.0380
Batch 44570 | Loss: 3.4644 | Perplexity: 31.9588
Batch 44580 | Loss: 3.4302 | Perplexity: 30.8829
Batch 44590 | Loss: 3.4615 | Perplexity: 31.8634
Batch 44600 | Loss: 3.4619 | Perplexity: 31.8768
Batch 44610 | Loss: 3.4740 | Perplexity: 32.2640
Batch 44620 | Loss: 3.4135 | Perplexity: 30.3714
Batch 44630 | Loss: 3.4989 | Perplexity: 33.0796
Batch 44640 | Loss: 3.4467 | Perplexity: 31.3955
Batch 44650 | Loss: 3.4842 | Perplexity: 32.5967
Batch 44660 | Loss: 3.4116 | Perplexity: 30.3130
Batch 44670 | Loss: 3.4361 | Perplexity: 31.0664
Batch 44680 | Loss: 3.4188 | Perplexity: 30.5330
Batch 44690 | Loss: 3.3841 | Perplexity: 29.4921
Batch 44700 | Loss: 3.4562 | Perplexity: 31.6963
Batch 44710 | Loss: 3.4646 | Perplexity: 31.9631
Batch 44720 | Loss: 3.4321 | Perplexity: 30.9401
Batch 44730 | Loss: 3.4132 | Perplexity: 30.3636
Batch 44740 | Loss: 3.5045 | Perplexity: 33.2664
Batch 44750 | Loss: 3.4584 | Perplexity: 31.7650
Batch 44760 | Loss: 3.4457 | Perplexity: 31.3642
Batch 44770 | Loss: 3.4125 | Perplexity: 30.3406
Batch 44780 | Loss: 3.4451 | Perplexity: 31.3464
Batch 44790 | Loss: 3.4231 | Perplexity: 30.6656
Batch 44800 | Loss: 3.4774 | Perplexity: 32.3739
Batch 44810 | Loss: 3.3934 | Perplexity: 29.7683
Batch 44820 | Loss: 3.3634 | Perplexity: 28.8871
Batch 44830 | Loss: 3.4168 | Perplexity: 30.4709
Batch 44840 | Loss: 3.4324 | Perplexity: 30.9503
Batch 44850 | Loss: 3.3984 | Perplexity: 29.9164
Batch 44860 | Loss: 3.3830 | Perplexity: 29.4593
Batch 44870 | Loss: 3.4086 | Perplexity: 30.2226
Batch 44880 | Loss: 3.3814 | Perplexity: 29.4125
Batch 44890 | Loss: 3.3713 | Perplexity: 29.1161
Batch 44900 | Loss: 3.4059 | Perplexity: 30.1424
Batch 44910 | Loss: 3.4201 | Perplexity: 30.5738
Batch 44920 | Loss: 3.4250 | Perplexity: 30.7239
Batch 44930 | Loss: 3.4035 | Perplexity: 30.0685
Batch 44940 | Loss: 3.4002 | Perplexity: 29.9708
Batch 44950 | Loss: 3.4191 | Perplexity: 30.5428
Batch 44960 | Loss: 3.4051 | Perplexity: 30.1176
Batch 44970 | Loss: 3.4491 | Perplexity: 31.4720
Batch 44980 | Loss: 3.4729 | Perplexity: 32.2307
Batch 44990 | Loss: 3.3585 | Perplexity: 28.7448
Epoch 89 | Loss: 3.2554 | Perplexity: 25.9303
Batch 45000 | Loss: 3.3853 | Perplexity: 29.5266
Batch 45010 | Loss: 3.3755 | Perplexity: 29.2397
Batch 45020 | Loss: 3.3972 | Perplexity: 29.8813
Batch 45030 | Loss: 3.3904 | Perplexity: 29.6781
Batch 45040 | Loss: 3.4324 | Perplexity: 30.9522
Batch 45050 | Loss: 3.3796 | Perplexity: 29.3597
Batch 45060 | Loss: 3.4325 | Perplexity: 30.9527
Batch 45070 | Loss: 3.3782 | Perplexity: 29.3180
Batch 45080 | Loss: 3.4359 | Perplexity: 31.0603
Batch 45090 | Loss: 3.4948 | Perplexity: 32.9448
Batch 45100 | Loss: 3.3993 | Perplexity: 29.9417
Batch 45110 | Loss: 3.5325 | Perplexity: 34.2100
Batch 45120 | Loss: 3.4269 | Perplexity: 30.7799
Batch 45130 | Loss: 3.3919 | Perplexity: 29.7230
Batch 45140 | Loss: 3.4425 | Perplexity: 31.2653
Batch 45150 | Loss: 3.4365 | Perplexity: 31.0792
Batch 45160 | Loss: 3.4257 | Perplexity: 30.7426
Batch 45170 | Loss: 3.4298 | Perplexity: 30.8697
Batch 45180 | Loss: 3.3902 | Perplexity: 29.6729
Batch 45190 | Loss: 3.4402 | Perplexity: 31.1917
Batch 45200 | Loss: 3.4576 | Perplexity: 31.7413
Batch 45210 | Loss: 3.4765 | Perplexity: 32.3474
Batch 45220 | Loss: 3.5088 | Perplexity: 33.4073
Batch 45230 | Loss: 3.4486 | Perplexity: 31.4574
Batch 45240 | Loss: 3.4003 | Perplexity: 29.9725
Batch 45250 | Loss: 3.4261 | Perplexity: 30.7570
Batch 45260 | Loss: 3.4022 | Perplexity: 30.0314
Batch 45270 | Loss: 3.4399 | Perplexity: 31.1844
Batch 45280 | Loss: 3.3628 | Perplexity: 28.8703
Batch 45290 | Loss: 3.4151 | Perplexity: 30.4212
Batch 45300 | Loss: 3.4141 | Perplexity: 30.3899
Batch 45310 | Loss: 3.4169 | Perplexity: 30.4742
Batch 45320 | Loss: 3.4602 | Perplexity: 31.8228
Batch 45330 | Loss: 3.4779 | Perplexity: 32.3908
Batch 45340 | Loss: 3.3432 | Perplexity: 28.3108
Batch 45350 | Loss: 3.3794 | Perplexity: 29.3541
Batch 45360 | Loss: 3.4607 | Perplexity: 31.8393
Batch 45370 | Loss: 3.4497 | Perplexity: 31.4902
Batch 45380 | Loss: 3.4145 | Perplexity: 30.4006
Batch 45390 | Loss: 3.4578 | Perplexity: 31.7476
Batch 45400 | Loss: 3.5196 | Perplexity: 33.7712
Batch 45410 | Loss: 3.3951 | Perplexity: 29.8182
Batch 45420 | Loss: 3.4823 | Perplexity: 32.5342
Batch 45430 | Loss: 3.3619 | Perplexity: 28.8442
Batch 45440 | Loss: 3.3761 | Perplexity: 29.2576
Batch 45450 | Loss: 3.4009 | Perplexity: 29.9914
Batch 45460 | Loss: 3.5146 | Perplexity: 33.6018
Batch 45470 | Loss: 3.3876 | Perplexity: 29.5959
Batch 45480 | Loss: 3.3905 | Perplexity: 29.6819
Batch 45490 | Loss: 3.4049 | Perplexity: 30.1104
Epoch 90 | Loss: 3.4550 | Perplexity: 31.6598
Succesfully saved parameters to path

